stock_id,stock_name,episode_start_date,cohort_source,dataset,production_market_regime,market_path_state,branch_r_eligible,branch_exclusion_state,momentum_rank,down_survival_ratio,down_survival_ratio_top120_percentile,entry_close,maturity_status,branch_maturity_status,episode_outcome,decision_date,feature_as_of_date,max_source_date,point_in_time_valid
1232,大統益,2026-07-13,EXISTING_PENDING,C,VOLATILE_RANGE,RISK_OFF,True,ELIGIBLE_WEAK_MARKET,76.0,1.0,92.5,151.0,MATURED,MATURED,NEUTRAL,2026-07-13,2026-07-13,2026-07-13,True
1308,亞聚,2026-07-13,EXISTING_PENDING,C,VOLATILE_RANGE,RISK_OFF,True,ELIGIBLE_WEAK_MARKET,69.0,0.25,12.083333333333334,14.8,MATURED,MATURED,LOSER,2026-07-13,2026-07-13,2026-07-13,True
2101,南港,2026-07-13,EXISTING_PENDING,C,VOLATILE_RANGE,RISK_OFF,True,ELIGIBLE_WEAK_MARKET,59.0,1.0,92.5,34.55,MATURED,MATURED,NEUTRAL,2026-07-13,2026-07-13,2026-07-13,True
2321,東訊,2026-07-13,EXISTING_PENDING,C,VOLATILE_RANGE,RISK_OFF,True,ELIGIBLE_WEAK_MARKET,113.0,0.5,36.666666666666664,15.2,MATURED,MATURED,NEUTRAL,2026-07-13,2026-07-13,2026-07-13,True
2374,佳能,2026-07-13,EXISTING_PENDING,C,VOLATILE_RANGE,RISK_OFF,True,ELIGIBLE_WEAK_MARKET,120.0,0.75,68.33333333333333,75.5,MATURED,MATURED,LOSER,2026-07-13,2026-07-13,2026-07-13,True
2482,連宇,2026-07-13,EXISTING_PENDING,C,VOLATILE_RANGE,RISK_OFF,True,ELIGIBLE_WEAK_MARKET,91.0,1.0,92.5,18.2,MATURED,MATURED,NEUTRAL,2026-07-13,2026-07-13,2026-07-13,True
3596,智易,2026-07-13,EXISTING_PENDING,C,VOLATILE_RANGE,RISK_OFF,True,ELIGIBLE_WEAK_MARKET,72.0,0.75,68.33333333333333,197.0,MATURED,MATURED,LOSER,2026-07-13,2026-07-13,2026-07-13,True
3694,海華,2026-07-13,EXISTING_PENDING,C,VOLATILE_RANGE,RISK_OFF,True,ELIGIBLE_WEAK_MARKET,57.0,0.25,12.083333333333334,67.6,MATURED,MATURED,LOSER,2026-07-13,2026-07-13,2026-07-13,True
4564,元翎,2026-07-13,EXISTING_PENDING,C,VOLATILE_RANGE,RISK_OFF,True,ELIGIBLE_WEAK_MARKET,47.0,0.75,68.33333333333333,21.0,MATURED,MATURED,LOSER,2026-07-13,2026-07-13,2026-07-13,True
4764,雙鍵,2026-07-13,EXISTING_PENDING,C,VOLATILE_RANGE,RISK_OFF,True,ELIGIBLE_WEAK_MARKET,38.0,0.75,68.33333333333333,302.5,MATURED,MATURED,NEUTRAL,2026-07-13,2026-07-13,2026-07-13,True
6142,友勁,2026-07-13,EXISTING_PENDING,C,VOLATILE_RANGE,RISK_OFF,True,ELIGIBLE_WEAK_MARKET,81.0,0.5,36.666666666666664,10.65,MATURED,MATURED,NEUTRAL,2026-07-13,2026-07-13,2026-07-13,True
6225,天瀚,2026-07-13,EXISTING_PENDING,C,VOLATILE_RANGE,RISK_OFF,True,ELIGIBLE_WEAK_MARKET,96.0,0.5,36.666666666666664,24.2,MATURED,MATURED,NEUTRAL,2026-07-13,2026-07-13,2026-07-13,True
6533,晶心科,2026-07-13,EXISTING_PENDING,C,VOLATILE_RANGE,RISK_OFF,True,ELIGIBLE_WEAK_MARKET,119.0,0.75,68.33333333333333,210.5,MATURED,MATURED,NEUTRAL,2026-07-13,2026-07-13,2026-07-13,True
6863,永道-KY,2026-07-13,EXISTING_PENDING,C,VOLATILE_RANGE,RISK_OFF,True,ELIGIBLE_WEAK_MARKET,95.0,1.0,92.5,102.0,MATURED,MATURED,WINNER,2026-07-13,2026-07-13,2026-07-13,True
6933,AMAX-KY,2026-07-13,EXISTING_PENDING,C,VOLATILE_RANGE,RISK_OFF,True,ELIGIBLE_WEAK_MARKET,112.0,0.5,36.666666666666664,173.0,MATURED,MATURED,LOSER,2026-07-13,2026-07-13,2026-07-13,True
8442,威宏-KY,2026-07-13,EXISTING_PENDING,C,VOLATILE_RANGE,RISK_OFF,True,ELIGIBLE_WEAK_MARKET,109.0,0.25,12.083333333333334,44.0,MATURED,MATURED,NEUTRAL,2026-07-13,2026-07-13,2026-07-13,True
9925,新保,2026-07-13,EXISTING_PENDING,C,VOLATILE_RANGE,RISK_OFF,True,ELIGIBLE_WEAK_MARKET,70.0,1.0,92.5,41.3,MATURED,MATURED,NEUTRAL,2026-07-13,2026-07-13,2026-07-13,True
9938,百和,2026-07-13,EXISTING_PENDING,C,VOLATILE_RANGE,RISK_OFF,True,ELIGIBLE_WEAK_MARKET,116.0,0.5,36.666666666666664,45.95,MATURED,MATURED,NEUTRAL,2026-07-13,2026-07-13,2026-07-13,True
1410,南染,2026-07-14,EXISTING_PENDING,C,RISK_OFF,RISK_OFF,True,ELIGIBLE_WEAK_MARKET,118.0,0.8,70.41666666666667,26.05,PENDING_DAY10,PENDING_DAY10,,2026-07-14,2026-07-14,2026-07-14,True
1468,昶和,2026-07-14,EXISTING_PENDING,C,RISK_OFF,RISK_OFF,True,ELIGIBLE_WEAK_MARKET,55.0,1.0,91.25,13.35,PENDING_DAY10,PENDING_DAY10,,2026-07-14,2026-07-14,2026-07-14,True
1476,儒鴻,2026-07-14,EXISTING_PENDING,C,RISK_OFF,RISK_OFF,True,ELIGIBLE_WEAK_MARKET,82.0,1.0,91.25,343.5,PENDING_DAY10,PENDING_DAY10,,2026-07-14,2026-07-14,2026-07-14,True
1733,五鼎,2026-07-14,EXISTING_PENDING,C,RISK_OFF,RISK_OFF,True,ELIGIBLE_WEAK_MARKET,30.0,1.0,91.25,30.6,PENDING_DAY10,PENDING_DAY10,,2026-07-14,2026-07-14,2026-07-14,True
1734,杏輝,2026-07-14,EXISTING_PENDING,C,RISK_OFF,RISK_OFF,True,ELIGIBLE_WEAK_MARKET,88.0,1.0,91.25,32.75,PENDING_DAY10,PENDING_DAY10,,2026-07-14,2026-07-14,2026-07-14,True
2006,東和鋼鐵,2026-07-14,EXISTING_PENDING,C,RISK_OFF,RISK_OFF,True,ELIGIBLE_WEAK_MARKET,63.0,0.8,70.41666666666667,70.2,PENDING_DAY10,PENDING_DAY10,,2026-07-14,2026-07-14,2026-07-14,True
2023,燁輝,2026-07-14,EXISTING_PENDING,C,RISK_OFF,RISK_OFF,True,ELIGIBLE_WEAK_MARKET,81.0,0.8,70.41666666666667,14.1,PENDING_DAY10,PENDING_DAY10,,2026-07-14,2026-07-14,2026-07-14,True
2207,和泰車,2026-07-14,EXISTING_PENDING,C,RISK_OFF,RISK_OFF,True,ELIGIBLE_WEAK_MARKET,93.0,0.8,70.41666666666667,480.0,PENDING_DAY10,PENDING_DAY10,,2026-07-14,2026-07-14,2026-07-14,True
2704,國賓,2026-07-14,EXISTING_PENDING,C,RISK_OFF,RISK_OFF,True,ELIGIBLE_WEAK_MARKET,53.0,1.0,91.25,45.55,PENDING_DAY10,PENDING_DAY10,,2026-07-14,2026-07-14,2026-07-14,True
3702,大聯大,2026-07-14,EXISTING_PENDING,C,RISK_OFF,RISK_OFF,True,ELIGIBLE_WEAK_MARKET,105.0,0.8,70.41666666666667,119.5,PENDING_DAY10,PENDING_DAY10,,2026-07-14,2026-07-14,2026-07-14,True
4104,佳醫,2026-07-14,EXISTING_PENDING,C,RISK_OFF,RISK_OFF,True,ELIGIBLE_WEAK_MARKET,111.0,1.0,91.25,71.3,PENDING_DAY10,PENDING_DAY10,,2026-07-14,2026-07-14,2026-07-14,True
4106,雃博,2026-07-14,EXISTING_PENDING,C,RISK_OFF,RISK_OFF,True,ELIGIBLE_WEAK_MARKET,52.0,1.0,91.25,24.85,PENDING_DAY10,PENDING_DAY10,,2026-07-14,2026-07-14,2026-07-14,True
4736,泰博,2026-07-14,EXISTING_PENDING,C,RISK_OFF,RISK_OFF,True,ELIGIBLE_WEAK_MARKET,112.0,1.0,91.25,127.0,PENDING_DAY10,PENDING_DAY10,,2026-07-14,2026-07-14,2026-07-14,True
5306,桂盟,2026-07-14,EXISTING_PENDING,C,RISK_OFF,RISK_OFF,True,ELIGIBLE_WEAK_MARKET,66.0,0.8,70.41666666666667,89.3,PENDING_DAY10,PENDING_DAY10,,2026-07-14,2026-07-14,2026-07-14,True
5525,順天,2026-07-14,EXISTING_PENDING,C,RISK_OFF,RISK_OFF,True,ELIGIBLE_WEAK_MARKET,114.0,0.8,70.41666666666667,22.05,PENDING_DAY10,PENDING_DAY10,,2026-07-14,2026-07-14,2026-07-14,True
5538,東明-KY,2026-07-14,EXISTING_PENDING,C,RISK_OFF,RISK_OFF,True,ELIGIBLE_WEAK_MARKET,90.0,0.8,70.41666666666667,33.45,PENDING_DAY10,PENDING_DAY10,,2026-07-14,2026-07-14,2026-07-14,True
6534,正瀚-創,2026-07-14,EXISTING_PENDING,C,RISK_OFF,RISK_OFF,True,ELIGIBLE_WEAK_MARKET,100.0,1.0,91.25,93.5,PENDING_DAY10,PENDING_DAY10,,2026-07-14,2026-07-14,2026-07-14,True
8411,福貞-KY,2026-07-14,EXISTING_PENDING,C,RISK_OFF,RISK_OFF,True,ELIGIBLE_WEAK_MARKET,77.0,1.0,91.25,12.65,PENDING_DAY10,PENDING_DAY10,,2026-07-14,2026-07-14,2026-07-14,True
8462,柏文,2026-07-14,EXISTING_PENDING,C,RISK_OFF,RISK_OFF,True,ELIGIBLE_WEAK_MARKET,1.0,1.0,91.25,167.0,PENDING_DAY10,PENDING_DAY10,,2026-07-14,2026-07-14,2026-07-14,True
8481,政伸,2026-07-14,EXISTING_PENDING,C,RISK_OFF,RISK_OFF,True,ELIGIBLE_WEAK_MARKET,106.0,1.0,91.25,42.4,PENDING_DAY10,PENDING_DAY10,,2026-07-14,2026-07-14,2026-07-14,True
910322,康師傅-DR,2026-07-14,EXISTING_PENDING,C,RISK_OFF,RISK_OFF,True,ELIGIBLE_WEAK_MARKET,98.0,0.8,70.41666666666667,22.95,PENDING_DAY10,PENDING_DAY10,,2026-07-14,2026-07-14,2026-07-14,True
2015,豐興,2026-07-15,EXISTING_PENDING,C,RISK_OFF,RISK_OFF,True,ELIGIBLE_WEAK_MARKET,119.0,0.8,69.16666666666667,64.0,PENDING_DAY10,PENDING_DAY10,,2026-07-15,2026-07-15,2026-07-15,True
6464,台數科,2026-07-15,EXISTING_PENDING,C,RISK_OFF,RISK_OFF,True,ELIGIBLE_WEAK_MARKET,106.0,1.0,92.08333333333331,78.7,PENDING_DAY10,PENDING_DAY10,,2026-07-15,2026-07-15,2026-07-15,True
6598,ABC-KY,2026-07-15,EXISTING_PENDING,C,RISK_OFF,RISK_OFF,True,ELIGIBLE_WEAK_MARKET,26.0,0.8,69.16666666666667,26.15,PENDING_DAY10,PENDING_DAY10,,2026-07-15,2026-07-15,2026-07-15,True
6669,緯穎,2026-07-15,EXISTING_PENDING,C,RISK_OFF,RISK_OFF,True,ELIGIBLE_WEAK_MARKET,75.0,0.8,69.16666666666667,5095.0,PENDING_DAY10,PENDING_DAY10,,2026-07-15,2026-07-15,2026-07-15,True
6887,寶綠特-KY,2026-07-15,EXISTING_PENDING,C,RISK_OFF,RISK_OFF,True,ELIGIBLE_WEAK_MARKET,103.0,0.6,39.166666666666664,39.7,PENDING_DAY10,PENDING_DAY10,,2026-07-15,2026-07-15,2026-07-15,True
8478,東哥遊艇,2026-07-15,EXISTING_PENDING,C,RISK_OFF,RISK_OFF,True,ELIGIBLE_WEAK_MARKET,114.0,0.6,39.166666666666664,156.0,PENDING_DAY10,PENDING_DAY10,,2026-07-15,2026-07-15,2026-07-15,True
8499,鼎炫-KY,2026-07-15,EXISTING_PENDING,C,RISK_OFF,RISK_OFF,True,ELIGIBLE_WEAK_MARKET,117.0,0.4,15.0,302.0,PENDING_DAY10,PENDING_DAY10,,2026-07-15,2026-07-15,2026-07-15,True
9927,泰銘,2026-07-15,EXISTING_PENDING,C,RISK_OFF,RISK_OFF,True,ELIGIBLE_WEAK_MARKET,110.0,1.0,92.08333333333331,69.8,PENDING_DAY10,PENDING_DAY10,,2026-07-15,2026-07-15,2026-07-15,True
00715L,期街口布蘭特正2,2026-07-16,EXISTING_PENDING,C,RISK_OFF,RISK_OFF,True,ELIGIBLE_WEAK_MARKET,66.0,0.6666666666666666,47.91666666666667,43.3,PENDING_DAY10,PENDING_DAY10,,2026-07-16,2026-07-16,2026-07-16,True
00916,國泰全球品牌50,2026-07-16,EXISTING_PENDING,C,RISK_OFF,RISK_OFF,True,ELIGIBLE_WEAK_MARKET,95.0,1.0,94.16666666666669,26.77,PENDING_DAY10,PENDING_DAY10,,2026-07-16,2026-07-16,2026-07-16,True
1101,台泥,2026-07-16,EXISTING_PENDING,C,RISK_OFF,RISK_OFF,True,ELIGIBLE_WEAK_MARKET,115.0,0.8333333333333334,74.58333333333333,23.95,PENDING_DAY10,PENDING_DAY10,,2026-07-16,2026-07-16,2026-07-16,True
1103,嘉泥,2026-07-16,EXISTING_PENDING,C,RISK_OFF,RISK_OFF,True,ELIGIBLE_WEAK_MARKET,117.0,1.0,94.16666666666669,13.65,PENDING_DAY10,PENDING_DAY10,,2026-07-16,2026-07-16,2026-07-16,True
1110,東泥,2026-07-16,EXISTING_PENDING,C,RISK_OFF,RISK_OFF,True,ELIGIBLE_WEAK_MARKET,62.0,0.6666666666666666,47.91666666666667,16.1,PENDING_DAY10,PENDING_DAY10,,2026-07-16,2026-07-16,2026-07-16,True
1436,華友聯,2026-07-16,EXISTING_PENDING,C,RISK_OFF,RISK_OFF,True,ELIGIBLE_WEAK_MARKET,113.0,1.0,94.16666666666669,46.0,PENDING_DAY10,PENDING_DAY10,,2026-07-16,2026-07-16,2026-07-16,True
1439,雋揚,2026-07-16,EXISTING_PENDING,C,RISK_OFF,RISK_OFF,True,ELIGIBLE_WEAK_MARKET,41.0,0.5,24.583333333333332,26.45,PENDING_DAY10,PENDING_DAY10,,2026-07-16,2026-07-16,2026-07-16,True
1442,名軒,2026-07-16,EXISTING_PENDING,C,RISK_OFF,RISK_OFF,True,ELIGIBLE_WEAK_MARKET,89.0,1.0,94.16666666666669,29.4,PENDING_DAY10,PENDING_DAY10,,2026-07-16,2026-07-16,2026-07-16,True
1732,毛寶,2026-07-16,EXISTING_PENDING,C,RISK_OFF,RISK_OFF,True,ELIGIBLE_WEAK_MARKET,76.0,0.8333333333333334,74.58333333333333,26.5,PENDING_DAY10,PENDING_DAY10,,2026-07-16,2026-07-16,2026-07-16,True
2459,敦吉,2026-07-16,EXISTING_PENDING,C,RISK_OFF,RISK_OFF,True,ELIGIBLE_WEAK_MARKET,50.0,1.0,94.16666666666669,67.2,PENDING_DAY10,PENDING_DAY10,,2026-07-16,2026-07-16,2026-07-16,True
2524,京城,2026-07-16,EXISTING_PENDING,C,RISK_OFF,RISK_OFF,True,ELIGIBLE_WEAK_MARKET,88.0,0.8333333333333334,74.58333333333333,38.45,PENDING_DAY10,PENDING_DAY10,,2026-07-16,2026-07-16,2026-07-16,True
3266,昇陽,2026-07-16,EXISTING_PENDING,C,RISK_OFF,RISK_OFF,True,ELIGIBLE_WEAK_MARKET,97.0,0.8333333333333334,74.58333333333333,14.0,PENDING_DAY10,PENDING_DAY10,,2026-07-16,2026-07-16,2026-07-16,True
6789,采鈺,2026-07-16,EXISTING_PENDING,C,RISK_OFF,RISK_OFF,True,ELIGIBLE_WEAK_MARKET,73.0,0.1666666666666666,1.6666666666666667,526.0,PENDING_DAY10,PENDING_DAY10,,2026-07-16,2026-07-16,2026-07-16,True
8404,百和興業-KY,2026-07-16,EXISTING_PENDING,C,RISK_OFF,RISK_OFF,True,ELIGIBLE_WEAK_MARKET,107.0,0.8333333333333334,74.58333333333333,17.05,PENDING_DAY10,PENDING_DAY10,,2026-07-16,2026-07-16,2026-07-16,True
OilGasElectricity,油電燃氣類指數,2026-07-16,EXISTING_PENDING,C,RISK_OFF,RISK_OFF,True,ELIGIBLE_WEAK_MARKET,118.0,0.6666666666666666,47.91666666666667,108.62,PENDING_DAY10,PENDING_DAY10,,2026-07-16,2026-07-16,2026-07-16,True
00632R,元大台灣50反1,2026-07-17,EXISTING_PENDING,C,RISK_OFF,RISK_OFF,True,ELIGIBLE_WEAK_MARKET,83.0,0.8333333333333334,58.333333333333336,10.83,PENDING_DAY10,PENDING_DAY10,,2026-07-17,2026-07-17,2026-07-17,True
00642U,期元大S&P石油,2026-07-17,EXISTING_PENDING,C,RISK_OFF,RISK_OFF,True,ELIGIBLE_WEAK_MARKET,71.0,0.6666666666666666,35.833333333333336,25.9,PENDING_DAY10,PENDING_DAY10,,2026-07-17,2026-07-17,2026-07-17,True
00664R,國泰臺灣加權反1,2026-07-17,EXISTING_PENDING,C,RISK_OFF,RISK_OFF,True,ELIGIBLE_WEAK_MARKET,76.0,1.0,84.58333333333333,1.74,PENDING_DAY10,PENDING_DAY10,,2026-07-17,2026-07-17,2026-07-17,True
00676R,富邦臺灣加權反1,2026-07-17,EXISTING_PENDING,C,RISK_OFF,RISK_OFF,True,ELIGIBLE_WEAK_MARKET,78.0,1.0,84.58333333333333,5.97,PENDING_DAY10,PENDING_DAY10,,2026-07-17,2026-07-17,2026-07-17,True
1201,味全,2026-07-17,EXISTING_PENDING,C,RISK_OFF,RISK_OFF,True,ELIGIBLE_WEAK_MARKET,63.0,1.0,84.58333333333333,12.6,PENDING_DAY10,PENDING_DAY10,,2026-07-17,2026-07-17,2026-07-17,True
1231,聯華食,2026-07-17,EXISTING_PENDING,C,RISK_OFF,RISK_OFF,True,ELIGIBLE_WEAK_MARKET,18.0,1.0,84.58333333333333,90.6,PENDING_DAY10,PENDING_DAY10,,2026-07-17,2026-07-17,2026-07-17,True
1323,永裕,2026-07-17,EXISTING_PENDING,C,RISK_OFF,RISK_OFF,True,ELIGIBLE_WEAK_MARKET,112.0,1.0,84.58333333333333,20.2,PENDING_DAY10,PENDING_DAY10,,2026-07-17,2026-07-17,2026-07-17,True
2008,高興昌,2026-07-17,EXISTING_PENDING,C,RISK_OFF,RISK_OFF,True,ELIGIBLE_WEAK_MARKET,81.0,0.6666666666666666,35.833333333333336,31.05,PENDING_DAY10,PENDING_DAY10,,2026-07-17,2026-07-17,2026-07-17,True
2024,志聯,2026-07-17,EXISTING_PENDING,C,RISK_OFF,RISK_OFF,True,ELIGIBLE_WEAK_MARKET,119.0,1.0,84.58333333333333,14.0,PENDING_DAY10,PENDING_DAY10,,2026-07-17,2026-07-17,2026-07-17,True
2105,正新,2026-07-17,EXISTING_PENDING,C,RISK_OFF,RISK_OFF,True,ELIGIBLE_WEAK_MARKET,15.0,1.0,84.58333333333333,33.6,PENDING_DAY10,PENDING_DAY10,,2026-07-17,2026-07-17,2026-07-17,True
2115,六暉-KY,2026-07-17,EXISTING_PENDING,C,RISK_OFF,RISK_OFF,True,ELIGIBLE_WEAK_MARKET,68.0,0.8333333333333334,58.333333333333336,21.7,PENDING_DAY10,PENDING_DAY10,,2026-07-17,2026-07-17,2026-07-17,True
2608,嘉里大榮,2026-07-17,EXISTING_PENDING,C,RISK_OFF,RISK_OFF,True,ELIGIBLE_WEAK_MARKET,88.0,0.8333333333333334,58.333333333333336,29.4,PENDING_DAY10,PENDING_DAY10,,2026-07-17,2026-07-17,2026-07-17,True
2929,淘帝-KY,2026-07-17,EXISTING_PENDING,C,RISK_OFF,RISK_OFF,True,ELIGIBLE_WEAK_MARKET,97.0,0.6666666666666666,35.833333333333336,5.88,PENDING_DAY10,PENDING_DAY10,,2026-07-17,2026-07-17,2026-07-17,True
3024,憶聲,2026-07-17,EXISTING_PENDING,C,RISK_OFF,RISK_OFF,True,ELIGIBLE_WEAK_MARKET,104.0,1.0,84.58333333333333,14.2,PENDING_DAY10,PENDING_DAY10,,2026-07-17,2026-07-17,2026-07-17,True
4582,聚恆-創,2026-07-17,EXISTING_PENDING,C,RISK_OFF,RISK_OFF,True,ELIGIBLE_WEAK_MARKET,111.0,0.8333333333333334,58.333333333333336,27.8,PENDING_DAY10,PENDING_DAY10,,2026-07-17,2026-07-17,2026-07-17,True
6937,天虹,2026-07-17,EXISTING_PENDING,C,RISK_OFF,RISK_OFF,True,ELIGIBLE_WEAK_MARKET,113.0,0.5,18.333333333333332,269.0,PENDING_DAY10,PENDING_DAY10,,2026-07-17,2026-07-17,2026-07-17,True
00665L,富邦恒生國企正2,2026-07-20,EXISTING_PENDING,C,RISK_OFF,RISK_OFF,True,ELIGIBLE_WEAK_MARKET,41.0,0.7142857142857143,43.333333333333336,9.37,PENDING_DAY10,PENDING_DAY10,,2026-07-20,2026-07-20,2026-07-20,True
00686R,群益臺灣加權反1,2026-07-20,EXISTING_PENDING,C,RISK_OFF,RISK_OFF,True,ELIGIBLE_WEAK_MARKET,118.0,0.8571428571428571,65.41666666666667,1.08,PENDING_DAY10,PENDING_DAY10,,2026-07-20,2026-07-20,2026-07-20,True
1220,台榮,2026-07-20,EXISTING_PENDING,C,RISK_OFF,RISK_OFF,True,ELIGIBLE_WEAK_MARKET,110.0,0.8571428571428571,65.41666666666667,11.4,PENDING_DAY10,PENDING_DAY10,,2026-07-20,2026-07-20,2026-07-20,True
1233,天仁,2026-07-20,EXISTING_PENDING,C,RISK_OFF,RISK_OFF,True,ELIGIBLE_WEAK_MARKET,87.0,1.0,89.16666666666667,29.0,PENDING_DAY10,PENDING_DAY10,,2026-07-20,2026-07-20,2026-07-20,True
1235,興泰,2026-07-20,EXISTING_PENDING,C,RISK_OFF,RISK_OFF,True,ELIGIBLE_WEAK_MARKET,113.0,1.0,89.16666666666667,37.4,PENDING_DAY10,PENDING_DAY10,,2026-07-20,2026-07-20,2026-07-20,True
1614,三洋電,2026-07-20,EXISTING_PENDING,C,RISK_OFF,RISK_OFF,True,ELIGIBLE_WEAK_MARKET,86.0,0.5714285714285714,25.0,31.1,PENDING_DAY10,PENDING_DAY10,,2026-07-20,2026-07-20,2026-07-20,True
2762,世界健身-KY,2026-07-20,EXISTING_PENDING,C,RISK_OFF,RISK_OFF,True,ELIGIBLE_WEAK_MARKET,28.0,1.0,89.16666666666667,85.5,PENDING_DAY10,PENDING_DAY10,,2026-07-20,2026-07-20,2026-07-20,True
3679,新至陞,2026-07-20,EXISTING_PENDING,C,RISK_OFF,RISK_OFF,True,ELIGIBLE_WEAK_MARKET,108.0,0.7142857142857143,43.333333333333336,109.0,PENDING_DAY10,PENDING_DAY10,,2026-07-20,2026-07-20,2026-07-20,True
4770,上品,2026-07-20,EXISTING_PENDING,C,RISK_OFF,RISK_OFF,True,ELIGIBLE_WEAK_MARKET,111.0,0.8571428571428571,65.41666666666667,220.0,PENDING_DAY10,PENDING_DAY10,,2026-07-20,2026-07-20,2026-07-20,True
6281,全國電,2026-07-20,EXISTING_PENDING,C,RISK_OFF,RISK_OFF,True,ELIGIBLE_WEAK_MARKET,100.0,0.8571428571428571,65.41666666666667,51.4,PENDING_DAY10,PENDING_DAY10,,2026-07-20,2026-07-20,2026-07-20,True
6969,成信實業*-創,2026-07-20,EXISTING_PENDING,C,RISK_OFF,RISK_OFF,True,ELIGIBLE_WEAK_MARKET,96.0,0.2857142857142857,5.833333333333333,26.4,PENDING_DAY10,PENDING_DAY10,,2026-07-20,2026-07-20,2026-07-20,True
7740,熙特爾-創,2026-07-20,EXISTING_PENDING,C,RISK_OFF,RISK_OFF,True,ELIGIBLE_WEAK_MARKET,79.0,0.5714285714285714,25.0,159.5,PENDING_DAY10,PENDING_DAY10,,2026-07-20,2026-07-20,2026-07-20,True
8367,建新國際,2026-07-20,EXISTING_PENDING,C,RISK_OFF,RISK_OFF,True,ELIGIBLE_WEAK_MARKET,80.0,0.8571428571428571,65.41666666666667,40.7,PENDING_DAY10,PENDING_DAY10,,2026-07-20,2026-07-20,2026-07-20,True
9939,宏全,2026-07-20,EXISTING_PENDING,C,RISK_OFF,RISK_OFF,True,ELIGIBLE_WEAK_MARKET,107.0,0.8571428571428571,65.41666666666667,128.5,PENDING_DAY10,PENDING_DAY10,,2026-07-20,2026-07-20,2026-07-20,True
00753L,中信中國50正2,2026-07-21,EXISTING_PENDING,C,RISK_OFF,RISK_OFF,True,ELIGIBLE_WEAK_MARKET,49.0,0.6666666666666666,44.166666666666664,9.55,PENDING_DAY10,PENDING_DAY10,,2026-07-21,2026-07-21,2026-07-21,True
2029,盛餘,2026-07-21,EXISTING_PENDING,C,RISK_OFF,RISK_OFF,True,ELIGIBLE_WEAK_MARKET,72.0,0.8333333333333334,71.25,20.75,PENDING_DAY10,PENDING_DAY10,,2026-07-21,2026-07-21,2026-07-21,True
2347,聯強,2026-07-21,EXISTING_PENDING,C,RISK_OFF,RISK_OFF,True,ELIGIBLE_WEAK_MARKET,107.0,0.6666666666666666,44.166666666666664,85.3,PENDING_DAY10,PENDING_DAY10,,2026-07-21,2026-07-21,2026-07-21,True
8045,達運光電,2026-07-21,EXISTING_PENDING,C,RISK_OFF,RISK_OFF,True,ELIGIBLE_WEAK_MARKET,78.0,0.5,22.5,66.5,PENDING_DAY10,PENDING_DAY10,,2026-07-21,2026-07-21,2026-07-21,True
9103,美德醫療-DR,2026-07-21,EXISTING_PENDING,C,RISK_OFF,RISK_OFF,True,ELIGIBLE_WEAK_MARKET,92.0,0.3333333333333333,9.166666666666666,5.29,PENDING_DAY10,PENDING_DAY10,,2026-07-21,2026-07-21,2026-07-21,True
9924,福興,2026-07-21,EXISTING_PENDING,C,RISK_OFF,RISK_OFF,True,ELIGIBLE_WEAK_MARKET,111.0,0.8333333333333334,71.25,40.25,PENDING_DAY10,PENDING_DAY10,,2026-07-21,2026-07-21,2026-07-21,True
00636,國泰中國A50,2026-07-22,EXISTING_PENDING,C,RISK_OFF,RISK_OFF,True,ELIGIBLE_WEAK_MARKET,89.0,0.8,59.166666666666664,29.1,PENDING_DAY10,PENDING_DAY10,,2026-07-22,2026-07-22,2026-07-22,True
00669R,國泰美國道瓊反1,2026-07-22,EXISTING_PENDING,C,RISK_OFF,RISK_OFF,True,ELIGIBLE_WEAK_MARKET,118.0,1.0,89.16666666666667,5.32,PENDING_DAY10,PENDING_DAY10,,2026-07-22,2026-07-22,2026-07-22,True
00693U,期街口S&P黃豆,2026-07-22,EXISTING_PENDING,C,RISK_OFF,RISK_OFF,True,ELIGIBLE_WEAK_MARKET,20.0,1.0,89.16666666666667,22.38,PENDING_DAY10,PENDING_DAY10,,2026-07-22,2026-07-22,2026-07-22,True
00700,富邦恒生國企,2026-07-22,EXISTING_PENDING,C,RISK_OFF,RISK_OFF,True,ELIGIBLE_WEAK_MARKET,51.0,1.0,89.16666666666667,17.16,PENDING_DAY10,PENDING_DAY10,,2026-07-22,2026-07-22,2026-07-22,True
00702,國泰標普低波高息,2026-07-22,EXISTING_PENDING,C,RISK_OFF,RISK_OFF,True,ELIGIBLE_WEAK_MARKET,97.0,0.8,59.166666666666664,24.85,PENDING_DAY10,PENDING_DAY10,,2026-07-22,2026-07-22,2026-07-22,True
00709,富邦歐洲,2026-07-22,EXISTING_PENDING,C,RISK_OFF,RISK_OFF,True,ELIGIBLE_WEAK_MARKET,42.0,1.0,89.16666666666667,40.98,PENDING_DAY10,PENDING_DAY10,,2026-07-22,2026-07-22,2026-07-22,True
00710B,復華彭博非投等債,2026-07-22,EXISTING_PENDING,C,RISK_OFF,RISK_OFF,True,ELIGIBLE_WEAK_MARKET,114.0,1.0,89.16666666666667,19.31,PENDING_DAY10,PENDING_DAY10,,2026-07-22,2026-07-22,2026-07-22,True
00752,中信中國50,2026-07-22,EXISTING_PENDING,C,RISK_OFF,RISK_OFF,True,ELIGIBLE_WEAK_MARKET,106.0,1.0,89.16666666666667,23.04,PENDING_DAY10,PENDING_DAY10,,2026-07-22,2026-07-22,2026-07-22,True
00763U,期街口道瓊銅,2026-07-22,EXISTING_PENDING,C,RISK_OFF,RISK_OFF,True,ELIGIBLE_WEAK_MARKET,54.0,0.8,59.166666666666664,34.74,PENDING_DAY10,PENDING_DAY10,,2026-07-22,2026-07-22,2026-07-22,True
00917,中信特選金融,2026-07-22,EXISTING_PENDING,C,RISK_OFF,RISK_OFF,True,ELIGIBLE_WEAK_MARKET,49.0,0.8,59.166666666666664,23.67,PENDING_DAY10,PENDING_DAY10,,2026-07-22,2026-07-22,2026-07-22,True
00924,復華S&P500成長,2026-07-22,EXISTING_PENDING,C,RISK_OFF,RISK_OFF,True,ELIGIBLE_WEAK_MARKET,84.0,1.0,89.16666666666667,32.79,PENDING_DAY10,PENDING_DAY10,,2026-07-22,2026-07-22,2026-07-22,True
00926,凱基全球菁英55,2026-07-22,EXISTING_PENDING,C,RISK_OFF,RISK_OFF,True,ELIGIBLE_WEAK_MARKET,70.0,1.0,89.16666666666667,25.72,PENDING_DAY10,PENDING_DAY10,,2026-07-22,2026-07-22,2026-07-22,True
00945B,凱基美國非投等債,2026-07-22,EXISTING_PENDING,C,RISK_OFF,RISK_OFF,True,ELIGIBLE_WEAK_MARKET,88.0,0.8,59.166666666666664,14.68,PENDING_DAY10,PENDING_DAY10,,2026-07-22,2026-07-22,2026-07-22,True
00953B,群益優選非投等債,2026-07-22,EXISTING_PENDING,C,RISK_OFF,RISK_OFF,True,ELIGIBLE_WEAK_MARKET,93.0,1.0,89.16666666666667,9.82,PENDING_DAY10,PENDING_DAY10,,2026-07-22,2026-07-22,2026-07-22,True
00956,中信日經高股息,2026-07-22,EXISTING_PENDING,C,RISK_OFF,RISK_OFF,True,ELIGIBLE_WEAK_MARKET,90.0,0.8,59.166666666666664,12.68,PENDING_DAY10,PENDING_DAY10,,2026-07-22,2026-07-22,2026-07-22,True
00960,野村全球航運龍頭,2026-07-22,EXISTING_PENDING,C,RISK_OFF,RISK_OFF,True,ELIGIBLE_WEAK_MARKET,28.0,0.6,29.166666666666668,18.4,PENDING_DAY10,PENDING_DAY10,,2026-07-22,2026-07-22,2026-07-22,True
00961,FT臺灣永續高息,2026-07-22,EXISTING_PENDING,C,RISK_OFF,RISK_OFF,True,ELIGIBLE_WEAK_MARKET,117.0,0.8,59.166666666666664,12.69,PENDING_DAY10,PENDING_DAY10,,2026-07-22,2026-07-22,2026-07-22,True
00972,野村日本動能高息,2026-07-22,EXISTING_PENDING,C,RISK_OFF,RISK_OFF,True,ELIGIBLE_WEAK_MARKET,82.0,0.8,59.166666666666664,20.73,PENDING_DAY10,PENDING_DAY10,,2026-07-22,2026-07-22,2026-07-22,True
009810,玉山全球藍籌100,2026-07-22,EXISTING_PENDING,C,RISK_OFF,RISK_OFF,True,ELIGIBLE_WEAK_MARKET,91.0,1.0,89.16666666666667,20.93,PENDING_DAY10,PENDING_DAY10,,2026-07-22,2026-07-22,2026-07-22,True
009811,統一美國50,2026-07-22,EXISTING_PENDING,C,RISK_OFF,RISK_OFF,True,ELIGIBLE_WEAK_MARKET,112.0,1.0,89.16666666666667,13.18,PENDING_DAY10,PENDING_DAY10,,2026-07-22,2026-07-22,2026-07-22,True
009813,貝萊德標普卓越50,2026-07-22,EXISTING_PENDING,C,RISK_OFF,RISK_OFF,True,ELIGIBLE_WEAK_MARKET,116.0,1.0,89.16666666666667,11.25,PENDING_DAY10,PENDING_DAY10,,2026-07-22,2026-07-22,2026-07-22,True
009817,國泰日本不動產,2026-07-22,EXISTING_PENDING,C,RISK_OFF,RISK_OFF,True,ELIGIBLE_WEAK_MARKET,85.0,0.8,59.166666666666664,9.21,PENDING_DAY10,PENDING_DAY10,,2026-07-22,2026-07-22,2026-07-22,True
1463,強盛新,2026-07-22,EXISTING_PENDING,C,RISK_OFF,RISK_OFF,True,ELIGIBLE_WEAK_MARKET,66.0,0.8,59.166666666666664,17.95,PENDING_DAY10,PENDING_DAY10,,2026-07-22,2026-07-22,2026-07-22,True
3665,貿聯-KY,2026-07-22,EXISTING_PENDING,C,RISK_OFF,RISK_OFF,True,ELIGIBLE_WEAK_MARKET,119.0,0.4,11.25,2115.0,PENDING_DAY10,PENDING_DAY10,,2026-07-22,2026-07-22,2026-07-22,True
3669,圓展,2026-07-22,EXISTING_PENDING,C,RISK_OFF,RISK_OFF,True,ELIGIBLE_WEAK_MARKET,63.0,0.4,11.25,36.4,PENDING_DAY10,PENDING_DAY10,,2026-07-22,2026-07-22,2026-07-22,True
00640L,富邦日本正2,2026-07-23,EXISTING_PENDING,C,RISK_OFF,RISK_OFF,True,ELIGIBLE_WEAK_MARKET,97.0,0.4,14.583333333333334,106.5,PENDING_DAY10,PENDING_DAY10,,2026-07-23,2026-07-23,2026-07-23,True
00650L,復華香港正2,2026-07-23,EXISTING_PENDING,C,RISK_OFF,RISK_OFF,True,ELIGIBLE_WEAK_MARKET,92.0,0.8,64.16666666666667,17.01,PENDING_DAY10,PENDING_DAY10,,2026-07-23,2026-07-23,2026-07-23,True
00882,中信中國高股息,2026-07-23,EXISTING_PENDING,C,RISK_OFF,RISK_OFF,True,ELIGIBLE_WEAK_MARKET,108.0,0.8,64.16666666666667,15.13,PENDING_DAY10,PENDING_DAY10,,2026-07-23,2026-07-23,2026-07-23,True
1325,恆大,2026-07-23,EXISTING_PENDING,C,RISK_OFF,RISK_OFF,True,ELIGIBLE_WEAK_MARKET,99.0,1.0,90.83333333333331,28.25,PENDING_DAY10,PENDING_DAY10,,2026-07-23,2026-07-23,2026-07-23,True
1418,東華,2026-07-23,EXISTING_PENDING,C,RISK_OFF,RISK_OFF,True,ELIGIBLE_WEAK_MARKET,35.0,0.8,64.16666666666667,19.25,PENDING_DAY10,PENDING_DAY10,,2026-07-23,2026-07-23,2026-07-23,True
6504,南六,2026-07-23,EXISTING_PENDING,C,RISK_OFF,RISK_OFF,True,ELIGIBLE_WEAK_MARKET,69.0,0.8,64.16666666666667,38.4,PENDING_DAY10,PENDING_DAY10,,2026-07-23,2026-07-23,2026-07-23,True
8271,宇瞻,2026-07-23,EXISTING_PENDING,C,RISK_OFF,RISK_OFF,True,ELIGIBLE_WEAK_MARKET,65.0,0.6,35.0,210.0,PENDING_DAY10,PENDING_DAY10,,2026-07-23,2026-07-23,2026-07-23,True
00681R,元大美債20反1,2026-07-24,EXISTING_PENDING,C,RISK_OFF,RISK_OFF,True,ELIGIBLE_WEAK_MARKET,117.0,0.4,15.833333333333332,21.72,PENDING_DAY10,PENDING_DAY10,,2026-07-24,2026-07-24,2026-07-24,True
2002,中鋼,2026-07-24,EXISTING_PENDING,C,RISK_OFF,RISK_OFF,True,ELIGIBLE_WEAK_MARKET,65.0,0.8,64.58333333333334,19.15,PENDING_DAY10,PENDING_DAY10,,2026-07-24,2026-07-24,2026-07-24,True
2385,群光,2026-07-24,EXISTING_PENDING,C,RISK_OFF,RISK_OFF,True,ELIGIBLE_WEAK_MARKET,104.0,1.0,91.25,106.5,PENDING_DAY10,PENDING_DAY10,,2026-07-24,2026-07-24,2026-07-24,True
2605,新興,2026-07-24,EXISTING_PENDING,C,RISK_OFF,RISK_OFF,True,ELIGIBLE_WEAK_MARKET,73.0,0.4,15.833333333333332,32.3,PENDING_DAY10,PENDING_DAY10,,2026-07-24,2026-07-24,2026-07-24,True
2609,陽明,2026-07-24,EXISTING_PENDING,C,RISK_OFF,RISK_OFF,True,ELIGIBLE_WEAK_MARKET,112.0,0.8,64.58333333333334,51.5,PENDING_DAY10,PENDING_DAY10,,2026-07-24,2026-07-24,2026-07-24,True
2616,山隆,2026-07-24,EXISTING_PENDING,C,RISK_OFF,RISK_OFF,True,ELIGIBLE_WEAK_MARKET,102.0,1.0,91.25,13.9,PENDING_DAY10,PENDING_DAY10,,2026-07-24,2026-07-24,2026-07-24,True
2701,萬企,2026-07-24,EXISTING_PENDING,C,RISK_OFF,RISK_OFF,True,ELIGIBLE_WEAK_MARKET,111.0,1.0,91.25,10.8,PENDING_DAY10,PENDING_DAY10,,2026-07-24,2026-07-24,2026-07-24,True
2712,遠雄來,2026-07-24,EXISTING_PENDING,C,RISK_OFF,RISK_OFF,True,ELIGIBLE_WEAK_MARKET,86.0,0.8,64.58333333333334,15.0,PENDING_DAY10,PENDING_DAY10,,2026-07-24,2026-07-24,2026-07-24,True
7765,中華資安,2026-07-24,EXISTING_PENDING,C,RISK_OFF,RISK_OFF,True,ELIGIBLE_WEAK_MARKET,95.0,1.0,91.25,227.0,PENDING_DAY10,PENDING_DAY10,,2026-07-24,2026-07-24,2026-07-24,True
9919,康那香,2026-07-24,EXISTING_PENDING,C,RISK_OFF,RISK_OFF,True,ELIGIBLE_WEAK_MARKET,100.0,0.6,36.666666666666664,14.3,PENDING_DAY10,PENDING_DAY10,,2026-07-24,2026-07-24,2026-07-24,True
