stock_id,stock_name,episode_start_date,cohort_source,dataset,production_market_regime,market_path_state,momentum_rank,entry_close,episode_outcome,maturity_status,available_forward_sessions,branch_n_eligible,outcome_maturity_status,day0_state,decision_date,feature_as_of_date,max_source_date,point_in_time_valid,input_status,confirmation_date,day1_c_pass,state,promotion_reference_close,predicate_trace,missing_required_feature
1232,大統益,2026-07-13,EXISTING_PENDING,C,VOLATILE_RANGE,RISK_OFF,76.0,151.0,NEUTRAL,EXCLUDED_NON_NORMAL,10,False,MATURED,EXCLUDED_NON_NORMAL,2026-07-13,2026-07-13,2026-07-13,True,RECONSTRUCTED_NOT_PRODUCTION_EXACT,,,EXCLUDED_NON_NORMAL,,"[""market_path_state != NORMAL""]",False
1308,亞聚,2026-07-13,EXISTING_PENDING,C,VOLATILE_RANGE,RISK_OFF,69.0,14.8,LOSER,EXCLUDED_NON_NORMAL,10,False,MATURED,EXCLUDED_NON_NORMAL,2026-07-13,2026-07-13,2026-07-13,True,RECONSTRUCTED_NOT_PRODUCTION_EXACT,,,EXCLUDED_NON_NORMAL,,"[""market_path_state != NORMAL""]",False
2101,南港,2026-07-13,EXISTING_PENDING,C,VOLATILE_RANGE,RISK_OFF,59.0,34.55,NEUTRAL,EXCLUDED_NON_NORMAL,10,False,MATURED,EXCLUDED_NON_NORMAL,2026-07-13,2026-07-13,2026-07-13,True,RECONSTRUCTED_NOT_PRODUCTION_EXACT,,,EXCLUDED_NON_NORMAL,,"[""market_path_state != NORMAL""]",False
2321,東訊,2026-07-13,EXISTING_PENDING,C,VOLATILE_RANGE,RISK_OFF,113.0,15.2,NEUTRAL,EXCLUDED_NON_NORMAL,10,False,MATURED,EXCLUDED_NON_NORMAL,2026-07-13,2026-07-13,2026-07-13,True,RECONSTRUCTED_NOT_PRODUCTION_EXACT,,,EXCLUDED_NON_NORMAL,,"[""market_path_state != NORMAL""]",False
2374,佳能,2026-07-13,EXISTING_PENDING,C,VOLATILE_RANGE,RISK_OFF,120.0,75.5,LOSER,EXCLUDED_NON_NORMAL,10,False,MATURED,EXCLUDED_NON_NORMAL,2026-07-13,2026-07-13,2026-07-13,True,RECONSTRUCTED_NOT_PRODUCTION_EXACT,,,EXCLUDED_NON_NORMAL,,"[""market_path_state != NORMAL""]",False
2482,連宇,2026-07-13,EXISTING_PENDING,C,VOLATILE_RANGE,RISK_OFF,91.0,18.2,NEUTRAL,EXCLUDED_NON_NORMAL,10,False,MATURED,EXCLUDED_NON_NORMAL,2026-07-13,2026-07-13,2026-07-13,True,RECONSTRUCTED_NOT_PRODUCTION_EXACT,,,EXCLUDED_NON_NORMAL,,"[""market_path_state != NORMAL""]",False
3596,智易,2026-07-13,EXISTING_PENDING,C,VOLATILE_RANGE,RISK_OFF,72.0,197.0,LOSER,EXCLUDED_NON_NORMAL,10,False,MATURED,EXCLUDED_NON_NORMAL,2026-07-13,2026-07-13,2026-07-13,True,RECONSTRUCTED_NOT_PRODUCTION_EXACT,,,EXCLUDED_NON_NORMAL,,"[""market_path_state != NORMAL""]",False
3694,海華,2026-07-13,EXISTING_PENDING,C,VOLATILE_RANGE,RISK_OFF,57.0,67.6,LOSER,EXCLUDED_NON_NORMAL,10,False,MATURED,EXCLUDED_NON_NORMAL,2026-07-13,2026-07-13,2026-07-13,True,RECONSTRUCTED_NOT_PRODUCTION_EXACT,,,EXCLUDED_NON_NORMAL,,"[""market_path_state != NORMAL""]",False
4564,元翎,2026-07-13,EXISTING_PENDING,C,VOLATILE_RANGE,RISK_OFF,47.0,21.0,LOSER,EXCLUDED_NON_NORMAL,10,False,MATURED,EXCLUDED_NON_NORMAL,2026-07-13,2026-07-13,2026-07-13,True,RECONSTRUCTED_NOT_PRODUCTION_EXACT,,,EXCLUDED_NON_NORMAL,,"[""market_path_state != NORMAL""]",False
4764,雙鍵,2026-07-13,EXISTING_PENDING,C,VOLATILE_RANGE,RISK_OFF,38.0,302.5,NEUTRAL,EXCLUDED_NON_NORMAL,10,False,MATURED,EXCLUDED_NON_NORMAL,2026-07-13,2026-07-13,2026-07-13,True,RECONSTRUCTED_NOT_PRODUCTION_EXACT,,,EXCLUDED_NON_NORMAL,,"[""market_path_state != NORMAL""]",False
6142,友勁,2026-07-13,EXISTING_PENDING,C,VOLATILE_RANGE,RISK_OFF,81.0,10.65,NEUTRAL,EXCLUDED_NON_NORMAL,10,False,MATURED,EXCLUDED_NON_NORMAL,2026-07-13,2026-07-13,2026-07-13,True,RECONSTRUCTED_NOT_PRODUCTION_EXACT,,,EXCLUDED_NON_NORMAL,,"[""market_path_state != NORMAL""]",False
6225,天瀚,2026-07-13,EXISTING_PENDING,C,VOLATILE_RANGE,RISK_OFF,96.0,24.2,NEUTRAL,EXCLUDED_NON_NORMAL,10,False,MATURED,EXCLUDED_NON_NORMAL,2026-07-13,2026-07-13,2026-07-13,True,RECONSTRUCTED_NOT_PRODUCTION_EXACT,,,EXCLUDED_NON_NORMAL,,"[""market_path_state != NORMAL""]",False
6533,晶心科,2026-07-13,EXISTING_PENDING,C,VOLATILE_RANGE,RISK_OFF,119.0,210.5,NEUTRAL,EXCLUDED_NON_NORMAL,10,False,MATURED,EXCLUDED_NON_NORMAL,2026-07-13,2026-07-13,2026-07-13,True,RECONSTRUCTED_NOT_PRODUCTION_EXACT,,,EXCLUDED_NON_NORMAL,,"[""market_path_state != NORMAL""]",False
6863,永道-KY,2026-07-13,EXISTING_PENDING,C,VOLATILE_RANGE,RISK_OFF,95.0,102.0,WINNER,EXCLUDED_NON_NORMAL,10,False,MATURED,EXCLUDED_NON_NORMAL,2026-07-13,2026-07-13,2026-07-13,True,RECONSTRUCTED_NOT_PRODUCTION_EXACT,,,EXCLUDED_NON_NORMAL,,"[""market_path_state != NORMAL""]",False
6933,AMAX-KY,2026-07-13,EXISTING_PENDING,C,VOLATILE_RANGE,RISK_OFF,112.0,173.0,LOSER,EXCLUDED_NON_NORMAL,10,False,MATURED,EXCLUDED_NON_NORMAL,2026-07-13,2026-07-13,2026-07-13,True,RECONSTRUCTED_NOT_PRODUCTION_EXACT,,,EXCLUDED_NON_NORMAL,,"[""market_path_state != NORMAL""]",False
8442,威宏-KY,2026-07-13,EXISTING_PENDING,C,VOLATILE_RANGE,RISK_OFF,109.0,44.0,NEUTRAL,EXCLUDED_NON_NORMAL,10,False,MATURED,EXCLUDED_NON_NORMAL,2026-07-13,2026-07-13,2026-07-13,True,RECONSTRUCTED_NOT_PRODUCTION_EXACT,,,EXCLUDED_NON_NORMAL,,"[""market_path_state != NORMAL""]",False
9925,新保,2026-07-13,EXISTING_PENDING,C,VOLATILE_RANGE,RISK_OFF,70.0,41.3,NEUTRAL,EXCLUDED_NON_NORMAL,10,False,MATURED,EXCLUDED_NON_NORMAL,2026-07-13,2026-07-13,2026-07-13,True,RECONSTRUCTED_NOT_PRODUCTION_EXACT,,,EXCLUDED_NON_NORMAL,,"[""market_path_state != NORMAL""]",False
9938,百和,2026-07-13,EXISTING_PENDING,C,VOLATILE_RANGE,RISK_OFF,116.0,45.95,NEUTRAL,EXCLUDED_NON_NORMAL,10,False,MATURED,EXCLUDED_NON_NORMAL,2026-07-13,2026-07-13,2026-07-13,True,RECONSTRUCTED_NOT_PRODUCTION_EXACT,,,EXCLUDED_NON_NORMAL,,"[""market_path_state != NORMAL""]",False
1410,南染,2026-07-14,EXISTING_PENDING,C,RISK_OFF,RISK_OFF,118.0,26.05,,EXCLUDED_NON_NORMAL,9,False,PENDING_DAY10,EXCLUDED_NON_NORMAL,2026-07-14,2026-07-14,2026-07-14,True,RECONSTRUCTED_NOT_PRODUCTION_EXACT,,,EXCLUDED_NON_NORMAL,,"[""market_path_state != NORMAL""]",False
1468,昶和,2026-07-14,EXISTING_PENDING,C,RISK_OFF,RISK_OFF,55.0,13.35,,EXCLUDED_NON_NORMAL,9,False,PENDING_DAY10,EXCLUDED_NON_NORMAL,2026-07-14,2026-07-14,2026-07-14,True,RECONSTRUCTED_NOT_PRODUCTION_EXACT,,,EXCLUDED_NON_NORMAL,,"[""market_path_state != NORMAL""]",False
1476,儒鴻,2026-07-14,EXISTING_PENDING,C,RISK_OFF,RISK_OFF,82.0,343.5,,EXCLUDED_NON_NORMAL,9,False,PENDING_DAY10,EXCLUDED_NON_NORMAL,2026-07-14,2026-07-14,2026-07-14,True,RECONSTRUCTED_NOT_PRODUCTION_EXACT,,,EXCLUDED_NON_NORMAL,,"[""market_path_state != NORMAL""]",False
1733,五鼎,2026-07-14,EXISTING_PENDING,C,RISK_OFF,RISK_OFF,30.0,30.6,,EXCLUDED_NON_NORMAL,9,False,PENDING_DAY10,EXCLUDED_NON_NORMAL,2026-07-14,2026-07-14,2026-07-14,True,RECONSTRUCTED_NOT_PRODUCTION_EXACT,,,EXCLUDED_NON_NORMAL,,"[""market_path_state != NORMAL""]",False
1734,杏輝,2026-07-14,EXISTING_PENDING,C,RISK_OFF,RISK_OFF,88.0,32.75,,EXCLUDED_NON_NORMAL,9,False,PENDING_DAY10,EXCLUDED_NON_NORMAL,2026-07-14,2026-07-14,2026-07-14,True,RECONSTRUCTED_NOT_PRODUCTION_EXACT,,,EXCLUDED_NON_NORMAL,,"[""market_path_state != NORMAL""]",False
2006,東和鋼鐵,2026-07-14,EXISTING_PENDING,C,RISK_OFF,RISK_OFF,63.0,70.2,,EXCLUDED_NON_NORMAL,9,False,PENDING_DAY10,EXCLUDED_NON_NORMAL,2026-07-14,2026-07-14,2026-07-14,True,RECONSTRUCTED_NOT_PRODUCTION_EXACT,,,EXCLUDED_NON_NORMAL,,"[""market_path_state != NORMAL""]",False
2023,燁輝,2026-07-14,EXISTING_PENDING,C,RISK_OFF,RISK_OFF,81.0,14.1,,EXCLUDED_NON_NORMAL,9,False,PENDING_DAY10,EXCLUDED_NON_NORMAL,2026-07-14,2026-07-14,2026-07-14,True,RECONSTRUCTED_NOT_PRODUCTION_EXACT,,,EXCLUDED_NON_NORMAL,,"[""market_path_state != NORMAL""]",False
2207,和泰車,2026-07-14,EXISTING_PENDING,C,RISK_OFF,RISK_OFF,93.0,480.0,,EXCLUDED_NON_NORMAL,9,False,PENDING_DAY10,EXCLUDED_NON_NORMAL,2026-07-14,2026-07-14,2026-07-14,True,RECONSTRUCTED_NOT_PRODUCTION_EXACT,,,EXCLUDED_NON_NORMAL,,"[""market_path_state != NORMAL""]",False
2704,國賓,2026-07-14,EXISTING_PENDING,C,RISK_OFF,RISK_OFF,53.0,45.55,,EXCLUDED_NON_NORMAL,9,False,PENDING_DAY10,EXCLUDED_NON_NORMAL,2026-07-14,2026-07-14,2026-07-14,True,RECONSTRUCTED_NOT_PRODUCTION_EXACT,,,EXCLUDED_NON_NORMAL,,"[""market_path_state != NORMAL""]",False
3702,大聯大,2026-07-14,EXISTING_PENDING,C,RISK_OFF,RISK_OFF,105.0,119.5,,EXCLUDED_NON_NORMAL,9,False,PENDING_DAY10,EXCLUDED_NON_NORMAL,2026-07-14,2026-07-14,2026-07-14,True,RECONSTRUCTED_NOT_PRODUCTION_EXACT,,,EXCLUDED_NON_NORMAL,,"[""market_path_state != NORMAL""]",False
4104,佳醫,2026-07-14,EXISTING_PENDING,C,RISK_OFF,RISK_OFF,111.0,71.3,,EXCLUDED_NON_NORMAL,9,False,PENDING_DAY10,EXCLUDED_NON_NORMAL,2026-07-14,2026-07-14,2026-07-14,True,RECONSTRUCTED_NOT_PRODUCTION_EXACT,,,EXCLUDED_NON_NORMAL,,"[""market_path_state != NORMAL""]",False
4106,雃博,2026-07-14,EXISTING_PENDING,C,RISK_OFF,RISK_OFF,52.0,24.85,,EXCLUDED_NON_NORMAL,9,False,PENDING_DAY10,EXCLUDED_NON_NORMAL,2026-07-14,2026-07-14,2026-07-14,True,RECONSTRUCTED_NOT_PRODUCTION_EXACT,,,EXCLUDED_NON_NORMAL,,"[""market_path_state != NORMAL""]",False
4736,泰博,2026-07-14,EXISTING_PENDING,C,RISK_OFF,RISK_OFF,112.0,127.0,,EXCLUDED_NON_NORMAL,9,False,PENDING_DAY10,EXCLUDED_NON_NORMAL,2026-07-14,2026-07-14,2026-07-14,True,RECONSTRUCTED_NOT_PRODUCTION_EXACT,,,EXCLUDED_NON_NORMAL,,"[""market_path_state != NORMAL""]",False
5306,桂盟,2026-07-14,EXISTING_PENDING,C,RISK_OFF,RISK_OFF,66.0,89.3,,EXCLUDED_NON_NORMAL,9,False,PENDING_DAY10,EXCLUDED_NON_NORMAL,2026-07-14,2026-07-14,2026-07-14,True,RECONSTRUCTED_NOT_PRODUCTION_EXACT,,,EXCLUDED_NON_NORMAL,,"[""market_path_state != NORMAL""]",False
5525,順天,2026-07-14,EXISTING_PENDING,C,RISK_OFF,RISK_OFF,114.0,22.05,,EXCLUDED_NON_NORMAL,9,False,PENDING_DAY10,EXCLUDED_NON_NORMAL,2026-07-14,2026-07-14,2026-07-14,True,RECONSTRUCTED_NOT_PRODUCTION_EXACT,,,EXCLUDED_NON_NORMAL,,"[""market_path_state != NORMAL""]",False
5538,東明-KY,2026-07-14,EXISTING_PENDING,C,RISK_OFF,RISK_OFF,90.0,33.45,,EXCLUDED_NON_NORMAL,9,False,PENDING_DAY10,EXCLUDED_NON_NORMAL,2026-07-14,2026-07-14,2026-07-14,True,RECONSTRUCTED_NOT_PRODUCTION_EXACT,,,EXCLUDED_NON_NORMAL,,"[""market_path_state != NORMAL""]",False
6534,正瀚-創,2026-07-14,EXISTING_PENDING,C,RISK_OFF,RISK_OFF,100.0,93.5,,EXCLUDED_NON_NORMAL,9,False,PENDING_DAY10,EXCLUDED_NON_NORMAL,2026-07-14,2026-07-14,2026-07-14,True,RECONSTRUCTED_NOT_PRODUCTION_EXACT,,,EXCLUDED_NON_NORMAL,,"[""market_path_state != NORMAL""]",False
8411,福貞-KY,2026-07-14,EXISTING_PENDING,C,RISK_OFF,RISK_OFF,77.0,12.65,,EXCLUDED_NON_NORMAL,9,False,PENDING_DAY10,EXCLUDED_NON_NORMAL,2026-07-14,2026-07-14,2026-07-14,True,RECONSTRUCTED_NOT_PRODUCTION_EXACT,,,EXCLUDED_NON_NORMAL,,"[""market_path_state != NORMAL""]",False
8462,柏文,2026-07-14,EXISTING_PENDING,C,RISK_OFF,RISK_OFF,1.0,167.0,,EXCLUDED_NON_NORMAL,9,False,PENDING_DAY10,EXCLUDED_NON_NORMAL,2026-07-14,2026-07-14,2026-07-14,True,RECONSTRUCTED_NOT_PRODUCTION_EXACT,,,EXCLUDED_NON_NORMAL,,"[""market_path_state != NORMAL""]",False
8481,政伸,2026-07-14,EXISTING_PENDING,C,RISK_OFF,RISK_OFF,106.0,42.4,,EXCLUDED_NON_NORMAL,9,False,PENDING_DAY10,EXCLUDED_NON_NORMAL,2026-07-14,2026-07-14,2026-07-14,True,RECONSTRUCTED_NOT_PRODUCTION_EXACT,,,EXCLUDED_NON_NORMAL,,"[""market_path_state != NORMAL""]",False
910322,康師傅-DR,2026-07-14,EXISTING_PENDING,C,RISK_OFF,RISK_OFF,98.0,22.95,,EXCLUDED_NON_NORMAL,9,False,PENDING_DAY10,EXCLUDED_NON_NORMAL,2026-07-14,2026-07-14,2026-07-14,True,RECONSTRUCTED_NOT_PRODUCTION_EXACT,,,EXCLUDED_NON_NORMAL,,"[""market_path_state != NORMAL""]",False
2015,豐興,2026-07-15,EXISTING_PENDING,C,RISK_OFF,RISK_OFF,119.0,64.0,,EXCLUDED_NON_NORMAL,8,False,PENDING_DAY10,EXCLUDED_NON_NORMAL,2026-07-15,2026-07-15,2026-07-15,True,RECONSTRUCTED_NOT_PRODUCTION_EXACT,,,EXCLUDED_NON_NORMAL,,"[""market_path_state != NORMAL""]",False
6464,台數科,2026-07-15,EXISTING_PENDING,C,RISK_OFF,RISK_OFF,106.0,78.7,,EXCLUDED_NON_NORMAL,8,False,PENDING_DAY10,EXCLUDED_NON_NORMAL,2026-07-15,2026-07-15,2026-07-15,True,RECONSTRUCTED_NOT_PRODUCTION_EXACT,,,EXCLUDED_NON_NORMAL,,"[""market_path_state != NORMAL""]",False
6598,ABC-KY,2026-07-15,EXISTING_PENDING,C,RISK_OFF,RISK_OFF,26.0,26.15,,EXCLUDED_NON_NORMAL,8,False,PENDING_DAY10,EXCLUDED_NON_NORMAL,2026-07-15,2026-07-15,2026-07-15,True,RECONSTRUCTED_NOT_PRODUCTION_EXACT,,,EXCLUDED_NON_NORMAL,,"[""market_path_state != NORMAL""]",False
6669,緯穎,2026-07-15,EXISTING_PENDING,C,RISK_OFF,RISK_OFF,75.0,5095.0,,EXCLUDED_NON_NORMAL,8,False,PENDING_DAY10,EXCLUDED_NON_NORMAL,2026-07-15,2026-07-15,2026-07-15,True,RECONSTRUCTED_NOT_PRODUCTION_EXACT,,,EXCLUDED_NON_NORMAL,,"[""market_path_state != NORMAL""]",False
6887,寶綠特-KY,2026-07-15,EXISTING_PENDING,C,RISK_OFF,RISK_OFF,103.0,39.7,,EXCLUDED_NON_NORMAL,8,False,PENDING_DAY10,EXCLUDED_NON_NORMAL,2026-07-15,2026-07-15,2026-07-15,True,RECONSTRUCTED_NOT_PRODUCTION_EXACT,,,EXCLUDED_NON_NORMAL,,"[""market_path_state != NORMAL""]",False
8478,東哥遊艇,2026-07-15,EXISTING_PENDING,C,RISK_OFF,RISK_OFF,114.0,156.0,,EXCLUDED_NON_NORMAL,8,False,PENDING_DAY10,EXCLUDED_NON_NORMAL,2026-07-15,2026-07-15,2026-07-15,True,RECONSTRUCTED_NOT_PRODUCTION_EXACT,,,EXCLUDED_NON_NORMAL,,"[""market_path_state != NORMAL""]",False
8499,鼎炫-KY,2026-07-15,EXISTING_PENDING,C,RISK_OFF,RISK_OFF,117.0,302.0,,EXCLUDED_NON_NORMAL,8,False,PENDING_DAY10,EXCLUDED_NON_NORMAL,2026-07-15,2026-07-15,2026-07-15,True,RECONSTRUCTED_NOT_PRODUCTION_EXACT,,,EXCLUDED_NON_NORMAL,,"[""market_path_state != NORMAL""]",False
9927,泰銘,2026-07-15,EXISTING_PENDING,C,RISK_OFF,RISK_OFF,110.0,69.8,,EXCLUDED_NON_NORMAL,8,False,PENDING_DAY10,EXCLUDED_NON_NORMAL,2026-07-15,2026-07-15,2026-07-15,True,RECONSTRUCTED_NOT_PRODUCTION_EXACT,,,EXCLUDED_NON_NORMAL,,"[""market_path_state != NORMAL""]",False
00715L,期街口布蘭特正2,2026-07-16,EXISTING_PENDING,C,RISK_OFF,RISK_OFF,66.0,43.3,,EXCLUDED_NON_NORMAL,7,False,PENDING_DAY10,EXCLUDED_NON_NORMAL,2026-07-16,2026-07-16,2026-07-16,True,RECONSTRUCTED_NOT_PRODUCTION_EXACT,,,EXCLUDED_NON_NORMAL,,"[""market_path_state != NORMAL""]",False
00916,國泰全球品牌50,2026-07-16,EXISTING_PENDING,C,RISK_OFF,RISK_OFF,95.0,26.77,,EXCLUDED_NON_NORMAL,7,False,PENDING_DAY10,EXCLUDED_NON_NORMAL,2026-07-16,2026-07-16,2026-07-16,True,RECONSTRUCTED_NOT_PRODUCTION_EXACT,,,EXCLUDED_NON_NORMAL,,"[""market_path_state != NORMAL""]",False
1101,台泥,2026-07-16,EXISTING_PENDING,C,RISK_OFF,RISK_OFF,115.0,23.95,,EXCLUDED_NON_NORMAL,7,False,PENDING_DAY10,EXCLUDED_NON_NORMAL,2026-07-16,2026-07-16,2026-07-16,True,RECONSTRUCTED_NOT_PRODUCTION_EXACT,,,EXCLUDED_NON_NORMAL,,"[""market_path_state != NORMAL""]",False
1103,嘉泥,2026-07-16,EXISTING_PENDING,C,RISK_OFF,RISK_OFF,117.0,13.65,,EXCLUDED_NON_NORMAL,7,False,PENDING_DAY10,EXCLUDED_NON_NORMAL,2026-07-16,2026-07-16,2026-07-16,True,RECONSTRUCTED_NOT_PRODUCTION_EXACT,,,EXCLUDED_NON_NORMAL,,"[""market_path_state != NORMAL""]",False
1110,東泥,2026-07-16,EXISTING_PENDING,C,RISK_OFF,RISK_OFF,62.0,16.1,,EXCLUDED_NON_NORMAL,7,False,PENDING_DAY10,EXCLUDED_NON_NORMAL,2026-07-16,2026-07-16,2026-07-16,True,RECONSTRUCTED_NOT_PRODUCTION_EXACT,,,EXCLUDED_NON_NORMAL,,"[""market_path_state != NORMAL""]",False
1436,華友聯,2026-07-16,EXISTING_PENDING,C,RISK_OFF,RISK_OFF,113.0,46.0,,EXCLUDED_NON_NORMAL,7,False,PENDING_DAY10,EXCLUDED_NON_NORMAL,2026-07-16,2026-07-16,2026-07-16,True,RECONSTRUCTED_NOT_PRODUCTION_EXACT,,,EXCLUDED_NON_NORMAL,,"[""market_path_state != NORMAL""]",False
1439,雋揚,2026-07-16,EXISTING_PENDING,C,RISK_OFF,RISK_OFF,41.0,26.45,,EXCLUDED_NON_NORMAL,7,False,PENDING_DAY10,EXCLUDED_NON_NORMAL,2026-07-16,2026-07-16,2026-07-16,True,RECONSTRUCTED_NOT_PRODUCTION_EXACT,,,EXCLUDED_NON_NORMAL,,"[""market_path_state != NORMAL""]",False
1442,名軒,2026-07-16,EXISTING_PENDING,C,RISK_OFF,RISK_OFF,89.0,29.4,,EXCLUDED_NON_NORMAL,7,False,PENDING_DAY10,EXCLUDED_NON_NORMAL,2026-07-16,2026-07-16,2026-07-16,True,RECONSTRUCTED_NOT_PRODUCTION_EXACT,,,EXCLUDED_NON_NORMAL,,"[""market_path_state != NORMAL""]",False
1732,毛寶,2026-07-16,EXISTING_PENDING,C,RISK_OFF,RISK_OFF,76.0,26.5,,EXCLUDED_NON_NORMAL,7,False,PENDING_DAY10,EXCLUDED_NON_NORMAL,2026-07-16,2026-07-16,2026-07-16,True,RECONSTRUCTED_NOT_PRODUCTION_EXACT,,,EXCLUDED_NON_NORMAL,,"[""market_path_state != NORMAL""]",False
2459,敦吉,2026-07-16,EXISTING_PENDING,C,RISK_OFF,RISK_OFF,50.0,67.2,,EXCLUDED_NON_NORMAL,7,False,PENDING_DAY10,EXCLUDED_NON_NORMAL,2026-07-16,2026-07-16,2026-07-16,True,RECONSTRUCTED_NOT_PRODUCTION_EXACT,,,EXCLUDED_NON_NORMAL,,"[""market_path_state != NORMAL""]",False
2524,京城,2026-07-16,EXISTING_PENDING,C,RISK_OFF,RISK_OFF,88.0,38.45,,EXCLUDED_NON_NORMAL,7,False,PENDING_DAY10,EXCLUDED_NON_NORMAL,2026-07-16,2026-07-16,2026-07-16,True,RECONSTRUCTED_NOT_PRODUCTION_EXACT,,,EXCLUDED_NON_NORMAL,,"[""market_path_state != NORMAL""]",False
3266,昇陽,2026-07-16,EXISTING_PENDING,C,RISK_OFF,RISK_OFF,97.0,14.0,,EXCLUDED_NON_NORMAL,7,False,PENDING_DAY10,EXCLUDED_NON_NORMAL,2026-07-16,2026-07-16,2026-07-16,True,RECONSTRUCTED_NOT_PRODUCTION_EXACT,,,EXCLUDED_NON_NORMAL,,"[""market_path_state != NORMAL""]",False
6789,采鈺,2026-07-16,EXISTING_PENDING,C,RISK_OFF,RISK_OFF,73.0,526.0,,EXCLUDED_NON_NORMAL,7,False,PENDING_DAY10,EXCLUDED_NON_NORMAL,2026-07-16,2026-07-16,2026-07-16,True,RECONSTRUCTED_NOT_PRODUCTION_EXACT,,,EXCLUDED_NON_NORMAL,,"[""market_path_state != NORMAL""]",False
8404,百和興業-KY,2026-07-16,EXISTING_PENDING,C,RISK_OFF,RISK_OFF,107.0,17.05,,EXCLUDED_NON_NORMAL,7,False,PENDING_DAY10,EXCLUDED_NON_NORMAL,2026-07-16,2026-07-16,2026-07-16,True,RECONSTRUCTED_NOT_PRODUCTION_EXACT,,,EXCLUDED_NON_NORMAL,,"[""market_path_state != NORMAL""]",False
OilGasElectricity,油電燃氣類指數,2026-07-16,EXISTING_PENDING,C,RISK_OFF,RISK_OFF,118.0,108.62,,EXCLUDED_NON_NORMAL,7,False,PENDING_DAY10,EXCLUDED_NON_NORMAL,2026-07-16,2026-07-16,2026-07-16,True,RECONSTRUCTED_NOT_PRODUCTION_EXACT,,,EXCLUDED_NON_NORMAL,,"[""market_path_state != NORMAL""]",False
00632R,元大台灣50反1,2026-07-17,EXISTING_PENDING,C,RISK_OFF,RISK_OFF,83.0,10.83,,EXCLUDED_NON_NORMAL,6,False,PENDING_DAY10,EXCLUDED_NON_NORMAL,2026-07-17,2026-07-17,2026-07-17,True,RECONSTRUCTED_NOT_PRODUCTION_EXACT,,,EXCLUDED_NON_NORMAL,,"[""market_path_state != NORMAL""]",False
00642U,期元大S&P石油,2026-07-17,EXISTING_PENDING,C,RISK_OFF,RISK_OFF,71.0,25.9,,EXCLUDED_NON_NORMAL,6,False,PENDING_DAY10,EXCLUDED_NON_NORMAL,2026-07-17,2026-07-17,2026-07-17,True,RECONSTRUCTED_NOT_PRODUCTION_EXACT,,,EXCLUDED_NON_NORMAL,,"[""market_path_state != NORMAL""]",False
00664R,國泰臺灣加權反1,2026-07-17,EXISTING_PENDING,C,RISK_OFF,RISK_OFF,76.0,1.74,,EXCLUDED_NON_NORMAL,6,False,PENDING_DAY10,EXCLUDED_NON_NORMAL,2026-07-17,2026-07-17,2026-07-17,True,RECONSTRUCTED_NOT_PRODUCTION_EXACT,,,EXCLUDED_NON_NORMAL,,"[""market_path_state != NORMAL""]",False
00676R,富邦臺灣加權反1,2026-07-17,EXISTING_PENDING,C,RISK_OFF,RISK_OFF,78.0,5.97,,EXCLUDED_NON_NORMAL,6,False,PENDING_DAY10,EXCLUDED_NON_NORMAL,2026-07-17,2026-07-17,2026-07-17,True,RECONSTRUCTED_NOT_PRODUCTION_EXACT,,,EXCLUDED_NON_NORMAL,,"[""market_path_state != NORMAL""]",False
1201,味全,2026-07-17,EXISTING_PENDING,C,RISK_OFF,RISK_OFF,63.0,12.6,,EXCLUDED_NON_NORMAL,6,False,PENDING_DAY10,EXCLUDED_NON_NORMAL,2026-07-17,2026-07-17,2026-07-17,True,RECONSTRUCTED_NOT_PRODUCTION_EXACT,,,EXCLUDED_NON_NORMAL,,"[""market_path_state != NORMAL""]",False
1231,聯華食,2026-07-17,EXISTING_PENDING,C,RISK_OFF,RISK_OFF,18.0,90.6,,EXCLUDED_NON_NORMAL,6,False,PENDING_DAY10,EXCLUDED_NON_NORMAL,2026-07-17,2026-07-17,2026-07-17,True,RECONSTRUCTED_NOT_PRODUCTION_EXACT,,,EXCLUDED_NON_NORMAL,,"[""market_path_state != NORMAL""]",False
1323,永裕,2026-07-17,EXISTING_PENDING,C,RISK_OFF,RISK_OFF,112.0,20.2,,EXCLUDED_NON_NORMAL,6,False,PENDING_DAY10,EXCLUDED_NON_NORMAL,2026-07-17,2026-07-17,2026-07-17,True,RECONSTRUCTED_NOT_PRODUCTION_EXACT,,,EXCLUDED_NON_NORMAL,,"[""market_path_state != NORMAL""]",False
2008,高興昌,2026-07-17,EXISTING_PENDING,C,RISK_OFF,RISK_OFF,81.0,31.05,,EXCLUDED_NON_NORMAL,6,False,PENDING_DAY10,EXCLUDED_NON_NORMAL,2026-07-17,2026-07-17,2026-07-17,True,RECONSTRUCTED_NOT_PRODUCTION_EXACT,,,EXCLUDED_NON_NORMAL,,"[""market_path_state != NORMAL""]",False
2024,志聯,2026-07-17,EXISTING_PENDING,C,RISK_OFF,RISK_OFF,119.0,14.0,,EXCLUDED_NON_NORMAL,6,False,PENDING_DAY10,EXCLUDED_NON_NORMAL,2026-07-17,2026-07-17,2026-07-17,True,RECONSTRUCTED_NOT_PRODUCTION_EXACT,,,EXCLUDED_NON_NORMAL,,"[""market_path_state != NORMAL""]",False
2105,正新,2026-07-17,EXISTING_PENDING,C,RISK_OFF,RISK_OFF,15.0,33.6,,EXCLUDED_NON_NORMAL,6,False,PENDING_DAY10,EXCLUDED_NON_NORMAL,2026-07-17,2026-07-17,2026-07-17,True,RECONSTRUCTED_NOT_PRODUCTION_EXACT,,,EXCLUDED_NON_NORMAL,,"[""market_path_state != NORMAL""]",False
2115,六暉-KY,2026-07-17,EXISTING_PENDING,C,RISK_OFF,RISK_OFF,68.0,21.7,,EXCLUDED_NON_NORMAL,6,False,PENDING_DAY10,EXCLUDED_NON_NORMAL,2026-07-17,2026-07-17,2026-07-17,True,RECONSTRUCTED_NOT_PRODUCTION_EXACT,,,EXCLUDED_NON_NORMAL,,"[""market_path_state != NORMAL""]",False
2608,嘉里大榮,2026-07-17,EXISTING_PENDING,C,RISK_OFF,RISK_OFF,88.0,29.4,,EXCLUDED_NON_NORMAL,6,False,PENDING_DAY10,EXCLUDED_NON_NORMAL,2026-07-17,2026-07-17,2026-07-17,True,RECONSTRUCTED_NOT_PRODUCTION_EXACT,,,EXCLUDED_NON_NORMAL,,"[""market_path_state != NORMAL""]",False
2929,淘帝-KY,2026-07-17,EXISTING_PENDING,C,RISK_OFF,RISK_OFF,97.0,5.88,,EXCLUDED_NON_NORMAL,6,False,PENDING_DAY10,EXCLUDED_NON_NORMAL,2026-07-17,2026-07-17,2026-07-17,True,RECONSTRUCTED_NOT_PRODUCTION_EXACT,,,EXCLUDED_NON_NORMAL,,"[""market_path_state != NORMAL""]",False
3024,憶聲,2026-07-17,EXISTING_PENDING,C,RISK_OFF,RISK_OFF,104.0,14.2,,EXCLUDED_NON_NORMAL,6,False,PENDING_DAY10,EXCLUDED_NON_NORMAL,2026-07-17,2026-07-17,2026-07-17,True,RECONSTRUCTED_NOT_PRODUCTION_EXACT,,,EXCLUDED_NON_NORMAL,,"[""market_path_state != NORMAL""]",False
4582,聚恆-創,2026-07-17,EXISTING_PENDING,C,RISK_OFF,RISK_OFF,111.0,27.8,,EXCLUDED_NON_NORMAL,6,False,PENDING_DAY10,EXCLUDED_NON_NORMAL,2026-07-17,2026-07-17,2026-07-17,True,RECONSTRUCTED_NOT_PRODUCTION_EXACT,,,EXCLUDED_NON_NORMAL,,"[""market_path_state != NORMAL""]",False
6937,天虹,2026-07-17,EXISTING_PENDING,C,RISK_OFF,RISK_OFF,113.0,269.0,,EXCLUDED_NON_NORMAL,6,False,PENDING_DAY10,EXCLUDED_NON_NORMAL,2026-07-17,2026-07-17,2026-07-17,True,RECONSTRUCTED_NOT_PRODUCTION_EXACT,,,EXCLUDED_NON_NORMAL,,"[""market_path_state != NORMAL""]",False
00665L,富邦恒生國企正2,2026-07-20,EXISTING_PENDING,C,RISK_OFF,RISK_OFF,41.0,9.37,,EXCLUDED_NON_NORMAL,5,False,PENDING_DAY10,EXCLUDED_NON_NORMAL,2026-07-20,2026-07-20,2026-07-20,True,RECONSTRUCTED_NOT_PRODUCTION_EXACT,,,EXCLUDED_NON_NORMAL,,"[""market_path_state != NORMAL""]",False
00686R,群益臺灣加權反1,2026-07-20,EXISTING_PENDING,C,RISK_OFF,RISK_OFF,118.0,1.08,,EXCLUDED_NON_NORMAL,5,False,PENDING_DAY10,EXCLUDED_NON_NORMAL,2026-07-20,2026-07-20,2026-07-20,True,RECONSTRUCTED_NOT_PRODUCTION_EXACT,,,EXCLUDED_NON_NORMAL,,"[""market_path_state != NORMAL""]",False
1220,台榮,2026-07-20,EXISTING_PENDING,C,RISK_OFF,RISK_OFF,110.0,11.4,,EXCLUDED_NON_NORMAL,5,False,PENDING_DAY10,EXCLUDED_NON_NORMAL,2026-07-20,2026-07-20,2026-07-20,True,RECONSTRUCTED_NOT_PRODUCTION_EXACT,,,EXCLUDED_NON_NORMAL,,"[""market_path_state != NORMAL""]",False
1233,天仁,2026-07-20,EXISTING_PENDING,C,RISK_OFF,RISK_OFF,87.0,29.0,,EXCLUDED_NON_NORMAL,5,False,PENDING_DAY10,EXCLUDED_NON_NORMAL,2026-07-20,2026-07-20,2026-07-20,True,RECONSTRUCTED_NOT_PRODUCTION_EXACT,,,EXCLUDED_NON_NORMAL,,"[""market_path_state != NORMAL""]",False
1235,興泰,2026-07-20,EXISTING_PENDING,C,RISK_OFF,RISK_OFF,113.0,37.4,,EXCLUDED_NON_NORMAL,5,False,PENDING_DAY10,EXCLUDED_NON_NORMAL,2026-07-20,2026-07-20,2026-07-20,True,RECONSTRUCTED_NOT_PRODUCTION_EXACT,,,EXCLUDED_NON_NORMAL,,"[""market_path_state != NORMAL""]",False
1614,三洋電,2026-07-20,EXISTING_PENDING,C,RISK_OFF,RISK_OFF,86.0,31.1,,EXCLUDED_NON_NORMAL,5,False,PENDING_DAY10,EXCLUDED_NON_NORMAL,2026-07-20,2026-07-20,2026-07-20,True,RECONSTRUCTED_NOT_PRODUCTION_EXACT,,,EXCLUDED_NON_NORMAL,,"[""market_path_state != NORMAL""]",False
2762,世界健身-KY,2026-07-20,EXISTING_PENDING,C,RISK_OFF,RISK_OFF,28.0,85.5,,EXCLUDED_NON_NORMAL,5,False,PENDING_DAY10,EXCLUDED_NON_NORMAL,2026-07-20,2026-07-20,2026-07-20,True,RECONSTRUCTED_NOT_PRODUCTION_EXACT,,,EXCLUDED_NON_NORMAL,,"[""market_path_state != NORMAL""]",False
3679,新至陞,2026-07-20,EXISTING_PENDING,C,RISK_OFF,RISK_OFF,108.0,109.0,,EXCLUDED_NON_NORMAL,5,False,PENDING_DAY10,EXCLUDED_NON_NORMAL,2026-07-20,2026-07-20,2026-07-20,True,RECONSTRUCTED_NOT_PRODUCTION_EXACT,,,EXCLUDED_NON_NORMAL,,"[""market_path_state != NORMAL""]",False
4770,上品,2026-07-20,EXISTING_PENDING,C,RISK_OFF,RISK_OFF,111.0,220.0,,EXCLUDED_NON_NORMAL,5,False,PENDING_DAY10,EXCLUDED_NON_NORMAL,2026-07-20,2026-07-20,2026-07-20,True,RECONSTRUCTED_NOT_PRODUCTION_EXACT,,,EXCLUDED_NON_NORMAL,,"[""market_path_state != NORMAL""]",False
6281,全國電,2026-07-20,EXISTING_PENDING,C,RISK_OFF,RISK_OFF,100.0,51.4,,EXCLUDED_NON_NORMAL,5,False,PENDING_DAY10,EXCLUDED_NON_NORMAL,2026-07-20,2026-07-20,2026-07-20,True,RECONSTRUCTED_NOT_PRODUCTION_EXACT,,,EXCLUDED_NON_NORMAL,,"[""market_path_state != NORMAL""]",False
6969,成信實業*-創,2026-07-20,EXISTING_PENDING,C,RISK_OFF,RISK_OFF,96.0,26.4,,EXCLUDED_NON_NORMAL,5,False,PENDING_DAY10,EXCLUDED_NON_NORMAL,2026-07-20,2026-07-20,2026-07-20,True,RECONSTRUCTED_NOT_PRODUCTION_EXACT,,,EXCLUDED_NON_NORMAL,,"[""market_path_state != NORMAL""]",False
7740,熙特爾-創,2026-07-20,EXISTING_PENDING,C,RISK_OFF,RISK_OFF,79.0,159.5,,EXCLUDED_NON_NORMAL,5,False,PENDING_DAY10,EXCLUDED_NON_NORMAL,2026-07-20,2026-07-20,2026-07-20,True,RECONSTRUCTED_NOT_PRODUCTION_EXACT,,,EXCLUDED_NON_NORMAL,,"[""market_path_state != NORMAL""]",False
8367,建新國際,2026-07-20,EXISTING_PENDING,C,RISK_OFF,RISK_OFF,80.0,40.7,,EXCLUDED_NON_NORMAL,5,False,PENDING_DAY10,EXCLUDED_NON_NORMAL,2026-07-20,2026-07-20,2026-07-20,True,RECONSTRUCTED_NOT_PRODUCTION_EXACT,,,EXCLUDED_NON_NORMAL,,"[""market_path_state != NORMAL""]",False
9939,宏全,2026-07-20,EXISTING_PENDING,C,RISK_OFF,RISK_OFF,107.0,128.5,,EXCLUDED_NON_NORMAL,5,False,PENDING_DAY10,EXCLUDED_NON_NORMAL,2026-07-20,2026-07-20,2026-07-20,True,RECONSTRUCTED_NOT_PRODUCTION_EXACT,,,EXCLUDED_NON_NORMAL,,"[""market_path_state != NORMAL""]",False
00753L,中信中國50正2,2026-07-21,EXISTING_PENDING,C,RISK_OFF,RISK_OFF,49.0,9.55,,EXCLUDED_NON_NORMAL,4,False,PENDING_DAY10,EXCLUDED_NON_NORMAL,2026-07-21,2026-07-21,2026-07-21,True,RECONSTRUCTED_NOT_PRODUCTION_EXACT,,,EXCLUDED_NON_NORMAL,,"[""market_path_state != NORMAL""]",False
2029,盛餘,2026-07-21,EXISTING_PENDING,C,RISK_OFF,RISK_OFF,72.0,20.75,,EXCLUDED_NON_NORMAL,4,False,PENDING_DAY10,EXCLUDED_NON_NORMAL,2026-07-21,2026-07-21,2026-07-21,True,RECONSTRUCTED_NOT_PRODUCTION_EXACT,,,EXCLUDED_NON_NORMAL,,"[""market_path_state != NORMAL""]",False
2347,聯強,2026-07-21,EXISTING_PENDING,C,RISK_OFF,RISK_OFF,107.0,85.3,,EXCLUDED_NON_NORMAL,4,False,PENDING_DAY10,EXCLUDED_NON_NORMAL,2026-07-21,2026-07-21,2026-07-21,True,RECONSTRUCTED_NOT_PRODUCTION_EXACT,,,EXCLUDED_NON_NORMAL,,"[""market_path_state != NORMAL""]",False
8045,達運光電,2026-07-21,EXISTING_PENDING,C,RISK_OFF,RISK_OFF,78.0,66.5,,EXCLUDED_NON_NORMAL,4,False,PENDING_DAY10,EXCLUDED_NON_NORMAL,2026-07-21,2026-07-21,2026-07-21,True,RECONSTRUCTED_NOT_PRODUCTION_EXACT,,,EXCLUDED_NON_NORMAL,,"[""market_path_state != NORMAL""]",False
9103,美德醫療-DR,2026-07-21,EXISTING_PENDING,C,RISK_OFF,RISK_OFF,92.0,5.29,,EXCLUDED_NON_NORMAL,4,False,PENDING_DAY10,EXCLUDED_NON_NORMAL,2026-07-21,2026-07-21,2026-07-21,True,RECONSTRUCTED_NOT_PRODUCTION_EXACT,,,EXCLUDED_NON_NORMAL,,"[""market_path_state != NORMAL""]",False
9924,福興,2026-07-21,EXISTING_PENDING,C,RISK_OFF,RISK_OFF,111.0,40.25,,EXCLUDED_NON_NORMAL,4,False,PENDING_DAY10,EXCLUDED_NON_NORMAL,2026-07-21,2026-07-21,2026-07-21,True,RECONSTRUCTED_NOT_PRODUCTION_EXACT,,,EXCLUDED_NON_NORMAL,,"[""market_path_state != NORMAL""]",False
00636,國泰中國A50,2026-07-22,EXISTING_PENDING,C,RISK_OFF,RISK_OFF,89.0,29.1,,EXCLUDED_NON_NORMAL,3,False,PENDING_DAY10,EXCLUDED_NON_NORMAL,2026-07-22,2026-07-22,2026-07-22,True,RECONSTRUCTED_NOT_PRODUCTION_EXACT,,,EXCLUDED_NON_NORMAL,,"[""market_path_state != NORMAL""]",False
00669R,國泰美國道瓊反1,2026-07-22,EXISTING_PENDING,C,RISK_OFF,RISK_OFF,118.0,5.32,,EXCLUDED_NON_NORMAL,3,False,PENDING_DAY10,EXCLUDED_NON_NORMAL,2026-07-22,2026-07-22,2026-07-22,True,RECONSTRUCTED_NOT_PRODUCTION_EXACT,,,EXCLUDED_NON_NORMAL,,"[""market_path_state != NORMAL""]",False
00693U,期街口S&P黃豆,2026-07-22,EXISTING_PENDING,C,RISK_OFF,RISK_OFF,20.0,22.38,,EXCLUDED_NON_NORMAL,3,False,PENDING_DAY10,EXCLUDED_NON_NORMAL,2026-07-22,2026-07-22,2026-07-22,True,RECONSTRUCTED_NOT_PRODUCTION_EXACT,,,EXCLUDED_NON_NORMAL,,"[""market_path_state != NORMAL""]",False
00700,富邦恒生國企,2026-07-22,EXISTING_PENDING,C,RISK_OFF,RISK_OFF,51.0,17.16,,EXCLUDED_NON_NORMAL,3,False,PENDING_DAY10,EXCLUDED_NON_NORMAL,2026-07-22,2026-07-22,2026-07-22,True,RECONSTRUCTED_NOT_PRODUCTION_EXACT,,,EXCLUDED_NON_NORMAL,,"[""market_path_state != NORMAL""]",False
00702,國泰標普低波高息,2026-07-22,EXISTING_PENDING,C,RISK_OFF,RISK_OFF,97.0,24.85,,EXCLUDED_NON_NORMAL,3,False,PENDING_DAY10,EXCLUDED_NON_NORMAL,2026-07-22,2026-07-22,2026-07-22,True,RECONSTRUCTED_NOT_PRODUCTION_EXACT,,,EXCLUDED_NON_NORMAL,,"[""market_path_state != NORMAL""]",False
00709,富邦歐洲,2026-07-22,EXISTING_PENDING,C,RISK_OFF,RISK_OFF,42.0,40.98,,EXCLUDED_NON_NORMAL,3,False,PENDING_DAY10,EXCLUDED_NON_NORMAL,2026-07-22,2026-07-22,2026-07-22,True,RECONSTRUCTED_NOT_PRODUCTION_EXACT,,,EXCLUDED_NON_NORMAL,,"[""market_path_state != NORMAL""]",False
00710B,復華彭博非投等債,2026-07-22,EXISTING_PENDING,C,RISK_OFF,RISK_OFF,114.0,19.31,,EXCLUDED_NON_NORMAL,3,False,PENDING_DAY10,EXCLUDED_NON_NORMAL,2026-07-22,2026-07-22,2026-07-22,True,RECONSTRUCTED_NOT_PRODUCTION_EXACT,,,EXCLUDED_NON_NORMAL,,"[""market_path_state != NORMAL""]",False
00752,中信中國50,2026-07-22,EXISTING_PENDING,C,RISK_OFF,RISK_OFF,106.0,23.04,,EXCLUDED_NON_NORMAL,3,False,PENDING_DAY10,EXCLUDED_NON_NORMAL,2026-07-22,2026-07-22,2026-07-22,True,RECONSTRUCTED_NOT_PRODUCTION_EXACT,,,EXCLUDED_NON_NORMAL,,"[""market_path_state != NORMAL""]",False
00763U,期街口道瓊銅,2026-07-22,EXISTING_PENDING,C,RISK_OFF,RISK_OFF,54.0,34.74,,EXCLUDED_NON_NORMAL,3,False,PENDING_DAY10,EXCLUDED_NON_NORMAL,2026-07-22,2026-07-22,2026-07-22,True,RECONSTRUCTED_NOT_PRODUCTION_EXACT,,,EXCLUDED_NON_NORMAL,,"[""market_path_state != NORMAL""]",False
00917,中信特選金融,2026-07-22,EXISTING_PENDING,C,RISK_OFF,RISK_OFF,49.0,23.67,,EXCLUDED_NON_NORMAL,3,False,PENDING_DAY10,EXCLUDED_NON_NORMAL,2026-07-22,2026-07-22,2026-07-22,True,RECONSTRUCTED_NOT_PRODUCTION_EXACT,,,EXCLUDED_NON_NORMAL,,"[""market_path_state != NORMAL""]",False
00924,復華S&P500成長,2026-07-22,EXISTING_PENDING,C,RISK_OFF,RISK_OFF,84.0,32.79,,EXCLUDED_NON_NORMAL,3,False,PENDING_DAY10,EXCLUDED_NON_NORMAL,2026-07-22,2026-07-22,2026-07-22,True,RECONSTRUCTED_NOT_PRODUCTION_EXACT,,,EXCLUDED_NON_NORMAL,,"[""market_path_state != NORMAL""]",False
00926,凱基全球菁英55,2026-07-22,EXISTING_PENDING,C,RISK_OFF,RISK_OFF,70.0,25.72,,EXCLUDED_NON_NORMAL,3,False,PENDING_DAY10,EXCLUDED_NON_NORMAL,2026-07-22,2026-07-22,2026-07-22,True,RECONSTRUCTED_NOT_PRODUCTION_EXACT,,,EXCLUDED_NON_NORMAL,,"[""market_path_state != NORMAL""]",False
00945B,凱基美國非投等債,2026-07-22,EXISTING_PENDING,C,RISK_OFF,RISK_OFF,88.0,14.68,,EXCLUDED_NON_NORMAL,3,False,PENDING_DAY10,EXCLUDED_NON_NORMAL,2026-07-22,2026-07-22,2026-07-22,True,RECONSTRUCTED_NOT_PRODUCTION_EXACT,,,EXCLUDED_NON_NORMAL,,"[""market_path_state != NORMAL""]",False
00953B,群益優選非投等債,2026-07-22,EXISTING_PENDING,C,RISK_OFF,RISK_OFF,93.0,9.82,,EXCLUDED_NON_NORMAL,3,False,PENDING_DAY10,EXCLUDED_NON_NORMAL,2026-07-22,2026-07-22,2026-07-22,True,RECONSTRUCTED_NOT_PRODUCTION_EXACT,,,EXCLUDED_NON_NORMAL,,"[""market_path_state != NORMAL""]",False
00956,中信日經高股息,2026-07-22,EXISTING_PENDING,C,RISK_OFF,RISK_OFF,90.0,12.68,,EXCLUDED_NON_NORMAL,3,False,PENDING_DAY10,EXCLUDED_NON_NORMAL,2026-07-22,2026-07-22,2026-07-22,True,RECONSTRUCTED_NOT_PRODUCTION_EXACT,,,EXCLUDED_NON_NORMAL,,"[""market_path_state != NORMAL""]",False
00960,野村全球航運龍頭,2026-07-22,EXISTING_PENDING,C,RISK_OFF,RISK_OFF,28.0,18.4,,EXCLUDED_NON_NORMAL,3,False,PENDING_DAY10,EXCLUDED_NON_NORMAL,2026-07-22,2026-07-22,2026-07-22,True,RECONSTRUCTED_NOT_PRODUCTION_EXACT,,,EXCLUDED_NON_NORMAL,,"[""market_path_state != NORMAL""]",False
00961,FT臺灣永續高息,2026-07-22,EXISTING_PENDING,C,RISK_OFF,RISK_OFF,117.0,12.69,,EXCLUDED_NON_NORMAL,3,False,PENDING_DAY10,EXCLUDED_NON_NORMAL,2026-07-22,2026-07-22,2026-07-22,True,RECONSTRUCTED_NOT_PRODUCTION_EXACT,,,EXCLUDED_NON_NORMAL,,"[""market_path_state != NORMAL""]",False
00972,野村日本動能高息,2026-07-22,EXISTING_PENDING,C,RISK_OFF,RISK_OFF,82.0,20.73,,EXCLUDED_NON_NORMAL,3,False,PENDING_DAY10,EXCLUDED_NON_NORMAL,2026-07-22,2026-07-22,2026-07-22,True,RECONSTRUCTED_NOT_PRODUCTION_EXACT,,,EXCLUDED_NON_NORMAL,,"[""market_path_state != NORMAL""]",False
009810,玉山全球藍籌100,2026-07-22,EXISTING_PENDING,C,RISK_OFF,RISK_OFF,91.0,20.93,,EXCLUDED_NON_NORMAL,3,False,PENDING_DAY10,EXCLUDED_NON_NORMAL,2026-07-22,2026-07-22,2026-07-22,True,RECONSTRUCTED_NOT_PRODUCTION_EXACT,,,EXCLUDED_NON_NORMAL,,"[""market_path_state != NORMAL""]",False
009811,統一美國50,2026-07-22,EXISTING_PENDING,C,RISK_OFF,RISK_OFF,112.0,13.18,,EXCLUDED_NON_NORMAL,3,False,PENDING_DAY10,EXCLUDED_NON_NORMAL,2026-07-22,2026-07-22,2026-07-22,True,RECONSTRUCTED_NOT_PRODUCTION_EXACT,,,EXCLUDED_NON_NORMAL,,"[""market_path_state != NORMAL""]",False
009813,貝萊德標普卓越50,2026-07-22,EXISTING_PENDING,C,RISK_OFF,RISK_OFF,116.0,11.25,,EXCLUDED_NON_NORMAL,3,False,PENDING_DAY10,EXCLUDED_NON_NORMAL,2026-07-22,2026-07-22,2026-07-22,True,RECONSTRUCTED_NOT_PRODUCTION_EXACT,,,EXCLUDED_NON_NORMAL,,"[""market_path_state != NORMAL""]",False
009817,國泰日本不動產,2026-07-22,EXISTING_PENDING,C,RISK_OFF,RISK_OFF,85.0,9.21,,EXCLUDED_NON_NORMAL,3,False,PENDING_DAY10,EXCLUDED_NON_NORMAL,2026-07-22,2026-07-22,2026-07-22,True,RECONSTRUCTED_NOT_PRODUCTION_EXACT,,,EXCLUDED_NON_NORMAL,,"[""market_path_state != NORMAL""]",False
1463,強盛新,2026-07-22,EXISTING_PENDING,C,RISK_OFF,RISK_OFF,66.0,17.95,,EXCLUDED_NON_NORMAL,3,False,PENDING_DAY10,EXCLUDED_NON_NORMAL,2026-07-22,2026-07-22,2026-07-22,True,RECONSTRUCTED_NOT_PRODUCTION_EXACT,,,EXCLUDED_NON_NORMAL,,"[""market_path_state != NORMAL""]",False
3665,貿聯-KY,2026-07-22,EXISTING_PENDING,C,RISK_OFF,RISK_OFF,119.0,2115.0,,EXCLUDED_NON_NORMAL,3,False,PENDING_DAY10,EXCLUDED_NON_NORMAL,2026-07-22,2026-07-22,2026-07-22,True,RECONSTRUCTED_NOT_PRODUCTION_EXACT,,,EXCLUDED_NON_NORMAL,,"[""market_path_state != NORMAL""]",False
3669,圓展,2026-07-22,EXISTING_PENDING,C,RISK_OFF,RISK_OFF,63.0,36.4,,EXCLUDED_NON_NORMAL,3,False,PENDING_DAY10,EXCLUDED_NON_NORMAL,2026-07-22,2026-07-22,2026-07-22,True,RECONSTRUCTED_NOT_PRODUCTION_EXACT,,,EXCLUDED_NON_NORMAL,,"[""market_path_state != NORMAL""]",False
00640L,富邦日本正2,2026-07-23,EXISTING_PENDING,C,RISK_OFF,RISK_OFF,97.0,106.5,,EXCLUDED_NON_NORMAL,2,False,PENDING_DAY10,EXCLUDED_NON_NORMAL,2026-07-23,2026-07-23,2026-07-23,True,RECONSTRUCTED_NOT_PRODUCTION_EXACT,,,EXCLUDED_NON_NORMAL,,"[""market_path_state != NORMAL""]",False
00650L,復華香港正2,2026-07-23,EXISTING_PENDING,C,RISK_OFF,RISK_OFF,92.0,17.01,,EXCLUDED_NON_NORMAL,2,False,PENDING_DAY10,EXCLUDED_NON_NORMAL,2026-07-23,2026-07-23,2026-07-23,True,RECONSTRUCTED_NOT_PRODUCTION_EXACT,,,EXCLUDED_NON_NORMAL,,"[""market_path_state != NORMAL""]",False
00882,中信中國高股息,2026-07-23,EXISTING_PENDING,C,RISK_OFF,RISK_OFF,108.0,15.13,,EXCLUDED_NON_NORMAL,2,False,PENDING_DAY10,EXCLUDED_NON_NORMAL,2026-07-23,2026-07-23,2026-07-23,True,RECONSTRUCTED_NOT_PRODUCTION_EXACT,,,EXCLUDED_NON_NORMAL,,"[""market_path_state != NORMAL""]",False
1325,恆大,2026-07-23,EXISTING_PENDING,C,RISK_OFF,RISK_OFF,99.0,28.25,,EXCLUDED_NON_NORMAL,2,False,PENDING_DAY10,EXCLUDED_NON_NORMAL,2026-07-23,2026-07-23,2026-07-23,True,RECONSTRUCTED_NOT_PRODUCTION_EXACT,,,EXCLUDED_NON_NORMAL,,"[""market_path_state != NORMAL""]",False
1418,東華,2026-07-23,EXISTING_PENDING,C,RISK_OFF,RISK_OFF,35.0,19.25,,EXCLUDED_NON_NORMAL,2,False,PENDING_DAY10,EXCLUDED_NON_NORMAL,2026-07-23,2026-07-23,2026-07-23,True,RECONSTRUCTED_NOT_PRODUCTION_EXACT,,,EXCLUDED_NON_NORMAL,,"[""market_path_state != NORMAL""]",False
6504,南六,2026-07-23,EXISTING_PENDING,C,RISK_OFF,RISK_OFF,69.0,38.4,,EXCLUDED_NON_NORMAL,2,False,PENDING_DAY10,EXCLUDED_NON_NORMAL,2026-07-23,2026-07-23,2026-07-23,True,RECONSTRUCTED_NOT_PRODUCTION_EXACT,,,EXCLUDED_NON_NORMAL,,"[""market_path_state != NORMAL""]",False
8271,宇瞻,2026-07-23,EXISTING_PENDING,C,RISK_OFF,RISK_OFF,65.0,210.0,,EXCLUDED_NON_NORMAL,2,False,PENDING_DAY10,EXCLUDED_NON_NORMAL,2026-07-23,2026-07-23,2026-07-23,True,RECONSTRUCTED_NOT_PRODUCTION_EXACT,,,EXCLUDED_NON_NORMAL,,"[""market_path_state != NORMAL""]",False
00681R,元大美債20反1,2026-07-24,EXISTING_PENDING,C,RISK_OFF,RISK_OFF,117.0,21.72,,EXCLUDED_NON_NORMAL,1,False,PENDING_DAY10,EXCLUDED_NON_NORMAL,2026-07-24,2026-07-24,2026-07-24,True,RECONSTRUCTED_NOT_PRODUCTION_EXACT,,,EXCLUDED_NON_NORMAL,,"[""market_path_state != NORMAL""]",False
2002,中鋼,2026-07-24,EXISTING_PENDING,C,RISK_OFF,RISK_OFF,65.0,19.15,,EXCLUDED_NON_NORMAL,1,False,PENDING_DAY10,EXCLUDED_NON_NORMAL,2026-07-24,2026-07-24,2026-07-24,True,RECONSTRUCTED_NOT_PRODUCTION_EXACT,,,EXCLUDED_NON_NORMAL,,"[""market_path_state != NORMAL""]",False
2385,群光,2026-07-24,EXISTING_PENDING,C,RISK_OFF,RISK_OFF,104.0,106.5,,EXCLUDED_NON_NORMAL,1,False,PENDING_DAY10,EXCLUDED_NON_NORMAL,2026-07-24,2026-07-24,2026-07-24,True,RECONSTRUCTED_NOT_PRODUCTION_EXACT,,,EXCLUDED_NON_NORMAL,,"[""market_path_state != NORMAL""]",False
2605,新興,2026-07-24,EXISTING_PENDING,C,RISK_OFF,RISK_OFF,73.0,32.3,,EXCLUDED_NON_NORMAL,1,False,PENDING_DAY10,EXCLUDED_NON_NORMAL,2026-07-24,2026-07-24,2026-07-24,True,RECONSTRUCTED_NOT_PRODUCTION_EXACT,,,EXCLUDED_NON_NORMAL,,"[""market_path_state != NORMAL""]",False
2609,陽明,2026-07-24,EXISTING_PENDING,C,RISK_OFF,RISK_OFF,112.0,51.5,,EXCLUDED_NON_NORMAL,1,False,PENDING_DAY10,EXCLUDED_NON_NORMAL,2026-07-24,2026-07-24,2026-07-24,True,RECONSTRUCTED_NOT_PRODUCTION_EXACT,,,EXCLUDED_NON_NORMAL,,"[""market_path_state != NORMAL""]",False
2616,山隆,2026-07-24,EXISTING_PENDING,C,RISK_OFF,RISK_OFF,102.0,13.9,,EXCLUDED_NON_NORMAL,1,False,PENDING_DAY10,EXCLUDED_NON_NORMAL,2026-07-24,2026-07-24,2026-07-24,True,RECONSTRUCTED_NOT_PRODUCTION_EXACT,,,EXCLUDED_NON_NORMAL,,"[""market_path_state != NORMAL""]",False
2701,萬企,2026-07-24,EXISTING_PENDING,C,RISK_OFF,RISK_OFF,111.0,10.8,,EXCLUDED_NON_NORMAL,1,False,PENDING_DAY10,EXCLUDED_NON_NORMAL,2026-07-24,2026-07-24,2026-07-24,True,RECONSTRUCTED_NOT_PRODUCTION_EXACT,,,EXCLUDED_NON_NORMAL,,"[""market_path_state != NORMAL""]",False
2712,遠雄來,2026-07-24,EXISTING_PENDING,C,RISK_OFF,RISK_OFF,86.0,15.0,,EXCLUDED_NON_NORMAL,1,False,PENDING_DAY10,EXCLUDED_NON_NORMAL,2026-07-24,2026-07-24,2026-07-24,True,RECONSTRUCTED_NOT_PRODUCTION_EXACT,,,EXCLUDED_NON_NORMAL,,"[""market_path_state != NORMAL""]",False
7765,中華資安,2026-07-24,EXISTING_PENDING,C,RISK_OFF,RISK_OFF,95.0,227.0,,EXCLUDED_NON_NORMAL,1,False,PENDING_DAY10,EXCLUDED_NON_NORMAL,2026-07-24,2026-07-24,2026-07-24,True,RECONSTRUCTED_NOT_PRODUCTION_EXACT,,,EXCLUDED_NON_NORMAL,,"[""market_path_state != NORMAL""]",False
9919,康那香,2026-07-24,EXISTING_PENDING,C,RISK_OFF,RISK_OFF,100.0,14.3,,EXCLUDED_NON_NORMAL,1,False,PENDING_DAY10,EXCLUDED_NON_NORMAL,2026-07-24,2026-07-24,2026-07-24,True,RECONSTRUCTED_NOT_PRODUCTION_EXACT,,,EXCLUDED_NON_NORMAL,,"[""market_path_state != NORMAL""]",False
