evaluation_date,advancing_count,declining_count,unchanged_count,advance_decline_ratio,stocks_above_ma5_pct,stocks_above_ma10_pct,stocks_above_ma20_pct,new_20d_high_count,new_20d_low_count,new_high_low_ratio,limit_up_count,limit_down_count,median_stock_return_1d,median_stock_return_5d,volume_expanding_count,advance_decline_ratio_3d,advance_decline_ratio_5d,breadth_change_3d,breadth_change_5d,index_stock_divergence
2026-05-28,449,809,92,0.5550061804697157,32.9073482428115,47.539936102236425,43.194888178913736,108,178,0.6067415730337079,32,7,-0.4447937045259809,0.2744356939571424,530,,,,,5.2085910069806225
2026-05-29,1016,247,86,4.113360323886639,54.82428115015975,58.977635782747605,51.8849840255591,280,67,4.17910447761194,47,1,1.1321683485109535,0.6097617653346599,451,,,,,5.222006356011121
2026-06-01,944,340,66,2.776470588235294,65.62300319488817,66.51757188498402,61.469648562300314,390,53,7.3584905660377355,75,1,0.9781279897948303,1.4393540459891163,615,2.4816123641972165,,,,2.4408917587418477
2026-06-02,640,616,94,1.0389610389610389,59.61661341853035,62.23642172523962,60.95846645367412,339,61,5.557377049180328,47,5,0.0,1.5743073047858935,488,2.642930650360991,,17.763578274760384,,3.0940964330800735
2026-06-03,938,360,51,2.6055555555555556,66.19808306709265,67.22044728434506,66.83706070287539,471,48,9.8125,60,1,1.0489510489510412,3.1070853941958188,559,2.1403290609172965,2.2178707374216486,14.952076677316292,,1.8692346289418627
2026-06-04,526,754,69,0.6976127320954907,53.03514376996805,61.980830670926515,65.62300319488817,285,49,5.816326530612245,44,7,-0.3610108303249038,3.3898305084745672,451,1.4473764422040285,2.2463920477468036,4.153354632587856,22.428115015974434,1.2874988061991166
2026-06-05,424,847,75,0.500590318772137,38.466453674121404,54.12140575079872,62.61980830670927,182,64,2.84375,20,13,-0.6849315068493123,1.3657240109108737,393,1.2679195354743948,1.5238380467239034,1.6613418530351467,10.734824281150168,-0.6101286934557693
2026-06-08,121,1187,38,0.10193765796124685,13.993610223642172,28.498402555910545,42.49201277955272,59,205,0.28780487804878047,17,48,-2.8729628531018845,-1.8442622950819665,393,0.4333802362762918,0.988931460669094,-24.345047923322674,-18.977635782747598,-2.2034099509479095
2026-06-09,955,308,85,3.1006493506493507,25.495207667731627,36.61341853035144,51.8849840255591,151,73,2.0684931506849313,60,0,1.0973957549299973,-1.0638297872340385,290,1.2343924424609118,1.4012691230067564,-13.738019169329071,-9.073482428115021,-0.8082517733321914
2026-06-10,318,956,76,0.33263598326359833,21.46964856230032,27.731629392971247,41.405750798722046,128,195,0.6564102564102564,14,20,-1.4197336255148962,-3.828828828828823,398,1.1784076639580656,0.9466852085483648,-21.21405750798722,-25.431309904153345,-3.1313056204380185
2026-06-11,539,712,98,0.7570224719101124,27.15654952076677,26.389776357827476,39.233226837060705,119,171,0.695906432748538,18,6,-0.1984126984126977,-3.6363636363636376,256,1.3967692686076874,0.9585671565112893,-3.258785942492011,-26.389776357827465,-1.8980947157426264
2026-06-12,1041,235,72,4.4297872340425535,56.23003194888179,35.84664536741214,50.22364217252397,157,37,4.243243243243243,45,5,1.1612043529299787,-1.4492753623188415,240,1.839815229738755,1.7444065395653727,-1.6613418530351325,-12.3961661341853,-0.5517922879231973
2026-06-15,943,328,75,2.875,65.87859424920129,48.498402555910545,56.42172523961661,231,34,6.794117647058823,57,8,0.8867213913918648,2.0408163265306145,279,2.6872699019842226,2.299019007973123,15.015974440894567,13.929712460063897,2.3134111504260257
2026-06-16,480,781,88,0.614596670934699,55.39936102236421,44.60063897763578,50.798722044728436,150,63,2.380952380952381,26,5,-0.3389830508474634,0.4545454545454408,211,2.639794634992418,1.8018084720301928,11.56549520766773,-1.0862619808306633,2.0166855909614423
2026-06-17,778,431,144,1.8051044083526682,58.27476038338658,50.095846645367416,52.204472843450475,203,61,3.3278688524590163,45,3,0.3351955307262511,1.9261637239165408,188,1.7649003597624564,2.096302157048007,1.9808306709265082,10.798722044728429,4.208750958467999
2026-06-18,747,482,121,1.549792531120332,55.84664536741214,55.39936102236421,53.03514376996805,243,60,4.05,57,3,0.27155477552947005,2.5464198147935546,285,1.323164536802567,2.254856168890051,-3.3865814696485614,13.801916932907346,5.137894195161596
2026-06-22,717,542,94,1.3228782287822878,51.18210862619809,57.50798722044729,54.12140575079872,273,73,3.73972602739726,68,4,0.19474196689386325,1.4167303206094273,384,1.5592583894184298,1.633474367837998,3.3226837060702863,3.8977635782747555,6.671446375103218
2026-06-23,288,972,93,0.2962962962962963,36.16613418530352,45.11182108626198,45.68690095846645,104,135,0.7703703703703704,17,10,-1.0729613733905574,-0.16515276630882925,280,1.0563223520663059,1.117733627097257,-6.517571884984022,-10.73482428115016,3.917956641631848
2026-06-24,562,688,102,0.8168604651162791,29.456869009584665,44.34504792332268,44.281150159744406,105,122,0.860655737704918,24,5,-0.11441199799616109,0.0,233,0.8120116633982883,1.1581863859335733,-8.753993610223645,-6.517571884984029,0.5117095499832969
2026-06-25,597,644,110,0.9270186335403726,30.031948881789138,41.21405750798722,41.533546325878596,127,165,0.7696969696969697,18,3,0.0,-0.3603896103896165,196,0.6800584649843167,0.9825692309711138,-12.587859424920126,-10.670926517571878,1.1840415225842837
2026-06-26,124,1192,35,0.1040268456375839,11.757188498402556,17.316293929712458,25.495207667731627,49,414,0.11835748792270531,7,32,-2.2556390977443663,-3.170028818443804,298,0.6159686480980792,0.6934160938745644,-20.191693290734825,-27.539936102236425,-0.9049348102503463
2026-06-29,851,411,88,2.070559610705596,25.23961661341853,22.108626198083066,29.77635782747604,83,182,0.45604395604395603,21,5,0.43895777334603814,-2.9598452653372576,162,1.0338683632945183,0.842952370259226,-14.504792332268366,-24.34504792332268,-2.782767400244534
2026-06-30,963,305,82,3.1573770491803277,49.39297124600639,36.29392971246006,39.04153354632588,119,82,1.451219512195122,60,2,1.0130858706808077,-0.8556149732620311,221,1.7773211685078365,1.4151685208360323,-2.4920127795527165,-6.645367412140573,-1.2138681442745547
2026-07-01,579,674,102,0.8590504451038575,49.96805111821086,37.18849840255591,38.977635782747605,110,125,0.88,35,1,0.0,-0.5258581488809866,287,2.0289957016632614,1.4236065168335479,13.482428115015978,-5.303514376996802,2.644263312682249
2026-07-02,770,491,92,1.5682281059063137,60.191693290734825,43.38658146964856,43.322683706070286,138,94,1.4680851063829787,54,4,0.33248081841430466,-0.181818181818183,288,1.861551866730167,1.5518484113067363,13.546325878594246,1.7891373801916899,1.238779055024819
2026-07-03,999,287,64,3.480836236933798,67.98722044728434,59.04153354632587,56.16613418530352,252,28,9.0,59,3,1.0150000686816263,3.327300246693876,399,1.9693715959813236,2.2272102895659787,17.12460063897764,30.670926517571893,1.6284385439663929
2026-07-06,679,563,109,1.2060390763765543,61.980830670926515,60.319488817891376,56.677316293929714,262,36,7.277777777777778,29,7,0.06381620931716903,2.952029520295185,367,2.0850344730722226,2.054306182700171,17.69968051118211,26.900958466453673,0.5068448327589348
2026-07-07,194,1094,65,0.1773308957952468,30.670926517571885,38.91373801916933,38.849840255591054,96,146,0.6575342465753424,8,35,-1.7561983471074405,0.0,349,1.621402069701867,1.4582969520231546,-4.472843450479232,-0.19169329073482544,-1.4022487578022935
2026-07-08,482,776,97,0.6211340206185567,23.706070287539934,36.42172523961661,36.74121405750799,80,150,0.5333333333333333,17,5,-0.2574665293511913,0.0,206,0.6681679975967866,1.4107136671260943,-19.42492012779553,-2.236421725239616,-2.732045073703193
2026-07-09,540,712,104,0.7584269662921348,21.789137380191693,35.52715654952077,34.4408945686901,75,150,0.5,22,6,-0.16133733981763543,-0.4844961240310197,199,0.51896396090198,1.2487534392032584,-22.236421725239616,-8.881789137380188,-2.488174686611433
2026-07-13,452,831,73,0.5439229843561973,24.281150159744406,29.840255591054316,30.926517571884983,94,283,0.3321554770318021,26,22,-0.46512634129456387,-2.452316076294292,269,0.6411613237556302,0.6613707886877384,-7.923322683706072,-25.239616613418537,-0.5405899604363107
2026-07-14,288,991,73,0.29061553985872857,21.533546325878593,20.511182108626198,24.34504792332268,82,452,0.18141592920353983,13,8,-1.1135912698412742,-3.700280687341684,438,0.5309884968356875,0.4782860813841731,-12.396166134185307,-32.33226837060703,-0.2056063455661561
2026-07-15,1122,170,62,6.6,50.031948881789134,36.48562300319489,35.07987220447284,153,76,2.013157894736842,34,0,1.4376742098549666,-0.4739336492891044,215,2.4781795080716424,1.7628199022251239,0.6389776357827444,-3.7699680511182123,0.8092084600758498
2026-07-16,454,794,108,0.5717884130982368,43.194888178913736,33.1629392971246,32.843450479233226,127,198,0.6414141414141414,18,8,-0.4201680672268948,-0.60606060606061,200,2.487467984318989,1.7529507807210596,1.9169329073482437,-3.8977635782747626,0.36678781343029154
2026-07-17,134,1185,36,0.11308016877637131,16.549520766773163,15.910543130990416,21.150159744408946,55,671,0.08196721311475409,3,95,-3.3266129032258007,-3.678929765886285,487,2.4282895272915366,1.6238814212179071,-3.194888178913736,-13.290734824281152,-2.237425815167115
2026-07-20,507,754,91,0.6724137931034483,18.78594249201278,18.14696485623003,22.492012779552716,65,535,0.12149532710280374,11,19,-0.3701589331384647,-3.192159103550801,285,0.4524274583260193,1.6495795829673572,-12.587859424920126,-8.434504792332266,-3.266162660941979
2026-07-21,1070,210,68,5.095238095238095,33.9297124600639,28.817891373801917,27.412140575079874,89,65,1.3692307692307693,45,2,1.2823340606520572,-0.7882488505292606,186,1.9602440190393053,2.6105040940432302,-5.431309904153352,3.067092651757193,-0.3407255436930767
2026-07-22,749,517,86,1.448742746615087,49.39297124600639,31.437699680511184,26.900958466453673,65,92,0.7065217391304348,29,3,0.3744255109360273,-1.8599129402453451,234,2.405464878318877,1.580252643366248,5.750798722044728,-8.178913738019169,0.09400910038352972
2026-07-23,490,750,112,0.6533333333333333,51.501597444089455,30.287539936102238,25.623003194888177,63,129,0.4883720930232558,8,9,-0.2473325896208689,-1.7937219730941756,153,2.3991047250621724,1.5965616274132672,3.130990415335461,-7.220447284345049,0.09691027038218891
2026-07-24,387,862,100,0.44895591647331784,32.26837060702875,25.175718849840255,22.93929712460064,57,239,0.2384937238493724,7,13,-0.7434944237918351,0.264250684349554,162,0.8503439988072466,1.6637367769526565,-4.472843450479235,1.7891373801916934,2.040742815961083
