stock_id,stock_name,episode_start_date,dataset,normal_subregime,production_market_regime,market_path_state,entry_close,episode_return_day0_to_day10,episode_outcome,future_trade_date_10d,maturity_status,data_status
0055,元大MSCI金融,2026-06-15,A,RANGE_NORMAL,VOLATILE_RANGE,NORMAL,41.0,2.3658536585365875,NEUTRAL,2026-06-30,MATURED,RECONSTRUCTED_NOT_PRODUCTION_EXACT
2891,中信金,2026-06-15,A,RANGE_NORMAL,VOLATILE_RANGE,NORMAL,70.1,1.2838801711840375,NEUTRAL,2026-06-30,MATURED,RECONSTRUCTED_NOT_PRODUCTION_EXACT
00990A,主動元大AI新經濟,2026-06-15,A,RANGE_NORMAL,VOLATILE_RANGE,NORMAL,20.47,1.514411333659016,NEUTRAL,2026-06-30,MATURED,RECONSTRUCTED_NOT_PRODUCTION_EXACT
00701,國泰股利精選30,2026-06-15,A,RANGE_NORMAL,VOLATILE_RANGE,NORMAL,37.62,4.253056884635842,NEUTRAL,2026-06-30,MATURED,RECONSTRUCTED_NOT_PRODUCTION_EXACT
00876,元大全球5G,2026-06-15,A,RANGE_NORMAL,VOLATILE_RANGE,NORMAL,98.85,7.233181588265047,NEUTRAL,2026-06-30,MATURED,RECONSTRUCTED_NOT_PRODUCTION_EXACT
6202,盛群,2026-06-15,A,RANGE_NORMAL,VOLATILE_RANGE,NORMAL,65.2,-0.1533742331288445,NEUTRAL,2026-06-30,MATURED,RECONSTRUCTED_NOT_PRODUCTION_EXACT
00941,中信上游半導體,2026-06-15,A,RANGE_NORMAL,VOLATILE_RANGE,NORMAL,28.58,4.163750874737593,NEUTRAL,2026-06-30,MATURED,RECONSTRUCTED_NOT_PRODUCTION_EXACT
00663L,國泰臺灣加權正2,2026-06-15,A,RANGE_NORMAL,VOLATILE_RANGE,NORMAL,107.6,3.7639405204461074,NEUTRAL,2026-06-30,MATURED,RECONSTRUCTED_NOT_PRODUCTION_EXACT
00661,元大日經225,2026-06-15,A,RANGE_NORMAL,VOLATILE_RANGE,NORMAL,89.3,1.7357222844344822,NEUTRAL,2026-06-30,MATURED,RECONSTRUCTED_NOT_PRODUCTION_EXACT
00675L,富邦臺灣加權正2,2026-06-15,A,RANGE_NORMAL,VOLATILE_RANGE,NORMAL,325.85,3.8514653981893465,NEUTRAL,2026-06-30,MATURED,RECONSTRUCTED_NOT_PRODUCTION_EXACT
00685L,群益臺灣加權正2,2026-06-15,A,RANGE_NORMAL,VOLATILE_RANGE,NORMAL,295.95,3.3958438925494105,NEUTRAL,2026-06-30,MATURED,RECONSTRUCTED_NOT_PRODUCTION_EXACT
4952,凌通,2026-06-15,A,RANGE_NORMAL,VOLATILE_RANGE,NORMAL,58.5,-1.7094017094017144,NEUTRAL,2026-06-30,MATURED,RECONSTRUCTED_NOT_PRODUCTION_EXACT
00731,復華富時高息低波,2026-06-15,A,RANGE_NORMAL,VOLATILE_RANGE,NORMAL,87.3,1.8327605956472093,NEUTRAL,2026-06-30,MATURED,RECONSTRUCTED_NOT_PRODUCTION_EXACT
00915,凱基優選高股息30,2026-06-15,A,RANGE_NORMAL,VOLATILE_RANGE,NORMAL,31.46,3.242212333121408,NEUTRAL,2026-06-30,MATURED,RECONSTRUCTED_NOT_PRODUCTION_EXACT
00929,復華台灣科技優息,2026-06-15,A,RANGE_NORMAL,VOLATILE_RANGE,NORMAL,30.49,0.951131518530679,NEUTRAL,2026-06-30,MATURED,RECONSTRUCTED_NOT_PRODUCTION_EXACT
00901,永豐智能車供應鏈,2026-06-15,A,RANGE_NORMAL,VOLATILE_RANGE,NORMAL,46.6,1.716738197424883,NEUTRAL,2026-06-30,MATURED,RECONSTRUCTED_NOT_PRODUCTION_EXACT
00918,大華優利高填息30,2026-06-15,A,RANGE_NORMAL,VOLATILE_RANGE,NORMAL,31.88,0.7841907151819427,NEUTRAL,2026-06-30,MATURED,RECONSTRUCTED_NOT_PRODUCTION_EXACT
00939,統一台灣高息動能,2026-06-15,A,RANGE_NORMAL,VOLATILE_RANGE,NORMAL,21.27,0.8932769158439102,NEUTRAL,2026-06-30,MATURED,RECONSTRUCTED_NOT_PRODUCTION_EXACT
00690,兆豐藍籌30,2026-06-15,A,RANGE_NORMAL,VOLATILE_RANGE,NORMAL,80.25,1.3707165109034136,NEUTRAL,2026-06-30,MATURED,RECONSTRUCTED_NOT_PRODUCTION_EXACT
00954,中信日本半導體,2026-06-15,A,RANGE_NORMAL,VOLATILE_RANGE,NORMAL,21.08,6.166982922201147,NEUTRAL,2026-06-30,MATURED,RECONSTRUCTED_NOT_PRODUCTION_EXACT
00935,野村臺灣新科技50,2026-06-15,A,RANGE_NORMAL,VOLATILE_RANGE,NORMAL,60.85,2.629416598192269,NEUTRAL,2026-06-30,MATURED,RECONSTRUCTED_NOT_PRODUCTION_EXACT
00830,國泰費城半導體,2026-06-15,A,RANGE_NORMAL,VOLATILE_RANGE,NORMAL,98.45,-0.6602336211274817,NEUTRAL,2026-06-30,MATURED,RECONSTRUCTED_NOT_PRODUCTION_EXACT
00951,台新日本半導體,2026-06-15,A,RANGE_NORMAL,VOLATILE_RANGE,NORMAL,19.75,6.278481012658221,NEUTRAL,2026-06-30,MATURED,RECONSTRUCTED_NOT_PRODUCTION_EXACT
00735,國泰臺韓科技,2026-06-15,A,RANGE_NORMAL,VOLATILE_RANGE,NORMAL,113.0,3.4070796460176966,NEUTRAL,2026-06-30,MATURED,RECONSTRUCTED_NOT_PRODUCTION_EXACT
5471,松翰,2026-06-15,A,RANGE_NORMAL,VOLATILE_RANGE,NORMAL,57.4,7.317073170731714,NEUTRAL,2026-06-30,MATURED,RECONSTRUCTED_NOT_PRODUCTION_EXACT
009804,聯邦台精彩50,2026-06-15,A,RANGE_NORMAL,VOLATILE_RANGE,NORMAL,23.67,2.408111533586798,NEUTRAL,2026-06-30,MATURED,RECONSTRUCTED_NOT_PRODUCTION_EXACT
4551,智伸科,2026-06-15,A,RANGE_NORMAL,VOLATILE_RANGE,NORMAL,167.0,34.730538922155695,WINNER,2026-06-30,MATURED,RECONSTRUCTED_NOT_PRODUCTION_EXACT
00930,永豐ESG低碳高息,2026-06-15,A,RANGE_NORMAL,VOLATILE_RANGE,NORMAL,24.74,0.8488278092158463,NEUTRAL,2026-06-30,MATURED,RECONSTRUCTED_NOT_PRODUCTION_EXACT
00900,富邦特選高股息30,2026-06-15,A,RANGE_NORMAL,VOLATILE_RANGE,NORMAL,19.51,-1.5376729882111806,NEUTRAL,2026-06-30,MATURED,RECONSTRUCTED_NOT_PRODUCTION_EXACT
009802,富邦旗艦50,2026-06-15,A,RANGE_NORMAL,VOLATILE_RANGE,NORMAL,19.92,-2.5602409638554313,NEUTRAL,2026-06-30,MATURED,RECONSTRUCTED_NOT_PRODUCTION_EXACT
00631L,元大台灣50正2,2026-06-15,A,RANGE_NORMAL,VOLATILE_RANGE,NORMAL,37.07,3.641758834637177,NEUTRAL,2026-06-30,MATURED,RECONSTRUCTED_NOT_PRODUCTION_EXACT
0050,元大台灣50,2026-06-15,A,RANGE_NORMAL,VOLATILE_RANGE,NORMAL,105.25,2.422802850356298,NEUTRAL,2026-06-30,MATURED,RECONSTRUCTED_NOT_PRODUCTION_EXACT
00907,永豐優息存股,2026-06-15,A,RANGE_NORMAL,VOLATILE_RANGE,NORMAL,16.36,-0.916870415647908,NEUTRAL,2026-06-30,MATURED,RECONSTRUCTED_NOT_PRODUCTION_EXACT
00905,FT臺灣Smart,2026-06-15,A,RANGE_NORMAL,VOLATILE_RANGE,NORMAL,27.7,2.743682310469331,NEUTRAL,2026-06-30,MATURED,RECONSTRUCTED_NOT_PRODUCTION_EXACT
3041,揚智,2026-06-15,A,RANGE_NORMAL,VOLATILE_RANGE,NORMAL,27.0,5.9259259259259345,NEUTRAL,2026-06-30,MATURED,RECONSTRUCTED_NOT_PRODUCTION_EXACT
00988A,主動統一全球創新,2026-06-15,A,RANGE_NORMAL,VOLATILE_RANGE,NORMAL,22.36,-0.3577817531305816,NEUTRAL,2026-06-30,MATURED,RECONSTRUCTED_NOT_PRODUCTION_EXACT
00912,中信臺灣智慧50,2026-06-15,A,RANGE_NORMAL,VOLATILE_RANGE,NORMAL,33.87,1.4762326542663071,NEUTRAL,2026-06-30,MATURED,RECONSTRUCTED_NOT_PRODUCTION_EXACT
5434,崇越,2026-06-15,A,RANGE_NORMAL,VOLATILE_RANGE,NORMAL,468.0,17.307692307692314,WINNER,2026-06-30,MATURED,RECONSTRUCTED_NOT_PRODUCTION_EXACT
00850,元大臺灣ESG永續,2026-06-15,A,RANGE_NORMAL,VOLATILE_RANGE,NORMAL,90.35,1.8815716657443415,NEUTRAL,2026-06-30,MATURED,RECONSTRUCTED_NOT_PRODUCTION_EXACT
00947,台新臺灣IC設計,2026-06-15,A,RANGE_NORMAL,VOLATILE_RANGE,NORMAL,38.66,2.6125193998965512,NEUTRAL,2026-06-30,MATURED,RECONSTRUCTED_NOT_PRODUCTION_EXACT
00923,群益台ESG低碳50,2026-06-15,A,RANGE_NORMAL,VOLATILE_RANGE,NORMAL,42.39,1.5805614531729129,NEUTRAL,2026-06-30,MATURED,RECONSTRUCTED_NOT_PRODUCTION_EXACT
00692,富邦公司治理,2026-06-15,A,RANGE_NORMAL,VOLATILE_RANGE,NORMAL,91.05,2.251510159253156,NEUTRAL,2026-06-30,MATURED,RECONSTRUCTED_NOT_PRODUCTION_EXACT
6191,精成科,2026-06-15,A,RANGE_NORMAL,VOLATILE_RANGE,NORMAL,103.0,3.398058252427183,NEUTRAL,2026-06-30,MATURED,RECONSTRUCTED_NOT_PRODUCTION_EXACT
00908,富邦入息REITs+,2026-06-15,A,RANGE_NORMAL,VOLATILE_RANGE,NORMAL,15.12,0.5952380952381153,NEUTRAL,2026-06-30,MATURED,RECONSTRUCTED_NOT_PRODUCTION_EXACT
006204,永豐臺灣加權,2026-06-15,A,RANGE_NORMAL,VOLATILE_RANGE,NORMAL,227.0,2.841409691629959,NEUTRAL,2026-06-30,MATURED,RECONSTRUCTED_NOT_PRODUCTION_EXACT
00657,國泰日經225,2026-06-15,A,RANGE_NORMAL,VOLATILE_RANGE,NORMAL,80.8,1.9183168316831756,NEUTRAL,2026-06-30,MATURED,RECONSTRUCTED_NOT_PRODUCTION_EXACT
00944,野村趨勢動能高息,2026-06-15,A,RANGE_NORMAL,VOLATILE_RANGE,NORMAL,21.36,4.260299625468167,NEUTRAL,2026-06-30,MATURED,RECONSTRUCTED_NOT_PRODUCTION_EXACT
006208,富邦台50,2026-06-15,A,RANGE_NORMAL,VOLATILE_RANGE,NORMAL,244.1,2.498975829578032,NEUTRAL,2026-06-30,MATURED,RECONSTRUCTED_NOT_PRODUCTION_EXACT
00927,群益半導體收益,2026-06-15,A,RANGE_NORMAL,VOLATILE_RANGE,NORMAL,39.61,5.402676091895997,NEUTRAL,2026-06-30,MATURED,RECONSTRUCTED_NOT_PRODUCTION_EXACT
3044,健鼎,2026-06-15,A,RANGE_NORMAL,VOLATILE_RANGE,NORMAL,520.0,-0.3846153846153832,NEUTRAL,2026-06-30,MATURED,RECONSTRUCTED_NOT_PRODUCTION_EXACT
00861,元大全球未來通訊,2026-06-16,A,RANGE_NORMAL,VOLATILE_RANGE,NORMAL,95.6,1.5167364016736462,NEUTRAL,2026-07-01,MATURED,RECONSTRUCTED_NOT_PRODUCTION_EXACT
00913,兆豐台灣晶圓製造,2026-06-16,A,RANGE_NORMAL,VOLATILE_RANGE,NORMAL,52.0,5.09615384615385,NEUTRAL,2026-07-01,MATURED,RECONSTRUCTED_NOT_PRODUCTION_EXACT
00892,富邦台灣半導體,2026-06-16,A,RANGE_NORMAL,VOLATILE_RANGE,NORMAL,44.99,3.2451655923538603,NEUTRAL,2026-07-01,MATURED,RECONSTRUCTED_NOT_PRODUCTION_EXACT
00991A,主動復華未來50,2026-06-16,A,RANGE_NORMAL,VOLATILE_RANGE,NORMAL,19.84,5.191532258064524,NEUTRAL,2026-07-01,MATURED,RECONSTRUCTED_NOT_PRODUCTION_EXACT
0053,元大電子,2026-06-16,A,RANGE_NORMAL,VOLATILE_RANGE,NORMAL,241.8,3.3912324234904867,NEUTRAL,2026-07-01,MATURED,RECONSTRUCTED_NOT_PRODUCTION_EXACT
00881,國泰台灣科技龍頭,2026-06-16,A,RANGE_NORMAL,VOLATILE_RANGE,NORMAL,54.85,1.823154056517784,NEUTRAL,2026-07-01,MATURED,RECONSTRUCTED_NOT_PRODUCTION_EXACT
009816,凱基台灣TOP50,2026-06-16,A,RANGE_NORMAL,VOLATILE_RANGE,NORMAL,15.51,2.063185041908455,NEUTRAL,2026-07-01,MATURED,RECONSTRUCTED_NOT_PRODUCTION_EXACT
1456,怡華,2026-06-16,A,RANGE_NORMAL,VOLATILE_RANGE,NORMAL,14.55,-3.7800687285223455,NEUTRAL,2026-07-01,MATURED,RECONSTRUCTED_NOT_PRODUCTION_EXACT
00851,台新全球AI,2026-06-16,A,RANGE_NORMAL,VOLATILE_RANGE,NORMAL,73.85,1.8280297901151157,NEUTRAL,2026-07-01,MATURED,RECONSTRUCTED_NOT_PRODUCTION_EXACT
00911,兆豐洲際半導體,2026-06-16,A,RANGE_NORMAL,VOLATILE_RANGE,NORMAL,66.75,2.4719101123595655,NEUTRAL,2026-07-01,MATURED,RECONSTRUCTED_NOT_PRODUCTION_EXACT
00983A,主動中信ARK創新,2026-06-16,A,RANGE_NORMAL,VOLATILE_RANGE,NORMAL,11.94,3.433835845896138,NEUTRAL,2026-07-01,MATURED,RECONSTRUCTED_NOT_PRODUCTION_EXACT
00989A,主動摩根美國科技,2026-06-16,A,RANGE_NORMAL,VOLATILE_RANGE,NORMAL,18.36,2.8322440087146017,NEUTRAL,2026-07-01,MATURED,RECONSTRUCTED_NOT_PRODUCTION_EXACT
009809,富邦淨零ESG50,2026-06-16,A,RANGE_NORMAL,VOLATILE_RANGE,NORMAL,17.4,5.114942528735633,NEUTRAL,2026-07-01,MATURED,RECONSTRUCTED_NOT_PRODUCTION_EXACT
00898,國泰基因免疫革命,2026-06-16,A,RANGE_NORMAL,VOLATILE_RANGE,NORMAL,8.44,10.18957345971565,NEUTRAL,2026-07-01,MATURED,RECONSTRUCTED_NOT_PRODUCTION_EXACT
00893,國泰智能電動車,2026-06-16,A,RANGE_NORMAL,VOLATILE_RANGE,NORMAL,47.54,-0.0841396718552767,NEUTRAL,2026-07-01,MATURED,RECONSTRUCTED_NOT_PRODUCTION_EXACT
0052,富邦科技,2026-06-16,A,RANGE_NORMAL,VOLATILE_RANGE,NORMAL,61.85,4.122877930476965,NEUTRAL,2026-07-01,MATURED,RECONSTRUCTED_NOT_PRODUCTION_EXACT
00922,國泰台灣領袖50,2026-06-16,A,RANGE_NORMAL,VOLATILE_RANGE,NORMAL,40.48,3.532608695652173,NEUTRAL,2026-07-01,MATURED,RECONSTRUCTED_NOT_PRODUCTION_EXACT
0057,富邦摩台,2026-06-16,A,RANGE_NORMAL,VOLATILE_RANGE,NORMAL,314.05,3.327495621716281,NEUTRAL,2026-07-01,MATURED,RECONSTRUCTED_NOT_PRODUCTION_EXACT
00980A,主動野村臺灣優選,2026-06-16,A,RANGE_NORMAL,VOLATILE_RANGE,NORMAL,24.6,1.2601626016260026,NEUTRAL,2026-07-01,MATURED,RECONSTRUCTED_NOT_PRODUCTION_EXACT
00995A,主動中信台灣卓越,2026-06-16,A,RANGE_NORMAL,VOLATILE_RANGE,NORMAL,17.96,2.839643652561241,NEUTRAL,2026-07-01,MATURED,RECONSTRUCTED_NOT_PRODUCTION_EXACT
2340,台亞,2026-06-16,A,RANGE_NORMAL,VOLATILE_RANGE,NORMAL,39.1,-10.10230179028133,LOSER,2026-07-01,MATURED,RECONSTRUCTED_NOT_PRODUCTION_EXACT
1515,力山,2026-06-17,A,RANGE_NORMAL,VOLATILE_RANGE,NORMAL,25.7,51.55642023346305,WINNER,2026-07-02,MATURED,RECONSTRUCTED_NOT_PRODUCTION_EXACT
7786,東方風能,2026-06-17,A,RANGE_NORMAL,VOLATILE_RANGE,NORMAL,129.0,-4.651162790697672,NEUTRAL,2026-07-02,MATURED,RECONSTRUCTED_NOT_PRODUCTION_EXACT
9136,巨騰-DR,2026-06-17,A,RANGE_NORMAL,VOLATILE_RANGE,NORMAL,16.65,-18.01801801801801,LOSER,2026-07-02,MATURED,RECONSTRUCTED_NOT_PRODUCTION_EXACT
5469,瀚宇博,2026-06-17,A,RANGE_NORMAL,VOLATILE_RANGE,NORMAL,86.6,1.039260969976907,NEUTRAL,2026-07-02,MATURED,RECONSTRUCTED_NOT_PRODUCTION_EXACT
2460,建通,2026-06-17,A,RANGE_NORMAL,VOLATILE_RANGE,NORMAL,35.5,2.8169014084507005,NEUTRAL,2026-07-02,MATURED,RECONSTRUCTED_NOT_PRODUCTION_EXACT
2489,瑞軒,2026-06-17,A,RANGE_NORMAL,VOLATILE_RANGE,NORMAL,48.6,-14.40329218106996,LOSER,2026-07-02,MATURED,RECONSTRUCTED_NOT_PRODUCTION_EXACT
4722,國精化,2026-06-17,A,RANGE_NORMAL,VOLATILE_RANGE,NORMAL,264.0,4.924242424242431,NEUTRAL,2026-07-02,MATURED,RECONSTRUCTED_NOT_PRODUCTION_EXACT
6213,聯茂,2026-06-17,A,RANGE_NORMAL,VOLATILE_RANGE,NORMAL,267.5,34.01869158878505,WINNER,2026-07-02,MATURED,RECONSTRUCTED_NOT_PRODUCTION_EXACT
2611,志信,2026-06-17,A,RANGE_NORMAL,VOLATILE_RANGE,NORMAL,14.05,-2.135231316725983,NEUTRAL,2026-07-02,MATURED,RECONSTRUCTED_NOT_PRODUCTION_EXACT
7795,長廣,2026-06-17,A,RANGE_NORMAL,VOLATILE_RANGE,NORMAL,400.0,52.75000000000001,WINNER,2026-07-02,MATURED,RECONSTRUCTED_NOT_PRODUCTION_EXACT
1301,台塑,2026-06-17,A,RANGE_NORMAL,VOLATILE_RANGE,NORMAL,47.95,24.504692387904072,WINNER,2026-07-02,MATURED,RECONSTRUCTED_NOT_PRODUCTION_EXACT
1802,台玻,2026-06-17,A,RANGE_NORMAL,VOLATILE_RANGE,NORMAL,69.3,1.587301587301604,NEUTRAL,2026-07-02,MATURED,RECONSTRUCTED_NOT_PRODUCTION_EXACT
1541,錩泰,2026-06-17,A,RANGE_NORMAL,VOLATILE_RANGE,NORMAL,22.5,-4.888888888888898,NEUTRAL,2026-07-02,MATURED,RECONSTRUCTED_NOT_PRODUCTION_EXACT
00403A,主動統一升級50,2026-06-17,A,RANGE_NORMAL,VOLATILE_RANGE,NORMAL,10.75,3.6279069767442,NEUTRAL,2026-07-02,MATURED,RECONSTRUCTED_NOT_PRODUCTION_EXACT
6472,保瑞,2026-06-17,A,RANGE_NORMAL,VOLATILE_RANGE,NORMAL,412.5,4.7272727272727355,NEUTRAL,2026-07-02,MATURED,RECONSTRUCTED_NOT_PRODUCTION_EXACT
1531,高林股,2026-06-17,A,RANGE_NORMAL,VOLATILE_RANGE,NORMAL,12.95,-0.3861003861003742,NEUTRAL,2026-07-02,MATURED,RECONSTRUCTED_NOT_PRODUCTION_EXACT
3535,晶彩科,2026-06-17,A,RANGE_NORMAL,VOLATILE_RANGE,NORMAL,134.5,-14.12639405204461,LOSER,2026-07-02,MATURED,RECONSTRUCTED_NOT_PRODUCTION_EXACT
2402,毅嘉,2026-06-17,A,RANGE_NORMAL,VOLATILE_RANGE,NORMAL,70.9,-4.090267983074758,NEUTRAL,2026-07-02,MATURED,RECONSTRUCTED_NOT_PRODUCTION_EXACT
1465,偉全,2026-06-17,A,RANGE_NORMAL,VOLATILE_RANGE,NORMAL,12.45,1.2048192771084263,NEUTRAL,2026-07-02,MATURED,RECONSTRUCTED_NOT_PRODUCTION_EXACT
8039,台虹,2026-06-17,A,RANGE_NORMAL,VOLATILE_RANGE,NORMAL,146.0,1.3698630136986356,NEUTRAL,2026-07-02,MATURED,RECONSTRUCTED_NOT_PRODUCTION_EXACT
0051,元大中型100,2026-06-18,A,BULL_NORMAL,BULL_TREND,NORMAL,147.7,1.1171293161814422,NEUTRAL,2026-07-03,MATURED,RECONSTRUCTED_NOT_PRODUCTION_EXACT
00946,群益科技高息成長,2026-06-18,A,BULL_NORMAL,BULL_TREND,NORMAL,15.4,1.9480519480519431,NEUTRAL,2026-07-03,MATURED,RECONSTRUCTED_NOT_PRODUCTION_EXACT
00733,富邦臺灣中小,2026-06-18,A,BULL_NORMAL,BULL_TREND,NORMAL,78.25,0.575079872204487,NEUTRAL,2026-07-03,MATURED,RECONSTRUCTED_NOT_PRODUCTION_EXACT
009803,玉山市值動能50,2026-06-18,A,BULL_NORMAL,BULL_TREND,NORMAL,21.97,-0.0910332271279013,NEUTRAL,2026-07-03,MATURED,RECONSTRUCTED_NOT_PRODUCTION_EXACT
009808,華南永昌優選50,2026-06-18,A,BULL_NORMAL,BULL_TREND,NORMAL,32.0,0.0,NEUTRAL,2026-07-03,MATURED,RECONSTRUCTED_NOT_PRODUCTION_EXACT
00896,中信綠能及電動車,2026-06-18,A,BULL_NORMAL,BULL_TREND,NORMAL,27.97,1.2155881301394444,NEUTRAL,2026-07-03,MATURED,RECONSTRUCTED_NOT_PRODUCTION_EXACT
00993A,主動安聯台灣,2026-06-18,A,BULL_NORMAL,BULL_TREND,NORMAL,14.29,0.7697690692792358,NEUTRAL,2026-07-03,MATURED,RECONSTRUCTED_NOT_PRODUCTION_EXACT
00762,元大全球AI,2026-06-18,A,BULL_NORMAL,BULL_TREND,NORMAL,121.7,-6.450287592440429,LOSER,2026-07-03,MATURED,RECONSTRUCTED_NOT_PRODUCTION_EXACT
00982A,主動群益台灣強棒,2026-06-18,A,BULL_NORMAL,BULL_TREND,NORMAL,24.83,2.7386226339106035,NEUTRAL,2026-07-03,MATURED,RECONSTRUCTED_NOT_PRODUCTION_EXACT
1905,華紙,2026-06-22,A,BULL_NORMAL,BULL_TREND,NORMAL,18.45,-8.6720867208672,LOSER,2026-07-06,MATURED,RECONSTRUCTED_NOT_PRODUCTION_EXACT
2415,錩新,2026-06-22,A,BULL_NORMAL,BULL_TREND,NORMAL,30.3,37.45874587458744,WINNER,2026-07-06,MATURED,RECONSTRUCTED_NOT_PRODUCTION_EXACT
8072,陞泰,2026-06-22,A,BULL_NORMAL,BULL_TREND,NORMAL,31.25,-6.240000000000001,LOSER,2026-07-06,MATURED,RECONSTRUCTED_NOT_PRODUCTION_EXACT
6919,康霈*,2026-06-22,A,BULL_NORMAL,BULL_TREND,NORMAL,119.5,-16.317991631799167,LOSER,2026-07-06,MATURED,RECONSTRUCTED_NOT_PRODUCTION_EXACT
00639,富邦深100,2026-06-22,A,BULL_NORMAL,BULL_TREND,NORMAL,18.91,-4.283447911158111,NEUTRAL,2026-07-06,MATURED,RECONSTRUCTED_NOT_PRODUCTION_EXACT
6573,虹揚-KY,2026-06-23,A,RANGE_NORMAL,VOLATILE_RANGE,NORMAL,19.55,28.132992327365724,WINNER,2026-07-07,MATURED,RECONSTRUCTED_NOT_PRODUCTION_EXACT
5283,禾聯碩,2026-06-23,A,RANGE_NORMAL,VOLATILE_RANGE,NORMAL,57.4,-6.445993031358876,LOSER,2026-07-07,MATURED,RECONSTRUCTED_NOT_PRODUCTION_EXACT
6715,嘉基,2026-06-23,A,RANGE_NORMAL,VOLATILE_RANGE,NORMAL,569.0,-20.562390158172228,LOSER,2026-07-07,MATURED,RECONSTRUCTED_NOT_PRODUCTION_EXACT
2832,台產,2026-06-23,A,RANGE_NORMAL,VOLATILE_RANGE,NORMAL,56.4,0.3546099290780091,NEUTRAL,2026-07-07,MATURED,RECONSTRUCTED_NOT_PRODUCTION_EXACT
6243,迅杰,2026-06-23,A,RANGE_NORMAL,VOLATILE_RANGE,NORMAL,41.5,-5.421686746987953,NEUTRAL,2026-07-07,MATURED,RECONSTRUCTED_NOT_PRODUCTION_EXACT
3530,晶相光,2026-06-23,A,RANGE_NORMAL,VOLATILE_RANGE,NORMAL,73.6,-8.831521739130432,LOSER,2026-07-07,MATURED,RECONSTRUCTED_NOT_PRODUCTION_EXACT
2634,漢翔,2026-06-23,A,RANGE_NORMAL,VOLATILE_RANGE,NORMAL,49.7,17.50503018108651,WINNER,2026-07-07,MATURED,RECONSTRUCTED_NOT_PRODUCTION_EXACT
2466,冠西電,2026-06-23,A,RANGE_NORMAL,VOLATILE_RANGE,NORMAL,56.3,64.47602131438721,WINNER,2026-07-07,MATURED,RECONSTRUCTED_NOT_PRODUCTION_EXACT
2330,台積電,2026-06-23,A,RANGE_NORMAL,VOLATILE_RANGE,NORMAL,2490.0,-2.008032128514059,NEUTRAL,2026-07-07,MATURED,RECONSTRUCTED_NOT_PRODUCTION_EXACT
2646,星宇航空,2026-06-23,A,RANGE_NORMAL,VOLATILE_RANGE,NORMAL,21.4,-0.4672897196261627,NEUTRAL,2026-07-07,MATURED,RECONSTRUCTED_NOT_PRODUCTION_EXACT
6257,矽格,2026-06-23,A,RANGE_NORMAL,VOLATILE_RANGE,NORMAL,237.0,2.1097046413502074,NEUTRAL,2026-07-07,MATURED,RECONSTRUCTED_NOT_PRODUCTION_EXACT
2399,映泰,2026-06-23,A,RANGE_NORMAL,VOLATILE_RANGE,NORMAL,50.9,-2.7504911591355596,NEUTRAL,2026-07-07,MATURED,RECONSTRUCTED_NOT_PRODUCTION_EXACT
8438,昶昕,2026-06-23,A,RANGE_NORMAL,VOLATILE_RANGE,NORMAL,101.0,-3.861386138613865,NEUTRAL,2026-07-07,MATURED,RECONSTRUCTED_NOT_PRODUCTION_EXACT
1529,樂事綠能,2026-06-23,A,RANGE_NORMAL,VOLATILE_RANGE,NORMAL,22.95,-1.7429193899782036,NEUTRAL,2026-07-07,MATURED,RECONSTRUCTED_NOT_PRODUCTION_EXACT
9940,信義,2026-06-23,A,RANGE_NORMAL,VOLATILE_RANGE,NORMAL,19.25,2.0779220779220786,NEUTRAL,2026-07-07,MATURED,RECONSTRUCTED_NOT_PRODUCTION_EXACT
8046,南電,2026-06-23,A,RANGE_NORMAL,VOLATILE_RANGE,NORMAL,909.0,13.311331133113312,WINNER,2026-07-07,MATURED,RECONSTRUCTED_NOT_PRODUCTION_EXACT
9930,中聯資源,2026-06-23,A,RANGE_NORMAL,VOLATILE_RANGE,NORMAL,70.1,-9.985734664764612,LOSER,2026-07-07,MATURED,RECONSTRUCTED_NOT_PRODUCTION_EXACT
1437,勤益控,2026-06-23,A,RANGE_NORMAL,VOLATILE_RANGE,NORMAL,30.05,2.4958402662229595,NEUTRAL,2026-07-07,MATURED,RECONSTRUCTED_NOT_PRODUCTION_EXACT
3712,永崴投控,2026-06-23,A,RANGE_NORMAL,VOLATILE_RANGE,NORMAL,17.95,-2.228412256267398,NEUTRAL,2026-07-07,MATURED,RECONSTRUCTED_NOT_PRODUCTION_EXACT
1535,中宇,2026-06-23,A,RANGE_NORMAL,VOLATILE_RANGE,NORMAL,50.0,0.2000000000000001,NEUTRAL,2026-07-07,MATURED,RECONSTRUCTED_NOT_PRODUCTION_EXACT
3588,通嘉,2026-06-24,A,RANGE_NORMAL,VOLATILE_RANGE,NORMAL,75.9,-10.408432147562586,LOSER,2026-07-08,MATURED,RECONSTRUCTED_NOT_PRODUCTION_EXACT
1216,統一,2026-06-24,A,RANGE_NORMAL,VOLATILE_RANGE,NORMAL,75.1,4.6604527296937315,NEUTRAL,2026-07-08,MATURED,RECONSTRUCTED_NOT_PRODUCTION_EXACT
1310,台苯,2026-06-24,A,RANGE_NORMAL,VOLATILE_RANGE,NORMAL,9.93,11.278952668680777,NEUTRAL,2026-07-08,MATURED,RECONSTRUCTED_NOT_PRODUCTION_EXACT
1236,宏亞,2026-06-24,A,RANGE_NORMAL,VOLATILE_RANGE,NORMAL,25.8,1.9379844961240345,NEUTRAL,2026-07-08,MATURED,RECONSTRUCTED_NOT_PRODUCTION_EXACT
6909,創控,2026-06-24,A,RANGE_NORMAL,VOLATILE_RANGE,NORMAL,60.4,-12.74834437086092,LOSER,2026-07-08,MATURED,RECONSTRUCTED_NOT_PRODUCTION_EXACT
4169,泰宗,2026-06-24,A,RANGE_NORMAL,VOLATILE_RANGE,NORMAL,193.0,44.55958549222798,WINNER,2026-07-08,MATURED,RECONSTRUCTED_NOT_PRODUCTION_EXACT
2539,櫻花建,2026-06-24,A,RANGE_NORMAL,VOLATILE_RANGE,NORMAL,39.1,0.127877237851659,NEUTRAL,2026-07-08,MATURED,RECONSTRUCTED_NOT_PRODUCTION_EXACT
1315,達新,2026-06-24,A,RANGE_NORMAL,VOLATILE_RANGE,NORMAL,62.3,2.4077046548956593,NEUTRAL,2026-07-08,MATURED,RECONSTRUCTED_NOT_PRODUCTION_EXACT
1475,業旺,2026-06-24,A,RANGE_NORMAL,VOLATILE_RANGE,NORMAL,27.0,0.7407407407407307,NEUTRAL,2026-07-08,MATURED,RECONSTRUCTED_NOT_PRODUCTION_EXACT
1449,佳和,2026-06-24,A,RANGE_NORMAL,VOLATILE_RANGE,NORMAL,14.95,-6.688963210702337,LOSER,2026-07-08,MATURED,RECONSTRUCTED_NOT_PRODUCTION_EXACT
7799,禾榮科,2026-06-24,A,RANGE_NORMAL,VOLATILE_RANGE,NORMAL,413.0,7.021791767554486,NEUTRAL,2026-07-08,MATURED,RECONSTRUCTED_NOT_PRODUCTION_EXACT
4119,旭富,2026-06-24,A,RANGE_NORMAL,VOLATILE_RANGE,NORMAL,44.25,1.1299435028248483,NEUTRAL,2026-07-08,MATURED,RECONSTRUCTED_NOT_PRODUCTION_EXACT
4164,承業醫,2026-06-24,A,RANGE_NORMAL,VOLATILE_RANGE,NORMAL,30.55,-5.237315875613757,NEUTRAL,2026-07-08,MATURED,RECONSTRUCTED_NOT_PRODUCTION_EXACT
2910,統領,2026-06-24,A,RANGE_NORMAL,VOLATILE_RANGE,NORMAL,22.7,-3.3039647577092546,NEUTRAL,2026-07-08,MATURED,RECONSTRUCTED_NOT_PRODUCTION_EXACT
6505,台塑化,2026-06-24,A,RANGE_NORMAL,VOLATILE_RANGE,NORMAL,55.2,7.608695652173902,NEUTRAL,2026-07-08,MATURED,RECONSTRUCTED_NOT_PRODUCTION_EXACT
9944,新麗,2026-06-24,A,RANGE_NORMAL,VOLATILE_RANGE,NORMAL,17.85,0.0,NEUTRAL,2026-07-08,MATURED,RECONSTRUCTED_NOT_PRODUCTION_EXACT
1234,黑松,2026-06-24,A,RANGE_NORMAL,VOLATILE_RANGE,NORMAL,35.15,-5.832147937411092,NEUTRAL,2026-07-08,MATURED,RECONSTRUCTED_NOT_PRODUCTION_EXACT
Plastics,塑膠類指數,2026-06-24,A,RANGE_NORMAL,VOLATILE_RANGE,NORMAL,285.32,13.321884200196266,WINNER,2026-07-08,MATURED,RECONSTRUCTED_NOT_PRODUCTION_EXACT
2352,佳世達,2026-06-24,A,RANGE_NORMAL,VOLATILE_RANGE,NORMAL,30.6,12.418300653594772,WINNER,2026-07-08,MATURED,RECONSTRUCTED_NOT_PRODUCTION_EXACT
4306,炎洲,2026-06-25,A,RANGE_NORMAL,VOLATILE_RANGE,NORMAL,15.9,-2.515723270440251,NEUTRAL,2026-07-09,MATURED,RECONSTRUCTED_NOT_PRODUCTION_EXACT
1709,和益,2026-06-25,A,RANGE_NORMAL,VOLATILE_RANGE,NORMAL,21.4,14.018691588785035,WINNER,2026-07-09,MATURED,RECONSTRUCTED_NOT_PRODUCTION_EXACT
5880,合庫金,2026-06-25,A,RANGE_NORMAL,VOLATILE_RANGE,NORMAL,25.1,0.1992031872509736,NEUTRAL,2026-07-09,MATURED,RECONSTRUCTED_NOT_PRODUCTION_EXACT
8464,億豐,2026-06-25,A,RANGE_NORMAL,VOLATILE_RANGE,NORMAL,355.5,1.265822784810133,NEUTRAL,2026-07-09,MATURED,RECONSTRUCTED_NOT_PRODUCTION_EXACT
1776,展宇,2026-06-25,A,RANGE_NORMAL,VOLATILE_RANGE,NORMAL,19.95,-2.0050125313283096,NEUTRAL,2026-07-09,MATURED,RECONSTRUCTED_NOT_PRODUCTION_EXACT
1725,元禎,2026-06-25,A,RANGE_NORMAL,VOLATILE_RANGE,NORMAL,35.05,-9.843081312410828,LOSER,2026-07-09,MATURED,RECONSTRUCTED_NOT_PRODUCTION_EXACT
2458,義隆,2026-06-25,A,RANGE_NORMAL,VOLATILE_RANGE,NORMAL,180.0,1.9444444444444375,NEUTRAL,2026-07-09,MATURED,RECONSTRUCTED_NOT_PRODUCTION_EXACT
2103,台橡,2026-06-25,A,RANGE_NORMAL,VOLATILE_RANGE,NORMAL,21.45,7.459207459207473,NEUTRAL,2026-07-09,MATURED,RECONSTRUCTED_NOT_PRODUCTION_EXACT
00674R,期元大S&P黃金反1,2026-06-25,A,RANGE_NORMAL,VOLATILE_RANGE,NORMAL,30.82,-1.9792342634652793,NEUTRAL,2026-07-09,MATURED,RECONSTRUCTED_NOT_PRODUCTION_EXACT
1313,聯成,2026-06-25,A,RANGE_NORMAL,VOLATILE_RANGE,NORMAL,12.55,-0.3984063745020028,NEUTRAL,2026-07-09,MATURED,RECONSTRUCTED_NOT_PRODUCTION_EXACT
3591,艾笛森,2026-06-25,A,RANGE_NORMAL,VOLATILE_RANGE,NORMAL,27.25,-6.238532110091743,LOSER,2026-07-09,MATURED,RECONSTRUCTED_NOT_PRODUCTION_EXACT
6582,申豐,2026-06-25,A,RANGE_NORMAL,VOLATILE_RANGE,NORMAL,32.9,-0.3039513677811634,NEUTRAL,2026-07-09,MATURED,RECONSTRUCTED_NOT_PRODUCTION_EXACT
2107,厚生,2026-06-25,A,RANGE_NORMAL,VOLATILE_RANGE,NORMAL,25.9,-1.1583011583011449,NEUTRAL,2026-07-09,MATURED,RECONSTRUCTED_NOT_PRODUCTION_EXACT
4414,如興,2026-06-25,A,RANGE_NORMAL,VOLATILE_RANGE,NORMAL,8.6,1.5116279069767424,NEUTRAL,2026-07-09,MATURED,RECONSTRUCTED_NOT_PRODUCTION_EXACT
2345,智邦,2026-07-01,A,RANGE_NORMAL,VOLATILE_RANGE,NORMAL,2660.0,-12.781954887218047,LOSER,2026-07-16,MATURED,RECONSTRUCTED_NOT_PRODUCTION_EXACT
9935,慶豐富,2026-07-01,A,RANGE_NORMAL,VOLATILE_RANGE,NORMAL,19.7,-4.822335025380708,NEUTRAL,2026-07-16,MATURED,RECONSTRUCTED_NOT_PRODUCTION_EXACT
8466,美吉吉-KY,2026-07-01,A,RANGE_NORMAL,VOLATILE_RANGE,NORMAL,17.5,1.4285714285714235,NEUTRAL,2026-07-16,MATURED,RECONSTRUCTED_NOT_PRODUCTION_EXACT
2528,皇普,2026-07-01,A,RANGE_NORMAL,VOLATILE_RANGE,NORMAL,22.4,-0.6696428571428492,NEUTRAL,2026-07-16,MATURED,RECONSTRUCTED_NOT_PRODUCTION_EXACT
00938,凱基優選30,2026-07-01,A,RANGE_NORMAL,VOLATILE_RANGE,NORMAL,24.39,1.0660106601065866,NEUTRAL,2026-07-16,MATURED,RECONSTRUCTED_NOT_PRODUCTION_EXACT
00643,群益深証中小,2026-07-01,A,RANGE_NORMAL,VOLATILE_RANGE,NORMAL,20.84,-4.270633397312862,NEUTRAL,2026-07-16,MATURED,RECONSTRUCTED_NOT_PRODUCTION_EXACT
3605,宏致,2026-07-01,A,RANGE_NORMAL,VOLATILE_RANGE,NORMAL,85.6,-0.8177570093457764,NEUTRAL,2026-07-16,MATURED,RECONSTRUCTED_NOT_PRODUCTION_EXACT
2429,銘旺科,2026-07-01,A,RANGE_NORMAL,VOLATILE_RANGE,NORMAL,48.0,-1.5625,NEUTRAL,2026-07-16,MATURED,RECONSTRUCTED_NOT_PRODUCTION_EXACT
00728,第一金工業30,2026-07-01,A,RANGE_NORMAL,VOLATILE_RANGE,NORMAL,66.05,-2.4981074943224657,NEUTRAL,2026-07-16,MATURED,RECONSTRUCTED_NOT_PRODUCTION_EXACT
2433,互盛電,2026-07-01,A,RANGE_NORMAL,VOLATILE_RANGE,NORMAL,44.8,-6.249999999999989,LOSER,2026-07-16,MATURED,RECONSTRUCTED_NOT_PRODUCTION_EXACT
