unit,stock_id,episode_start_date,confirmation_date,feature_as_of_date,max_source_date,promotion_reference_close,point_in_time_valid,future_feature_used,outcome_used_in_decision,audit_status
DAY0,0055,2026-06-15,2026-06-15,2026-06-15,2026-06-15,41.0,True,False,False,POINT_IN_TIME_VALID
DAY0,2891,2026-06-15,2026-06-15,2026-06-15,2026-06-15,70.1,True,False,False,POINT_IN_TIME_VALID
DAY0,00990A,2026-06-15,2026-06-15,2026-06-15,2026-06-15,20.47,True,False,False,POINT_IN_TIME_VALID
DAY0,00701,2026-06-15,2026-06-15,2026-06-15,2026-06-15,37.62,True,False,False,POINT_IN_TIME_VALID
DAY0,00876,2026-06-15,2026-06-15,2026-06-15,2026-06-15,98.85,True,False,False,POINT_IN_TIME_VALID
DAY0,6202,2026-06-15,2026-06-15,2026-06-15,2026-06-15,65.2,True,False,False,POINT_IN_TIME_VALID
DAY0,00941,2026-06-15,2026-06-15,2026-06-15,2026-06-15,28.58,True,False,False,POINT_IN_TIME_VALID
DAY0,00663L,2026-06-15,2026-06-15,2026-06-15,2026-06-15,107.6,True,False,False,POINT_IN_TIME_VALID
DAY0,00661,2026-06-15,2026-06-15,2026-06-15,2026-06-15,89.3,True,False,False,POINT_IN_TIME_VALID
DAY0,00675L,2026-06-15,2026-06-15,2026-06-15,2026-06-15,325.85,True,False,False,POINT_IN_TIME_VALID
DAY0,00685L,2026-06-15,2026-06-15,2026-06-15,2026-06-15,295.95,True,False,False,POINT_IN_TIME_VALID
DAY0,4952,2026-06-15,2026-06-15,2026-06-15,2026-06-15,58.5,True,False,False,POINT_IN_TIME_VALID
DAY0,00731,2026-06-15,2026-06-15,2026-06-15,2026-06-15,87.3,True,False,False,POINT_IN_TIME_VALID
DAY0,00915,2026-06-15,2026-06-15,2026-06-15,2026-06-15,31.46,True,False,False,POINT_IN_TIME_VALID
DAY0,00929,2026-06-15,2026-06-15,2026-06-15,2026-06-15,30.49,True,False,False,POINT_IN_TIME_VALID
DAY0,00901,2026-06-15,2026-06-15,2026-06-15,2026-06-15,46.6,True,False,False,POINT_IN_TIME_VALID
DAY0,00918,2026-06-15,2026-06-15,2026-06-15,2026-06-15,31.88,True,False,False,POINT_IN_TIME_VALID
DAY0,00939,2026-06-15,2026-06-15,2026-06-15,2026-06-15,21.27,True,False,False,POINT_IN_TIME_VALID
DAY0,00690,2026-06-15,2026-06-15,2026-06-15,2026-06-15,80.25,True,False,False,POINT_IN_TIME_VALID
DAY0,00954,2026-06-15,2026-06-15,2026-06-15,2026-06-15,21.08,True,False,False,POINT_IN_TIME_VALID
DAY0,00935,2026-06-15,2026-06-15,2026-06-15,2026-06-15,60.85,True,False,False,POINT_IN_TIME_VALID
DAY0,00830,2026-06-15,2026-06-15,2026-06-15,2026-06-15,98.45,True,False,False,POINT_IN_TIME_VALID
DAY0,00951,2026-06-15,2026-06-15,2026-06-15,2026-06-15,19.75,True,False,False,POINT_IN_TIME_VALID
DAY0,00735,2026-06-15,2026-06-15,2026-06-15,2026-06-15,113.0,True,False,False,POINT_IN_TIME_VALID
DAY0,5471,2026-06-15,2026-06-15,2026-06-15,2026-06-15,57.4,True,False,False,POINT_IN_TIME_VALID
DAY0,009804,2026-06-15,2026-06-15,2026-06-15,2026-06-15,23.67,True,False,False,POINT_IN_TIME_VALID
DAY0,4551,2026-06-15,2026-06-15,2026-06-15,2026-06-15,167.0,True,False,False,POINT_IN_TIME_VALID
DAY0,00930,2026-06-15,2026-06-15,2026-06-15,2026-06-15,24.74,True,False,False,POINT_IN_TIME_VALID
DAY0,00900,2026-06-15,2026-06-15,2026-06-15,2026-06-15,19.51,True,False,False,POINT_IN_TIME_VALID
DAY0,009802,2026-06-15,2026-06-15,2026-06-15,2026-06-15,19.92,True,False,False,POINT_IN_TIME_VALID
DAY0,00631L,2026-06-15,2026-06-15,2026-06-15,2026-06-15,37.07,True,False,False,POINT_IN_TIME_VALID
DAY0,0050,2026-06-15,2026-06-15,2026-06-15,2026-06-15,105.25,True,False,False,POINT_IN_TIME_VALID
DAY0,00907,2026-06-15,2026-06-15,2026-06-15,2026-06-15,16.36,True,False,False,POINT_IN_TIME_VALID
DAY0,00905,2026-06-15,2026-06-15,2026-06-15,2026-06-15,27.7,True,False,False,POINT_IN_TIME_VALID
DAY0,3041,2026-06-15,2026-06-15,2026-06-15,2026-06-15,27.0,True,False,False,POINT_IN_TIME_VALID
DAY0,00988A,2026-06-15,2026-06-15,2026-06-15,2026-06-15,22.36,True,False,False,POINT_IN_TIME_VALID
DAY0,00912,2026-06-15,2026-06-15,2026-06-15,2026-06-15,33.87,True,False,False,POINT_IN_TIME_VALID
DAY0,5434,2026-06-15,2026-06-15,2026-06-15,2026-06-15,468.0,True,False,False,POINT_IN_TIME_VALID
DAY0,00850,2026-06-15,2026-06-15,2026-06-15,2026-06-15,90.35,True,False,False,POINT_IN_TIME_VALID
DAY0,00947,2026-06-15,2026-06-15,2026-06-15,2026-06-15,38.66,True,False,False,POINT_IN_TIME_VALID
DAY0,00923,2026-06-15,2026-06-15,2026-06-15,2026-06-15,42.39,True,False,False,POINT_IN_TIME_VALID
DAY0,00692,2026-06-15,2026-06-15,2026-06-15,2026-06-15,91.05,True,False,False,POINT_IN_TIME_VALID
DAY0,6191,2026-06-15,2026-06-15,2026-06-15,2026-06-15,103.0,True,False,False,POINT_IN_TIME_VALID
DAY0,00908,2026-06-15,2026-06-15,2026-06-15,2026-06-15,15.12,True,False,False,POINT_IN_TIME_VALID
DAY0,006204,2026-06-15,2026-06-15,2026-06-15,2026-06-15,227.0,True,False,False,POINT_IN_TIME_VALID
DAY0,00657,2026-06-15,2026-06-15,2026-06-15,2026-06-15,80.8,True,False,False,POINT_IN_TIME_VALID
DAY0,00944,2026-06-15,2026-06-15,2026-06-15,2026-06-15,21.36,True,False,False,POINT_IN_TIME_VALID
DAY0,006208,2026-06-15,2026-06-15,2026-06-15,2026-06-15,244.1,True,False,False,POINT_IN_TIME_VALID
DAY0,00927,2026-06-15,2026-06-15,2026-06-15,2026-06-15,39.61,True,False,False,POINT_IN_TIME_VALID
DAY0,3044,2026-06-15,2026-06-15,2026-06-15,2026-06-15,520.0,True,False,False,POINT_IN_TIME_VALID
DAY0,00861,2026-06-16,2026-06-16,2026-06-16,2026-06-16,95.6,True,False,False,POINT_IN_TIME_VALID
DAY0,00913,2026-06-16,2026-06-16,2026-06-16,2026-06-16,52.0,True,False,False,POINT_IN_TIME_VALID
DAY0,00892,2026-06-16,2026-06-16,2026-06-16,2026-06-16,44.99,True,False,False,POINT_IN_TIME_VALID
DAY0,00991A,2026-06-16,2026-06-16,2026-06-16,2026-06-16,19.84,True,False,False,POINT_IN_TIME_VALID
DAY0,0053,2026-06-16,2026-06-16,2026-06-16,2026-06-16,241.8,True,False,False,POINT_IN_TIME_VALID
DAY0,00881,2026-06-16,2026-06-16,2026-06-16,2026-06-16,54.85,True,False,False,POINT_IN_TIME_VALID
DAY0,009816,2026-06-16,2026-06-16,2026-06-16,2026-06-16,15.51,True,False,False,POINT_IN_TIME_VALID
DAY0,1456,2026-06-16,2026-06-16,2026-06-16,2026-06-16,14.55,True,False,False,POINT_IN_TIME_VALID
DAY0,00851,2026-06-16,2026-06-16,2026-06-16,2026-06-16,73.85,True,False,False,POINT_IN_TIME_VALID
DAY0,00911,2026-06-16,2026-06-16,2026-06-16,2026-06-16,66.75,True,False,False,POINT_IN_TIME_VALID
DAY0,00983A,2026-06-16,2026-06-16,2026-06-16,2026-06-16,11.94,True,False,False,POINT_IN_TIME_VALID
DAY0,00989A,2026-06-16,2026-06-16,2026-06-16,2026-06-16,18.36,True,False,False,POINT_IN_TIME_VALID
DAY0,009809,2026-06-16,2026-06-16,2026-06-16,2026-06-16,17.4,True,False,False,POINT_IN_TIME_VALID
DAY0,00898,2026-06-16,2026-06-16,2026-06-16,2026-06-16,8.44,True,False,False,POINT_IN_TIME_VALID
DAY0,00893,2026-06-16,2026-06-16,2026-06-16,2026-06-16,47.54,True,False,False,POINT_IN_TIME_VALID
DAY0,0052,2026-06-16,2026-06-16,2026-06-16,2026-06-16,61.85,True,False,False,POINT_IN_TIME_VALID
DAY0,00922,2026-06-16,2026-06-16,2026-06-16,2026-06-16,40.48,True,False,False,POINT_IN_TIME_VALID
DAY0,0057,2026-06-16,2026-06-16,2026-06-16,2026-06-16,314.05,True,False,False,POINT_IN_TIME_VALID
DAY0,00980A,2026-06-16,2026-06-16,2026-06-16,2026-06-16,24.6,True,False,False,POINT_IN_TIME_VALID
DAY0,00995A,2026-06-16,2026-06-16,2026-06-16,2026-06-16,17.96,True,False,False,POINT_IN_TIME_VALID
DAY0,2340,2026-06-16,2026-06-16,2026-06-16,2026-06-16,39.1,True,False,False,POINT_IN_TIME_VALID
DAY0,1515,2026-06-17,2026-06-17,2026-06-17,2026-06-17,25.7,True,False,False,POINT_IN_TIME_VALID
DAY0,7786,2026-06-17,2026-06-17,2026-06-17,2026-06-17,129.0,True,False,False,POINT_IN_TIME_VALID
DAY0,9136,2026-06-17,2026-06-17,2026-06-17,2026-06-17,16.65,True,False,False,POINT_IN_TIME_VALID
DAY0,5469,2026-06-17,2026-06-17,2026-06-17,2026-06-17,86.6,True,False,False,POINT_IN_TIME_VALID
DAY0,2460,2026-06-17,2026-06-17,2026-06-17,2026-06-17,35.5,True,False,False,POINT_IN_TIME_VALID
DAY0,2489,2026-06-17,2026-06-17,2026-06-17,2026-06-17,48.6,True,False,False,POINT_IN_TIME_VALID
DAY0,4722,2026-06-17,2026-06-17,2026-06-17,2026-06-17,264.0,True,False,False,POINT_IN_TIME_VALID
DAY0,6213,2026-06-17,2026-06-17,2026-06-17,2026-06-17,267.5,True,False,False,POINT_IN_TIME_VALID
DAY0,2611,2026-06-17,2026-06-17,2026-06-17,2026-06-17,14.05,True,False,False,POINT_IN_TIME_VALID
DAY0,7795,2026-06-17,2026-06-17,2026-06-17,2026-06-17,400.0,True,False,False,POINT_IN_TIME_VALID
DAY0,1301,2026-06-17,2026-06-17,2026-06-17,2026-06-17,47.95,True,False,False,POINT_IN_TIME_VALID
DAY0,1802,2026-06-17,2026-06-17,2026-06-17,2026-06-17,69.3,True,False,False,POINT_IN_TIME_VALID
DAY0,1541,2026-06-17,2026-06-17,2026-06-17,2026-06-17,22.5,True,False,False,POINT_IN_TIME_VALID
DAY0,00403A,2026-06-17,2026-06-17,2026-06-17,2026-06-17,10.75,True,False,False,POINT_IN_TIME_VALID
DAY0,6472,2026-06-17,2026-06-17,2026-06-17,2026-06-17,412.5,True,False,False,POINT_IN_TIME_VALID
DAY0,1531,2026-06-17,2026-06-17,2026-06-17,2026-06-17,12.95,True,False,False,POINT_IN_TIME_VALID
DAY0,3535,2026-06-17,2026-06-17,2026-06-17,2026-06-17,134.5,True,False,False,POINT_IN_TIME_VALID
DAY0,2402,2026-06-17,2026-06-17,2026-06-17,2026-06-17,70.9,True,False,False,POINT_IN_TIME_VALID
DAY0,1465,2026-06-17,2026-06-17,2026-06-17,2026-06-17,12.45,True,False,False,POINT_IN_TIME_VALID
DAY0,8039,2026-06-17,2026-06-17,2026-06-17,2026-06-17,146.0,True,False,False,POINT_IN_TIME_VALID
DAY0,0051,2026-06-18,2026-06-18,2026-06-18,2026-06-18,147.7,True,False,False,POINT_IN_TIME_VALID
DAY0,00946,2026-06-18,2026-06-18,2026-06-18,2026-06-18,15.4,True,False,False,POINT_IN_TIME_VALID
DAY0,00733,2026-06-18,2026-06-18,2026-06-18,2026-06-18,78.25,True,False,False,POINT_IN_TIME_VALID
DAY0,009803,2026-06-18,2026-06-18,2026-06-18,2026-06-18,21.97,True,False,False,POINT_IN_TIME_VALID
DAY0,009808,2026-06-18,2026-06-18,2026-06-18,2026-06-18,32.0,True,False,False,POINT_IN_TIME_VALID
DAY0,00896,2026-06-18,2026-06-18,2026-06-18,2026-06-18,27.97,True,False,False,POINT_IN_TIME_VALID
DAY0,00993A,2026-06-18,2026-06-18,2026-06-18,2026-06-18,14.29,True,False,False,POINT_IN_TIME_VALID
DAY0,00762,2026-06-18,2026-06-18,2026-06-18,2026-06-18,121.7,True,False,False,POINT_IN_TIME_VALID
DAY0,00982A,2026-06-18,2026-06-18,2026-06-18,2026-06-18,24.83,True,False,False,POINT_IN_TIME_VALID
DAY0,1905,2026-06-22,2026-06-22,2026-06-22,2026-06-22,18.45,True,False,False,POINT_IN_TIME_VALID
DAY0,2415,2026-06-22,2026-06-22,2026-06-22,2026-06-22,30.3,True,False,False,POINT_IN_TIME_VALID
DAY0,8072,2026-06-22,2026-06-22,2026-06-22,2026-06-22,31.25,True,False,False,POINT_IN_TIME_VALID
DAY0,6919,2026-06-22,2026-06-22,2026-06-22,2026-06-22,119.5,True,False,False,POINT_IN_TIME_VALID
DAY0,00639,2026-06-22,2026-06-22,2026-06-22,2026-06-22,18.91,True,False,False,POINT_IN_TIME_VALID
DAY0,6573,2026-06-23,2026-06-23,2026-06-23,2026-06-23,19.55,True,False,False,POINT_IN_TIME_VALID
DAY0,5283,2026-06-23,2026-06-23,2026-06-23,2026-06-23,57.4,True,False,False,POINT_IN_TIME_VALID
DAY0,6715,2026-06-23,2026-06-23,2026-06-23,2026-06-23,569.0,True,False,False,POINT_IN_TIME_VALID
DAY0,2832,2026-06-23,2026-06-23,2026-06-23,2026-06-23,56.4,True,False,False,POINT_IN_TIME_VALID
DAY0,6243,2026-06-23,2026-06-23,2026-06-23,2026-06-23,41.5,True,False,False,POINT_IN_TIME_VALID
DAY0,3530,2026-06-23,2026-06-23,2026-06-23,2026-06-23,73.6,True,False,False,POINT_IN_TIME_VALID
DAY0,2634,2026-06-23,2026-06-23,2026-06-23,2026-06-23,49.7,True,False,False,POINT_IN_TIME_VALID
DAY0,2466,2026-06-23,2026-06-23,2026-06-23,2026-06-23,56.3,True,False,False,POINT_IN_TIME_VALID
DAY0,2330,2026-06-23,2026-06-23,2026-06-23,2026-06-23,2490.0,True,False,False,POINT_IN_TIME_VALID
DAY0,2646,2026-06-23,2026-06-23,2026-06-23,2026-06-23,21.4,True,False,False,POINT_IN_TIME_VALID
DAY0,6257,2026-06-23,2026-06-23,2026-06-23,2026-06-23,237.0,True,False,False,POINT_IN_TIME_VALID
DAY0,2399,2026-06-23,2026-06-23,2026-06-23,2026-06-23,50.9,True,False,False,POINT_IN_TIME_VALID
DAY0,8438,2026-06-23,2026-06-23,2026-06-23,2026-06-23,101.0,True,False,False,POINT_IN_TIME_VALID
DAY0,1529,2026-06-23,2026-06-23,2026-06-23,2026-06-23,22.95,True,False,False,POINT_IN_TIME_VALID
DAY0,9940,2026-06-23,2026-06-23,2026-06-23,2026-06-23,19.25,True,False,False,POINT_IN_TIME_VALID
DAY0,8046,2026-06-23,2026-06-23,2026-06-23,2026-06-23,909.0,True,False,False,POINT_IN_TIME_VALID
DAY0,9930,2026-06-23,2026-06-23,2026-06-23,2026-06-23,70.1,True,False,False,POINT_IN_TIME_VALID
DAY0,1437,2026-06-23,2026-06-23,2026-06-23,2026-06-23,30.05,True,False,False,POINT_IN_TIME_VALID
DAY0,3712,2026-06-23,2026-06-23,2026-06-23,2026-06-23,17.95,True,False,False,POINT_IN_TIME_VALID
DAY0,1535,2026-06-23,2026-06-23,2026-06-23,2026-06-23,50.0,True,False,False,POINT_IN_TIME_VALID
DAY0,3588,2026-06-24,2026-06-24,2026-06-24,2026-06-24,75.9,True,False,False,POINT_IN_TIME_VALID
DAY0,1216,2026-06-24,2026-06-24,2026-06-24,2026-06-24,75.1,True,False,False,POINT_IN_TIME_VALID
DAY0,1310,2026-06-24,2026-06-24,2026-06-24,2026-06-24,9.93,True,False,False,POINT_IN_TIME_VALID
DAY0,1236,2026-06-24,2026-06-24,2026-06-24,2026-06-24,25.8,True,False,False,POINT_IN_TIME_VALID
DAY0,6909,2026-06-24,2026-06-24,2026-06-24,2026-06-24,60.4,True,False,False,POINT_IN_TIME_VALID
DAY0,4169,2026-06-24,2026-06-24,2026-06-24,2026-06-24,193.0,True,False,False,POINT_IN_TIME_VALID
DAY0,2539,2026-06-24,2026-06-24,2026-06-24,2026-06-24,39.1,True,False,False,POINT_IN_TIME_VALID
DAY0,1315,2026-06-24,2026-06-24,2026-06-24,2026-06-24,62.3,True,False,False,POINT_IN_TIME_VALID
DAY0,1475,2026-06-24,2026-06-24,2026-06-24,2026-06-24,27.0,True,False,False,POINT_IN_TIME_VALID
DAY0,1449,2026-06-24,2026-06-24,2026-06-24,2026-06-24,14.95,True,False,False,POINT_IN_TIME_VALID
DAY0,7799,2026-06-24,2026-06-24,2026-06-24,2026-06-24,413.0,True,False,False,POINT_IN_TIME_VALID
DAY0,4119,2026-06-24,2026-06-24,2026-06-24,2026-06-24,44.25,True,False,False,POINT_IN_TIME_VALID
DAY0,4164,2026-06-24,2026-06-24,2026-06-24,2026-06-24,30.55,True,False,False,POINT_IN_TIME_VALID
DAY0,2910,2026-06-24,2026-06-24,2026-06-24,2026-06-24,22.7,True,False,False,POINT_IN_TIME_VALID
DAY0,6505,2026-06-24,2026-06-24,2026-06-24,2026-06-24,55.2,True,False,False,POINT_IN_TIME_VALID
DAY0,9944,2026-06-24,2026-06-24,2026-06-24,2026-06-24,17.85,True,False,False,POINT_IN_TIME_VALID
DAY0,1234,2026-06-24,2026-06-24,2026-06-24,2026-06-24,35.15,True,False,False,POINT_IN_TIME_VALID
DAY0,Plastics,2026-06-24,2026-06-24,2026-06-24,2026-06-24,285.32,True,False,False,POINT_IN_TIME_VALID
DAY0,2352,2026-06-24,2026-06-24,2026-06-24,2026-06-24,30.6,True,False,False,POINT_IN_TIME_VALID
DAY0,4306,2026-06-25,2026-06-25,2026-06-25,2026-06-25,15.9,True,False,False,POINT_IN_TIME_VALID
DAY0,1709,2026-06-25,2026-06-25,2026-06-25,2026-06-25,21.4,True,False,False,POINT_IN_TIME_VALID
DAY0,5880,2026-06-25,2026-06-25,2026-06-25,2026-06-25,25.1,True,False,False,POINT_IN_TIME_VALID
DAY0,8464,2026-06-25,2026-06-25,2026-06-25,2026-06-25,355.5,True,False,False,POINT_IN_TIME_VALID
DAY0,1776,2026-06-25,2026-06-25,2026-06-25,2026-06-25,19.95,True,False,False,POINT_IN_TIME_VALID
DAY0,1725,2026-06-25,2026-06-25,2026-06-25,2026-06-25,35.05,True,False,False,POINT_IN_TIME_VALID
DAY0,2458,2026-06-25,2026-06-25,2026-06-25,2026-06-25,180.0,True,False,False,POINT_IN_TIME_VALID
DAY0,2103,2026-06-25,2026-06-25,2026-06-25,2026-06-25,21.45,True,False,False,POINT_IN_TIME_VALID
DAY0,00674R,2026-06-25,2026-06-25,2026-06-25,2026-06-25,30.82,True,False,False,POINT_IN_TIME_VALID
DAY0,1313,2026-06-25,2026-06-25,2026-06-25,2026-06-25,12.55,True,False,False,POINT_IN_TIME_VALID
DAY0,3591,2026-06-25,2026-06-25,2026-06-25,2026-06-25,27.25,True,False,False,POINT_IN_TIME_VALID
DAY0,6582,2026-06-25,2026-06-25,2026-06-25,2026-06-25,32.9,True,False,False,POINT_IN_TIME_VALID
DAY0,2107,2026-06-25,2026-06-25,2026-06-25,2026-06-25,25.9,True,False,False,POINT_IN_TIME_VALID
DAY0,4414,2026-06-25,2026-06-25,2026-06-25,2026-06-25,8.6,True,False,False,POINT_IN_TIME_VALID
DAY0,2345,2026-07-01,2026-07-01,2026-07-01,2026-07-01,2660.0,True,False,False,POINT_IN_TIME_VALID
DAY0,9935,2026-07-01,2026-07-01,2026-07-01,2026-07-01,19.7,True,False,False,POINT_IN_TIME_VALID
DAY0,8466,2026-07-01,2026-07-01,2026-07-01,2026-07-01,17.5,True,False,False,POINT_IN_TIME_VALID
DAY0,2528,2026-07-01,2026-07-01,2026-07-01,2026-07-01,22.4,True,False,False,POINT_IN_TIME_VALID
DAY0,00938,2026-07-01,2026-07-01,2026-07-01,2026-07-01,24.39,True,False,False,POINT_IN_TIME_VALID
DAY0,00643,2026-07-01,2026-07-01,2026-07-01,2026-07-01,20.84,True,False,False,POINT_IN_TIME_VALID
DAY0,3605,2026-07-01,2026-07-01,2026-07-01,2026-07-01,85.6,True,False,False,POINT_IN_TIME_VALID
DAY0,2429,2026-07-01,2026-07-01,2026-07-01,2026-07-01,48.0,True,False,False,POINT_IN_TIME_VALID
DAY0,00728,2026-07-01,2026-07-01,2026-07-01,2026-07-01,66.05,True,False,False,POINT_IN_TIME_VALID
DAY0,2433,2026-07-01,2026-07-01,2026-07-01,2026-07-01,44.8,True,False,False,POINT_IN_TIME_VALID
DAY1,0055,2026-06-15,2026-06-16,2026-06-16,2026-06-16,41.98,True,False,False,POINT_IN_TIME_VALID
DAY1,2891,2026-06-15,2026-06-16,2026-06-16,2026-06-16,70.8,True,False,False,POINT_IN_TIME_VALID
DAY1,00990A,2026-06-15,2026-06-16,2026-06-16,2026-06-16,20.89,True,False,False,POINT_IN_TIME_VALID
DAY1,00701,2026-06-15,2026-06-16,2026-06-16,2026-06-16,38.2,True,False,False,POINT_IN_TIME_VALID
DAY1,00876,2026-06-15,2026-06-16,2026-06-16,2026-06-16,100.2,True,False,False,POINT_IN_TIME_VALID
DAY1,6202,2026-06-15,2026-06-16,2026-06-16,2026-06-16,62.0,True,False,False,POINT_IN_TIME_VALID
DAY1,00941,2026-06-15,2026-06-16,2026-06-16,2026-06-16,28.55,True,False,False,POINT_IN_TIME_VALID
DAY1,00663L,2026-06-15,2026-06-16,2026-06-16,2026-06-16,108.4,True,False,False,POINT_IN_TIME_VALID
DAY1,00661,2026-06-15,2026-06-16,2026-06-16,2026-06-16,89.8,True,False,False,POINT_IN_TIME_VALID
DAY1,00675L,2026-06-15,2026-06-16,2026-06-16,2026-06-16,329.0,True,False,False,POINT_IN_TIME_VALID
DAY1,00685L,2026-06-15,2026-06-16,2026-06-16,2026-06-16,297.4,True,False,False,POINT_IN_TIME_VALID
DAY1,4952,2026-06-15,2026-06-16,2026-06-16,2026-06-16,56.0,True,False,False,POINT_IN_TIME_VALID
DAY1,00731,2026-06-15,2026-06-16,2026-06-16,2026-06-16,89.1,True,False,False,POINT_IN_TIME_VALID
DAY1,00915,2026-06-15,2026-06-16,2026-06-16,2026-06-16,31.36,True,False,False,POINT_IN_TIME_VALID
DAY1,00929,2026-06-15,2026-06-16,2026-06-16,2026-06-16,30.63,True,False,False,POINT_IN_TIME_VALID
DAY1,00901,2026-06-15,2026-06-16,2026-06-16,2026-06-16,46.81,True,False,False,POINT_IN_TIME_VALID
DAY1,00918,2026-06-15,2026-06-16,2026-06-16,2026-06-16,32.12,True,False,False,POINT_IN_TIME_VALID
DAY1,00939,2026-06-15,2026-06-16,2026-06-16,2026-06-16,21.47,True,False,False,POINT_IN_TIME_VALID
DAY1,00690,2026-06-15,2026-06-16,2026-06-16,2026-06-16,81.2,True,False,False,POINT_IN_TIME_VALID
DAY1,00954,2026-06-15,2026-06-16,2026-06-16,2026-06-16,21.02,True,False,False,POINT_IN_TIME_VALID
DAY1,00935,2026-06-15,2026-06-16,2026-06-16,2026-06-16,61.35,True,False,False,POINT_IN_TIME_VALID
DAY1,00830,2026-06-15,2026-06-16,2026-06-16,2026-06-16,98.45,True,False,False,POINT_IN_TIME_VALID
DAY1,00951,2026-06-15,2026-06-16,2026-06-16,2026-06-16,19.69,True,False,False,POINT_IN_TIME_VALID
DAY1,00735,2026-06-15,2026-06-16,2026-06-16,2026-06-16,113.85,True,False,False,POINT_IN_TIME_VALID
DAY1,5471,2026-06-15,2026-06-16,2026-06-16,2026-06-16,57.5,True,False,False,POINT_IN_TIME_VALID
DAY1,009804,2026-06-15,2026-06-16,2026-06-16,2026-06-16,23.92,True,False,False,POINT_IN_TIME_VALID
DAY1,4551,2026-06-15,2026-06-16,2026-06-16,2026-06-16,183.5,True,False,False,POINT_IN_TIME_VALID
DAY1,00930,2026-06-15,2026-06-16,2026-06-16,2026-06-16,24.83,True,False,False,POINT_IN_TIME_VALID
DAY1,00900,2026-06-15,2026-06-16,2026-06-16,2026-06-16,19.39,True,False,False,POINT_IN_TIME_VALID
DAY1,009802,2026-06-15,2026-06-16,2026-06-16,2026-06-16,19.89,True,False,False,POINT_IN_TIME_VALID
DAY1,00631L,2026-06-15,2026-06-16,2026-06-16,2026-06-16,37.31,True,False,False,POINT_IN_TIME_VALID
DAY1,0050,2026-06-15,2026-06-16,2026-06-16,2026-06-16,105.9,True,False,False,POINT_IN_TIME_VALID
DAY1,00907,2026-06-15,2026-06-16,2026-06-16,2026-06-16,16.39,True,False,False,POINT_IN_TIME_VALID
DAY1,00905,2026-06-15,2026-06-16,2026-06-16,2026-06-16,27.77,True,False,False,POINT_IN_TIME_VALID
DAY1,3041,2026-06-15,2026-06-16,2026-06-16,2026-06-16,26.4,True,False,False,POINT_IN_TIME_VALID
DAY1,00988A,2026-06-15,2026-06-16,2026-06-16,2026-06-16,22.68,True,False,False,POINT_IN_TIME_VALID
DAY1,00912,2026-06-15,2026-06-16,2026-06-16,2026-06-16,34.13,True,False,False,POINT_IN_TIME_VALID
DAY1,5434,2026-06-15,2026-06-16,2026-06-16,2026-06-16,470.5,True,False,False,POINT_IN_TIME_VALID
DAY1,00850,2026-06-15,2026-06-16,2026-06-16,2026-06-16,91.05,True,False,False,POINT_IN_TIME_VALID
DAY1,00947,2026-06-15,2026-06-16,2026-06-16,2026-06-16,39.52,True,False,False,POINT_IN_TIME_VALID
DAY1,00923,2026-06-15,2026-06-16,2026-06-16,2026-06-16,42.66,True,False,False,POINT_IN_TIME_VALID
DAY1,00692,2026-06-15,2026-06-16,2026-06-16,2026-06-16,91.65,True,False,False,POINT_IN_TIME_VALID
DAY1,6191,2026-06-15,2026-06-16,2026-06-16,2026-06-16,100.5,True,False,False,POINT_IN_TIME_VALID
DAY1,00908,2026-06-15,2026-06-16,2026-06-16,2026-06-16,15.02,True,False,False,POINT_IN_TIME_VALID
DAY1,006204,2026-06-15,2026-06-16,2026-06-16,2026-06-16,227.75,True,False,False,POINT_IN_TIME_VALID
DAY1,00657,2026-06-15,2026-06-16,2026-06-16,2026-06-16,81.05,True,False,False,POINT_IN_TIME_VALID
DAY1,00944,2026-06-15,2026-06-16,2026-06-16,2026-06-16,21.5,True,False,False,POINT_IN_TIME_VALID
DAY1,006208,2026-06-15,2026-06-16,2026-06-16,2026-06-16,245.35,True,False,False,POINT_IN_TIME_VALID
DAY1,00927,2026-06-15,2026-06-16,2026-06-16,2026-06-16,39.91,True,False,False,POINT_IN_TIME_VALID
DAY1,3044,2026-06-15,2026-06-16,2026-06-16,2026-06-16,546.0,True,False,False,POINT_IN_TIME_VALID
DAY1,00861,2026-06-16,2026-06-17,2026-06-17,2026-06-17,94.5,True,False,False,POINT_IN_TIME_VALID
DAY1,00913,2026-06-16,2026-06-17,2026-06-17,2026-06-17,52.05,True,False,False,POINT_IN_TIME_VALID
DAY1,00892,2026-06-16,2026-06-17,2026-06-17,2026-06-17,45.06,True,False,False,POINT_IN_TIME_VALID
DAY1,00991A,2026-06-16,2026-06-17,2026-06-17,2026-06-17,20.02,True,False,False,POINT_IN_TIME_VALID
DAY1,0053,2026-06-16,2026-06-17,2026-06-17,2026-06-17,242.0,True,False,False,POINT_IN_TIME_VALID
DAY1,00881,2026-06-16,2026-06-17,2026-06-17,2026-06-17,54.95,True,False,False,POINT_IN_TIME_VALID
DAY1,009816,2026-06-16,2026-06-17,2026-06-17,2026-06-17,15.55,True,False,False,POINT_IN_TIME_VALID
DAY1,1456,2026-06-16,2026-06-17,2026-06-17,2026-06-17,15.15,True,False,False,POINT_IN_TIME_VALID
DAY1,00851,2026-06-16,2026-06-17,2026-06-17,2026-06-17,73.25,True,False,False,POINT_IN_TIME_VALID
DAY1,00911,2026-06-16,2026-06-17,2026-06-17,2026-06-17,64.95,True,False,False,POINT_IN_TIME_VALID
DAY1,00983A,2026-06-16,2026-06-17,2026-06-17,2026-06-17,11.88,True,False,False,POINT_IN_TIME_VALID
DAY1,00989A,2026-06-16,2026-06-17,2026-06-17,2026-06-17,18.02,True,False,False,POINT_IN_TIME_VALID
DAY1,009809,2026-06-16,2026-06-17,2026-06-17,2026-06-17,17.38,True,False,False,POINT_IN_TIME_VALID
DAY1,00898,2026-06-16,2026-06-17,2026-06-17,2026-06-17,8.39,True,False,False,POINT_IN_TIME_VALID
DAY1,00893,2026-06-16,2026-06-17,2026-06-17,2026-06-17,46.63,True,False,False,POINT_IN_TIME_VALID
DAY1,0052,2026-06-16,2026-06-17,2026-06-17,2026-06-17,62.15,True,False,False,POINT_IN_TIME_VALID
DAY1,00922,2026-06-16,2026-06-17,2026-06-17,2026-06-17,40.61,True,False,False,POINT_IN_TIME_VALID
DAY1,0057,2026-06-16,2026-06-17,2026-06-17,2026-06-17,313.65,True,False,False,POINT_IN_TIME_VALID
DAY1,00980A,2026-06-16,2026-06-17,2026-06-17,2026-06-17,24.69,True,False,False,POINT_IN_TIME_VALID
DAY1,00995A,2026-06-16,2026-06-17,2026-06-17,2026-06-17,18.03,True,False,False,POINT_IN_TIME_VALID
DAY1,2340,2026-06-16,2026-06-17,2026-06-17,2026-06-17,38.5,True,False,False,POINT_IN_TIME_VALID
DAY1,1515,2026-06-17,2026-06-18,2026-06-18,2026-06-18,25.9,True,False,False,POINT_IN_TIME_VALID
DAY1,7786,2026-06-17,2026-06-18,2026-06-18,2026-06-18,130.0,True,False,False,POINT_IN_TIME_VALID
DAY1,9136,2026-06-17,2026-06-18,2026-06-18,2026-06-18,16.7,True,False,False,POINT_IN_TIME_VALID
DAY1,5469,2026-06-17,2026-06-18,2026-06-18,2026-06-18,86.8,True,False,False,POINT_IN_TIME_VALID
DAY1,2460,2026-06-17,2026-06-18,2026-06-18,2026-06-18,34.8,True,False,False,POINT_IN_TIME_VALID
DAY1,2489,2026-06-17,2026-06-18,2026-06-18,2026-06-18,48.15,True,False,False,POINT_IN_TIME_VALID
DAY1,4722,2026-06-17,2026-06-18,2026-06-18,2026-06-18,277.5,True,False,False,POINT_IN_TIME_VALID
DAY1,6213,2026-06-17,2026-06-18,2026-06-18,2026-06-18,280.0,True,False,False,POINT_IN_TIME_VALID
DAY1,2611,2026-06-17,2026-06-18,2026-06-18,2026-06-18,14.0,True,False,False,POINT_IN_TIME_VALID
DAY1,7795,2026-06-17,2026-06-18,2026-06-18,2026-06-18,410.0,True,False,False,POINT_IN_TIME_VALID
DAY1,1301,2026-06-17,2026-06-18,2026-06-18,2026-06-18,51.7,True,False,False,POINT_IN_TIME_VALID
DAY1,1802,2026-06-17,2026-06-18,2026-06-18,2026-06-18,71.3,True,False,False,POINT_IN_TIME_VALID
DAY1,1541,2026-06-17,2026-06-18,2026-06-18,2026-06-18,22.0,True,False,False,POINT_IN_TIME_VALID
DAY1,00403A,2026-06-17,2026-06-18,2026-06-18,2026-06-18,11.03,True,False,False,POINT_IN_TIME_VALID
DAY1,6472,2026-06-17,2026-06-18,2026-06-18,2026-06-18,422.5,True,False,False,POINT_IN_TIME_VALID
DAY1,1531,2026-06-17,2026-06-18,2026-06-18,2026-06-18,12.9,True,False,False,POINT_IN_TIME_VALID
DAY1,3535,2026-06-17,2026-06-18,2026-06-18,2026-06-18,134.0,True,False,False,POINT_IN_TIME_VALID
DAY1,2402,2026-06-17,2026-06-18,2026-06-18,2026-06-18,70.0,True,False,False,POINT_IN_TIME_VALID
DAY1,1465,2026-06-17,2026-06-18,2026-06-18,2026-06-18,12.5,True,False,False,POINT_IN_TIME_VALID
DAY1,8039,2026-06-17,2026-06-18,2026-06-18,2026-06-18,145.5,True,False,False,POINT_IN_TIME_VALID
DAY1,0051,2026-06-18,2026-06-22,2026-06-22,2026-06-22,151.5,True,False,False,POINT_IN_TIME_VALID
DAY1,00946,2026-06-18,2026-06-22,2026-06-22,2026-06-22,15.85,True,False,False,POINT_IN_TIME_VALID
DAY1,00733,2026-06-18,2026-06-22,2026-06-22,2026-06-22,80.35,True,False,False,POINT_IN_TIME_VALID
DAY1,009803,2026-06-18,2026-06-22,2026-06-22,2026-06-22,22.72,True,False,False,POINT_IN_TIME_VALID
DAY1,009808,2026-06-18,2026-06-22,2026-06-22,2026-06-22,33.02,True,False,False,POINT_IN_TIME_VALID
DAY1,00896,2026-06-18,2026-06-22,2026-06-22,2026-06-22,28.55,True,False,False,POINT_IN_TIME_VALID
DAY1,00993A,2026-06-18,2026-06-22,2026-06-22,2026-06-22,14.64,True,False,False,POINT_IN_TIME_VALID
DAY1,00762,2026-06-18,2026-06-22,2026-06-22,2026-06-22,123.15,True,False,False,POINT_IN_TIME_VALID
DAY1,00982A,2026-06-18,2026-06-22,2026-06-22,2026-06-22,25.45,True,False,False,POINT_IN_TIME_VALID
DAY1,1905,2026-06-22,2026-06-23,2026-06-23,2026-06-23,16.75,True,False,False,POINT_IN_TIME_VALID
DAY1,2415,2026-06-22,2026-06-23,2026-06-23,2026-06-23,30.2,True,False,False,POINT_IN_TIME_VALID
DAY1,8072,2026-06-22,2026-06-23,2026-06-23,2026-06-23,30.6,True,False,False,POINT_IN_TIME_VALID
DAY1,6919,2026-06-22,2026-06-23,2026-06-23,2026-06-23,108.0,True,False,False,POINT_IN_TIME_VALID
DAY1,00639,2026-06-22,2026-06-23,2026-06-23,2026-06-23,18.56,True,False,False,POINT_IN_TIME_VALID
DAY1,6573,2026-06-23,2026-06-24,2026-06-24,2026-06-24,21.5,True,False,False,POINT_IN_TIME_VALID
DAY1,5283,2026-06-23,2026-06-24,2026-06-24,2026-06-24,57.5,True,False,False,POINT_IN_TIME_VALID
DAY1,6715,2026-06-23,2026-06-24,2026-06-24,2026-06-24,513.0,True,False,False,POINT_IN_TIME_VALID
DAY1,2832,2026-06-23,2026-06-24,2026-06-24,2026-06-24,56.0,True,False,False,POINT_IN_TIME_VALID
DAY1,6243,2026-06-23,2026-06-24,2026-06-24,2026-06-24,45.65,True,False,False,POINT_IN_TIME_VALID
DAY1,3530,2026-06-23,2026-06-24,2026-06-24,2026-06-24,73.2,True,False,False,POINT_IN_TIME_VALID
DAY1,2634,2026-06-23,2026-06-24,2026-06-24,2026-06-24,49.3,True,False,False,POINT_IN_TIME_VALID
DAY1,2466,2026-06-23,2026-06-24,2026-06-24,2026-06-24,59.0,True,False,False,POINT_IN_TIME_VALID
DAY1,2330,2026-06-23,2026-06-24,2026-06-24,2026-06-24,2390.0,True,False,False,POINT_IN_TIME_VALID
DAY1,2646,2026-06-23,2026-06-24,2026-06-24,2026-06-24,21.7,True,False,False,POINT_IN_TIME_VALID
DAY1,6257,2026-06-23,2026-06-24,2026-06-24,2026-06-24,242.5,True,False,False,POINT_IN_TIME_VALID
DAY1,2399,2026-06-23,2026-06-24,2026-06-24,2026-06-24,54.3,True,False,False,POINT_IN_TIME_VALID
DAY1,8438,2026-06-23,2026-06-24,2026-06-24,2026-06-24,97.1,True,False,False,POINT_IN_TIME_VALID
DAY1,1529,2026-06-23,2026-06-24,2026-06-24,2026-06-24,22.75,True,False,False,POINT_IN_TIME_VALID
DAY1,9940,2026-06-23,2026-06-24,2026-06-24,2026-06-24,19.2,True,False,False,POINT_IN_TIME_VALID
DAY1,8046,2026-06-23,2026-06-24,2026-06-24,2026-06-24,955.0,True,False,False,POINT_IN_TIME_VALID
DAY1,9930,2026-06-23,2026-06-24,2026-06-24,2026-06-24,67.0,True,False,False,POINT_IN_TIME_VALID
DAY1,1437,2026-06-23,2026-06-24,2026-06-24,2026-06-24,30.05,True,False,False,POINT_IN_TIME_VALID
DAY1,3712,2026-06-23,2026-06-24,2026-06-24,2026-06-24,17.95,True,False,False,POINT_IN_TIME_VALID
DAY1,1535,2026-06-23,2026-06-24,2026-06-24,2026-06-24,50.1,True,False,False,POINT_IN_TIME_VALID
DAY1,3588,2026-06-24,2026-06-25,2026-06-25,2026-06-25,72.0,True,False,False,POINT_IN_TIME_VALID
DAY1,1216,2026-06-24,2026-06-25,2026-06-25,2026-06-25,75.6,True,False,False,POINT_IN_TIME_VALID
DAY1,1310,2026-06-24,2026-06-25,2026-06-25,2026-06-25,10.1,True,False,False,POINT_IN_TIME_VALID
DAY1,1236,2026-06-24,2026-06-25,2026-06-25,2026-06-25,25.85,True,False,False,POINT_IN_TIME_VALID
DAY1,6909,2026-06-24,2026-06-25,2026-06-25,2026-06-25,58.4,True,False,False,POINT_IN_TIME_VALID
DAY1,4169,2026-06-24,2026-06-25,2026-06-25,2026-06-25,191.0,True,False,False,POINT_IN_TIME_VALID
DAY1,2539,2026-06-24,2026-06-25,2026-06-25,2026-06-25,38.95,True,False,False,POINT_IN_TIME_VALID
DAY1,1315,2026-06-24,2026-06-25,2026-06-25,2026-06-25,62.3,True,False,False,POINT_IN_TIME_VALID
DAY1,1475,2026-06-24,2026-06-25,2026-06-25,2026-06-25,27.3,True,False,False,POINT_IN_TIME_VALID
DAY1,1449,2026-06-24,2026-06-25,2026-06-25,2026-06-25,14.75,True,False,False,POINT_IN_TIME_VALID
DAY1,7799,2026-06-24,2026-06-25,2026-06-25,2026-06-25,393.0,True,False,False,POINT_IN_TIME_VALID
DAY1,4119,2026-06-24,2026-06-25,2026-06-25,2026-06-25,44.65,True,False,False,POINT_IN_TIME_VALID
DAY1,4164,2026-06-24,2026-06-25,2026-06-25,2026-06-25,30.15,True,False,False,POINT_IN_TIME_VALID
DAY1,2910,2026-06-24,2026-06-25,2026-06-25,2026-06-25,,True,False,False,POINT_IN_TIME_VALID
DAY1,6505,2026-06-24,2026-06-25,2026-06-25,2026-06-25,55.9,True,False,False,POINT_IN_TIME_VALID
DAY1,9944,2026-06-24,2026-06-25,2026-06-25,2026-06-25,17.85,True,False,False,POINT_IN_TIME_VALID
DAY1,1234,2026-06-24,2026-06-25,2026-06-25,2026-06-25,35.15,True,False,False,POINT_IN_TIME_VALID
DAY1,Plastics,2026-06-24,2026-06-25,2026-06-25,2026-06-25,288.82,True,False,False,POINT_IN_TIME_VALID
DAY1,2352,2026-06-24,2026-06-25,2026-06-25,2026-06-25,30.5,True,False,False,POINT_IN_TIME_VALID
DAY1,4306,2026-06-25,2026-06-26,2026-06-26,2026-06-26,15.9,True,False,False,POINT_IN_TIME_VALID
DAY1,1709,2026-06-25,2026-06-26,2026-06-26,2026-06-26,21.05,True,False,False,POINT_IN_TIME_VALID
DAY1,5880,2026-06-25,2026-06-26,2026-06-26,2026-06-26,24.7,True,False,False,POINT_IN_TIME_VALID
DAY1,8464,2026-06-25,2026-06-26,2026-06-26,2026-06-26,350.5,True,False,False,POINT_IN_TIME_VALID
DAY1,1776,2026-06-25,2026-06-26,2026-06-26,2026-06-26,19.85,True,False,False,POINT_IN_TIME_VALID
DAY1,1725,2026-06-25,2026-06-26,2026-06-26,2026-06-26,34.6,True,False,False,POINT_IN_TIME_VALID
DAY1,2458,2026-06-25,2026-06-26,2026-06-26,2026-06-26,172.0,True,False,False,POINT_IN_TIME_VALID
DAY1,2103,2026-06-25,2026-06-26,2026-06-26,2026-06-26,20.25,True,False,False,POINT_IN_TIME_VALID
DAY1,00674R,2026-06-25,2026-06-26,2026-06-26,2026-06-26,30.59,True,False,False,POINT_IN_TIME_VALID
DAY1,1313,2026-06-25,2026-06-26,2026-06-26,2026-06-26,12.35,True,False,False,POINT_IN_TIME_VALID
DAY1,3591,2026-06-25,2026-06-26,2026-06-26,2026-06-26,26.45,True,False,False,POINT_IN_TIME_VALID
DAY1,6582,2026-06-25,2026-06-26,2026-06-26,2026-06-26,33.5,True,False,False,POINT_IN_TIME_VALID
DAY1,2107,2026-06-25,2026-06-26,2026-06-26,2026-06-26,25.4,True,False,False,POINT_IN_TIME_VALID
DAY1,4414,2026-06-25,2026-06-26,2026-06-26,2026-06-26,8.38,True,False,False,POINT_IN_TIME_VALID
DAY1,2345,2026-07-01,2026-07-02,2026-07-02,2026-07-02,2750.0,True,False,False,POINT_IN_TIME_VALID
DAY1,9935,2026-07-01,2026-07-02,2026-07-02,2026-07-02,20.05,True,False,False,POINT_IN_TIME_VALID
DAY1,8466,2026-07-01,2026-07-02,2026-07-02,2026-07-02,17.25,True,False,False,POINT_IN_TIME_VALID
DAY1,2528,2026-07-01,2026-07-02,2026-07-02,2026-07-02,23.0,True,False,False,POINT_IN_TIME_VALID
DAY1,00938,2026-07-01,2026-07-02,2026-07-02,2026-07-02,24.12,True,False,False,POINT_IN_TIME_VALID
DAY1,00643,2026-07-01,2026-07-02,2026-07-02,2026-07-02,20.14,True,False,False,POINT_IN_TIME_VALID
DAY1,3605,2026-07-01,2026-07-02,2026-07-02,2026-07-02,90.1,True,False,False,POINT_IN_TIME_VALID
DAY1,2429,2026-07-01,2026-07-02,2026-07-02,2026-07-02,44.3,True,False,False,POINT_IN_TIME_VALID
DAY1,00728,2026-07-01,2026-07-02,2026-07-02,2026-07-02,65.75,True,False,False,POINT_IN_TIME_VALID
DAY1,2433,2026-07-01,2026-07-02,2026-07-02,2026-07-02,42.05,True,False,False,POINT_IN_TIME_VALID
DAY3,0055,2026-06-15,2026-06-18,2026-06-18,2026-06-18,43.46,True,False,False,POINT_IN_TIME_VALID
DAY3,2891,2026-06-15,2026-06-18,2026-06-18,2026-06-18,71.9,True,False,False,POINT_IN_TIME_VALID
DAY3,00990A,2026-06-15,2026-06-18,2026-06-18,2026-06-18,20.97,True,False,False,POINT_IN_TIME_VALID
DAY3,00701,2026-06-15,2026-06-18,2026-06-18,2026-06-18,39.38,True,False,False,POINT_IN_TIME_VALID
DAY3,00876,2026-06-15,2026-06-18,2026-06-18,2026-06-18,101.65,True,False,False,POINT_IN_TIME_VALID
DAY3,6202,2026-06-15,2026-06-18,2026-06-18,2026-06-18,67.0,True,False,False,POINT_IN_TIME_VALID
DAY3,00941,2026-06-15,2026-06-18,2026-06-18,2026-06-18,28.6,True,False,False,POINT_IN_TIME_VALID
DAY3,00663L,2026-06-15,2026-06-18,2026-06-18,2026-06-18,111.9,True,False,False,POINT_IN_TIME_VALID
DAY3,00661,2026-06-15,2026-06-18,2026-06-18,2026-06-18,91.95,True,False,False,POINT_IN_TIME_VALID
DAY3,00675L,2026-06-15,2026-06-18,2026-06-18,2026-06-18,338.45,True,False,False,POINT_IN_TIME_VALID
DAY3,00685L,2026-06-15,2026-06-18,2026-06-18,2026-06-18,306.75,True,False,False,POINT_IN_TIME_VALID
DAY3,4952,2026-06-15,2026-06-18,2026-06-18,2026-06-18,57.9,True,False,False,POINT_IN_TIME_VALID
DAY3,00731,2026-06-15,2026-06-18,2026-06-18,2026-06-18,91.55,True,False,False,POINT_IN_TIME_VALID
DAY3,00915,2026-06-15,2026-06-18,2026-06-18,2026-06-18,32.28,True,False,False,POINT_IN_TIME_VALID
DAY3,00929,2026-06-15,2026-06-18,2026-06-18,2026-06-18,31.1,True,False,False,POINT_IN_TIME_VALID
DAY3,00901,2026-06-15,2026-06-18,2026-06-18,2026-06-18,47.5,True,False,False,POINT_IN_TIME_VALID
DAY3,00918,2026-06-15,2026-06-18,2026-06-18,2026-06-18,32.0,True,False,False,POINT_IN_TIME_VALID
DAY3,00939,2026-06-15,2026-06-18,2026-06-18,2026-06-18,21.95,True,False,False,POINT_IN_TIME_VALID
DAY3,00690,2026-06-15,2026-06-18,2026-06-18,2026-06-18,82.3,True,False,False,POINT_IN_TIME_VALID
DAY3,00954,2026-06-15,2026-06-18,2026-06-18,2026-06-18,21.84,True,False,False,POINT_IN_TIME_VALID
DAY3,00935,2026-06-15,2026-06-18,2026-06-18,2026-06-18,62.25,True,False,False,POINT_IN_TIME_VALID
DAY3,00830,2026-06-15,2026-06-18,2026-06-18,2026-06-18,97.0,True,False,False,POINT_IN_TIME_VALID
DAY3,00951,2026-06-15,2026-06-18,2026-06-18,2026-06-18,20.46,True,False,False,POINT_IN_TIME_VALID
DAY3,00735,2026-06-15,2026-06-18,2026-06-18,2026-06-18,118.4,True,False,False,POINT_IN_TIME_VALID
DAY3,5471,2026-06-15,2026-06-18,2026-06-18,2026-06-18,60.9,True,False,False,POINT_IN_TIME_VALID
DAY3,009804,2026-06-15,2026-06-18,2026-06-18,2026-06-18,24.37,True,False,False,POINT_IN_TIME_VALID
DAY3,4551,2026-06-15,2026-06-18,2026-06-18,2026-06-18,221.5,True,False,False,POINT_IN_TIME_VALID
DAY3,00930,2026-06-15,2026-06-18,2026-06-18,2026-06-18,25.51,True,False,False,POINT_IN_TIME_VALID
DAY3,00900,2026-06-15,2026-06-18,2026-06-18,2026-06-18,19.58,True,False,False,POINT_IN_TIME_VALID
DAY3,009802,2026-06-15,2026-06-18,2026-06-18,2026-06-18,19.89,True,False,False,POINT_IN_TIME_VALID
DAY3,00631L,2026-06-15,2026-06-18,2026-06-18,2026-06-18,38.33,True,False,False,POINT_IN_TIME_VALID
DAY3,0050,2026-06-15,2026-06-18,2026-06-18,2026-06-18,107.3,True,False,False,POINT_IN_TIME_VALID
DAY3,00907,2026-06-15,2026-06-18,2026-06-18,2026-06-18,16.66,True,False,False,POINT_IN_TIME_VALID
DAY3,00905,2026-06-15,2026-06-18,2026-06-18,2026-06-18,28.42,True,False,False,POINT_IN_TIME_VALID
DAY3,3041,2026-06-15,2026-06-18,2026-06-18,2026-06-18,28.15,True,False,False,POINT_IN_TIME_VALID
DAY3,00988A,2026-06-15,2026-06-18,2026-06-18,2026-06-18,22.96,True,False,False,POINT_IN_TIME_VALID
DAY3,00912,2026-06-15,2026-06-18,2026-06-18,2026-06-18,34.74,True,False,False,POINT_IN_TIME_VALID
DAY3,5434,2026-06-15,2026-06-18,2026-06-18,2026-06-18,475.5,True,False,False,POINT_IN_TIME_VALID
DAY3,00850,2026-06-15,2026-06-18,2026-06-18,2026-06-18,92.45,True,False,False,POINT_IN_TIME_VALID
DAY3,00947,2026-06-15,2026-06-18,2026-06-18,2026-06-18,41.3,True,False,False,POINT_IN_TIME_VALID
DAY3,00923,2026-06-15,2026-06-18,2026-06-18,2026-06-18,43.18,True,False,False,POINT_IN_TIME_VALID
DAY3,00692,2026-06-15,2026-06-18,2026-06-18,2026-06-18,92.8,True,False,False,POINT_IN_TIME_VALID
DAY3,6191,2026-06-15,2026-06-18,2026-06-18,2026-06-18,100.5,True,False,False,POINT_IN_TIME_VALID
DAY3,00908,2026-06-15,2026-06-18,2026-06-18,2026-06-18,14.82,True,False,False,POINT_IN_TIME_VALID
DAY3,006204,2026-06-15,2026-06-18,2026-06-18,2026-06-18,231.8,True,False,False,POINT_IN_TIME_VALID
DAY3,00657,2026-06-15,2026-06-18,2026-06-18,2026-06-18,82.9,True,False,False,POINT_IN_TIME_VALID
DAY3,00944,2026-06-15,2026-06-18,2026-06-18,2026-06-18,22.17,True,False,False,POINT_IN_TIME_VALID
DAY3,006208,2026-06-15,2026-06-18,2026-06-18,2026-06-18,249.1,True,False,False,POINT_IN_TIME_VALID
DAY3,00927,2026-06-15,2026-06-18,2026-06-18,2026-06-18,41.25,True,False,False,POINT_IN_TIME_VALID
DAY3,3044,2026-06-15,2026-06-18,2026-06-18,2026-06-18,573.0,True,False,False,POINT_IN_TIME_VALID
DAY3,00861,2026-06-16,2026-06-22,2026-06-22,2026-06-22,97.5,True,False,False,POINT_IN_TIME_VALID
DAY3,00913,2026-06-16,2026-06-22,2026-06-22,2026-06-22,56.55,True,False,False,POINT_IN_TIME_VALID
DAY3,00892,2026-06-16,2026-06-22,2026-06-22,2026-06-22,47.49,True,False,False,POINT_IN_TIME_VALID
DAY3,00991A,2026-06-16,2026-06-22,2026-06-22,2026-06-22,21.33,True,False,False,POINT_IN_TIME_VALID
DAY3,0053,2026-06-16,2026-06-22,2026-06-22,2026-06-22,252.15,True,False,False,POINT_IN_TIME_VALID
DAY3,00881,2026-06-16,2026-06-22,2026-06-22,2026-06-22,57.35,True,False,False,POINT_IN_TIME_VALID
DAY3,009816,2026-06-16,2026-06-22,2026-06-22,2026-06-22,16.17,True,False,False,POINT_IN_TIME_VALID
DAY3,1456,2026-06-16,2026-06-22,2026-06-22,2026-06-22,15.6,True,False,False,POINT_IN_TIME_VALID
DAY3,00851,2026-06-16,2026-06-22,2026-06-22,2026-06-22,74.2,True,False,False,POINT_IN_TIME_VALID
DAY3,00911,2026-06-16,2026-06-22,2026-06-22,2026-06-22,67.8,True,False,False,POINT_IN_TIME_VALID
DAY3,00983A,2026-06-16,2026-06-22,2026-06-22,2026-06-22,12.05,True,False,False,POINT_IN_TIME_VALID
DAY3,00989A,2026-06-16,2026-06-22,2026-06-22,2026-06-22,18.33,True,False,False,POINT_IN_TIME_VALID
DAY3,009809,2026-06-16,2026-06-22,2026-06-22,2026-06-22,18.33,True,False,False,POINT_IN_TIME_VALID
DAY3,00898,2026-06-16,2026-06-22,2026-06-22,2026-06-22,8.45,True,False,False,POINT_IN_TIME_VALID
DAY3,00893,2026-06-16,2026-06-22,2026-06-22,2026-06-22,47.43,True,False,False,POINT_IN_TIME_VALID
DAY3,0052,2026-06-16,2026-06-22,2026-06-22,2026-06-22,65.25,True,False,False,POINT_IN_TIME_VALID
DAY3,00922,2026-06-16,2026-06-22,2026-06-22,2026-06-22,42.64,True,False,False,POINT_IN_TIME_VALID
DAY3,0057,2026-06-16,2026-06-22,2026-06-22,2026-06-22,324.95,True,False,False,POINT_IN_TIME_VALID
DAY3,00980A,2026-06-16,2026-06-22,2026-06-22,2026-06-22,25.71,True,False,False,POINT_IN_TIME_VALID
DAY3,00995A,2026-06-16,2026-06-22,2026-06-22,2026-06-22,18.77,True,False,False,POINT_IN_TIME_VALID
DAY3,2340,2026-06-16,2026-06-22,2026-06-22,2026-06-22,42.8,True,False,False,POINT_IN_TIME_VALID
DAY3,1515,2026-06-17,2026-06-23,2026-06-23,2026-06-23,26.8,True,False,False,POINT_IN_TIME_VALID
DAY3,7786,2026-06-17,2026-06-23,2026-06-23,2026-06-23,126.5,True,False,False,POINT_IN_TIME_VALID
DAY3,9136,2026-06-17,2026-06-23,2026-06-23,2026-06-23,16.25,True,False,False,POINT_IN_TIME_VALID
DAY3,5469,2026-06-17,2026-06-23,2026-06-23,2026-06-23,86.8,True,False,False,POINT_IN_TIME_VALID
DAY3,2460,2026-06-17,2026-06-23,2026-06-23,2026-06-23,36.8,True,False,False,POINT_IN_TIME_VALID
DAY3,2489,2026-06-17,2026-06-23,2026-06-23,2026-06-23,47.35,True,False,False,POINT_IN_TIME_VALID
DAY3,4722,2026-06-17,2026-06-23,2026-06-23,2026-06-23,274.0,True,False,False,POINT_IN_TIME_VALID
DAY3,6213,2026-06-17,2026-06-23,2026-06-23,2026-06-23,281.0,True,False,False,POINT_IN_TIME_VALID
DAY3,2611,2026-06-17,2026-06-23,2026-06-23,2026-06-23,13.65,True,False,False,POINT_IN_TIME_VALID
DAY3,7795,2026-06-17,2026-06-23,2026-06-23,2026-06-23,431.5,True,False,False,POINT_IN_TIME_VALID
DAY3,1301,2026-06-17,2026-06-23,2026-06-23,2026-06-23,49.55,True,False,False,POINT_IN_TIME_VALID
DAY3,1802,2026-06-17,2026-06-23,2026-06-23,2026-06-23,69.9,True,False,False,POINT_IN_TIME_VALID
DAY3,1541,2026-06-17,2026-06-23,2026-06-23,2026-06-23,21.85,True,False,False,POINT_IN_TIME_VALID
DAY3,00403A,2026-06-17,2026-06-23,2026-06-23,2026-06-23,11.1,True,False,False,POINT_IN_TIME_VALID
DAY3,6472,2026-06-17,2026-06-23,2026-06-23,2026-06-23,439.5,True,False,False,POINT_IN_TIME_VALID
DAY3,1531,2026-06-17,2026-06-23,2026-06-23,2026-06-23,12.9,True,False,False,POINT_IN_TIME_VALID
DAY3,3535,2026-06-17,2026-06-23,2026-06-23,2026-06-23,122.0,True,False,False,POINT_IN_TIME_VALID
DAY3,2402,2026-06-17,2026-06-23,2026-06-23,2026-06-23,68.3,True,False,False,POINT_IN_TIME_VALID
DAY3,1465,2026-06-17,2026-06-23,2026-06-23,2026-06-23,12.45,True,False,False,POINT_IN_TIME_VALID
DAY3,8039,2026-06-17,2026-06-23,2026-06-23,2026-06-23,145.5,True,False,False,POINT_IN_TIME_VALID
DAY3,0051,2026-06-18,2026-06-24,2026-06-24,2026-06-24,148.5,True,False,False,POINT_IN_TIME_VALID
DAY3,00946,2026-06-18,2026-06-24,2026-06-24,2026-06-24,15.33,True,False,False,POINT_IN_TIME_VALID
DAY3,00733,2026-06-18,2026-06-24,2026-06-24,2026-06-24,76.6,True,False,False,POINT_IN_TIME_VALID
DAY3,009803,2026-06-18,2026-06-24,2026-06-24,2026-06-24,21.95,True,False,False,POINT_IN_TIME_VALID
DAY3,009808,2026-06-18,2026-06-24,2026-06-24,2026-06-24,31.78,True,False,False,POINT_IN_TIME_VALID
DAY3,00896,2026-06-18,2026-06-24,2026-06-24,2026-06-24,28.08,True,False,False,POINT_IN_TIME_VALID
DAY3,00993A,2026-06-18,2026-06-24,2026-06-24,2026-06-24,14.18,True,False,False,POINT_IN_TIME_VALID
DAY3,00762,2026-06-18,2026-06-24,2026-06-24,2026-06-24,117.75,True,False,False,POINT_IN_TIME_VALID
DAY3,00982A,2026-06-18,2026-06-24,2026-06-24,2026-06-24,24.62,True,False,False,POINT_IN_TIME_VALID
DAY3,1905,2026-06-22,2026-06-25,2026-06-25,2026-06-25,16.85,True,False,False,POINT_IN_TIME_VALID
DAY3,2415,2026-06-22,2026-06-25,2026-06-25,2026-06-25,34.05,True,False,False,POINT_IN_TIME_VALID
DAY3,8072,2026-06-22,2026-06-25,2026-06-25,2026-06-25,30.05,True,False,False,POINT_IN_TIME_VALID
DAY3,6919,2026-06-22,2026-06-25,2026-06-25,2026-06-25,99.3,True,False,False,POINT_IN_TIME_VALID
DAY3,00639,2026-06-22,2026-06-25,2026-06-25,2026-06-25,18.92,True,False,False,POINT_IN_TIME_VALID
DAY3,6573,2026-06-23,2026-06-26,2026-06-26,2026-06-26,19.85,True,False,False,POINT_IN_TIME_VALID
DAY3,5283,2026-06-23,2026-06-26,2026-06-26,2026-06-26,52.5,True,False,False,POINT_IN_TIME_VALID
DAY3,6715,2026-06-23,2026-06-26,2026-06-26,2026-06-26,455.0,True,False,False,POINT_IN_TIME_VALID
DAY3,2832,2026-06-23,2026-06-26,2026-06-26,2026-06-26,55.8,True,False,False,POINT_IN_TIME_VALID
DAY3,6243,2026-06-23,2026-06-26,2026-06-26,2026-06-26,43.0,True,False,False,POINT_IN_TIME_VALID
DAY3,3530,2026-06-23,2026-06-26,2026-06-26,2026-06-26,67.6,True,False,False,POINT_IN_TIME_VALID
DAY3,2634,2026-06-23,2026-06-26,2026-06-26,2026-06-26,49.2,True,False,False,POINT_IN_TIME_VALID
DAY3,2466,2026-06-23,2026-06-26,2026-06-26,2026-06-26,58.0,True,False,False,POINT_IN_TIME_VALID
DAY3,2330,2026-06-23,2026-06-26,2026-06-26,2026-06-26,2340.0,True,False,False,POINT_IN_TIME_VALID
DAY3,2646,2026-06-23,2026-06-26,2026-06-26,2026-06-26,21.2,True,False,False,POINT_IN_TIME_VALID
DAY3,6257,2026-06-23,2026-06-26,2026-06-26,2026-06-26,224.0,True,False,False,POINT_IN_TIME_VALID
DAY3,2399,2026-06-23,2026-06-26,2026-06-26,2026-06-26,48.5,True,False,False,POINT_IN_TIME_VALID
DAY3,8438,2026-06-23,2026-06-26,2026-06-26,2026-06-26,92.7,True,False,False,POINT_IN_TIME_VALID
DAY3,1529,2026-06-23,2026-06-26,2026-06-26,2026-06-26,21.75,True,False,False,POINT_IN_TIME_VALID
DAY3,9940,2026-06-23,2026-06-26,2026-06-26,2026-06-26,18.95,True,False,False,POINT_IN_TIME_VALID
DAY3,8046,2026-06-23,2026-06-26,2026-06-26,2026-06-26,1125.0,True,False,False,POINT_IN_TIME_VALID
DAY3,9930,2026-06-23,2026-06-26,2026-06-26,2026-06-26,66.3,True,False,False,POINT_IN_TIME_VALID
DAY3,1437,2026-06-23,2026-06-26,2026-06-26,2026-06-26,30.1,True,False,False,POINT_IN_TIME_VALID
DAY3,3712,2026-06-23,2026-06-26,2026-06-26,2026-06-26,17.35,True,False,False,POINT_IN_TIME_VALID
DAY3,1535,2026-06-23,2026-06-26,2026-06-26,2026-06-26,49.75,True,False,False,POINT_IN_TIME_VALID
DAY3,3588,2026-06-24,2026-06-29,2026-06-29,2026-06-29,68.0,True,False,False,POINT_IN_TIME_VALID
DAY3,1216,2026-06-24,2026-06-29,2026-06-29,2026-06-29,75.7,True,False,False,POINT_IN_TIME_VALID
DAY3,1310,2026-06-24,2026-06-29,2026-06-29,2026-06-29,10.0,True,False,False,POINT_IN_TIME_VALID
DAY3,1236,2026-06-24,2026-06-29,2026-06-29,2026-06-29,25.8,True,False,False,POINT_IN_TIME_VALID
DAY3,6909,2026-06-24,2026-06-29,2026-06-29,2026-06-29,55.5,True,False,False,POINT_IN_TIME_VALID
DAY3,4169,2026-06-24,2026-06-29,2026-06-29,2026-06-29,209.0,True,False,False,POINT_IN_TIME_VALID
DAY3,2539,2026-06-24,2026-06-29,2026-06-29,2026-06-29,39.3,True,False,False,POINT_IN_TIME_VALID
DAY3,1315,2026-06-24,2026-06-29,2026-06-29,2026-06-29,62.1,True,False,False,POINT_IN_TIME_VALID
DAY3,1475,2026-06-24,2026-06-29,2026-06-29,2026-06-29,27.2,True,False,False,POINT_IN_TIME_VALID
DAY3,1449,2026-06-24,2026-06-29,2026-06-29,2026-06-29,14.45,True,False,False,POINT_IN_TIME_VALID
DAY3,7799,2026-06-24,2026-06-29,2026-06-29,2026-06-29,416.5,True,False,False,POINT_IN_TIME_VALID
DAY3,4119,2026-06-24,2026-06-29,2026-06-29,2026-06-29,44.25,True,False,False,POINT_IN_TIME_VALID
DAY3,4164,2026-06-24,2026-06-29,2026-06-29,2026-06-29,29.15,True,False,False,POINT_IN_TIME_VALID
DAY3,2910,2026-06-24,2026-06-29,2026-06-29,2026-06-29,23.0,True,False,False,POINT_IN_TIME_VALID
DAY3,6505,2026-06-24,2026-06-29,2026-06-29,2026-06-29,55.3,True,False,False,POINT_IN_TIME_VALID
DAY3,9944,2026-06-24,2026-06-29,2026-06-29,2026-06-29,17.55,True,False,False,POINT_IN_TIME_VALID
DAY3,1234,2026-06-24,2026-06-29,2026-06-29,2026-06-29,33.5,True,False,False,POINT_IN_TIME_VALID
DAY3,Plastics,2026-06-24,2026-06-29,2026-06-29,2026-06-29,276.94,True,False,False,POINT_IN_TIME_VALID
DAY3,2352,2026-06-24,2026-06-29,2026-06-29,2026-06-29,31.0,True,False,False,POINT_IN_TIME_VALID
DAY3,4306,2026-06-25,2026-06-30,2026-06-30,2026-06-30,15.9,True,False,False,POINT_IN_TIME_VALID
DAY3,1709,2026-06-25,2026-06-30,2026-06-30,2026-06-30,21.95,True,False,False,POINT_IN_TIME_VALID
DAY3,5880,2026-06-25,2026-06-30,2026-06-30,2026-06-30,24.85,True,False,False,POINT_IN_TIME_VALID
DAY3,8464,2026-06-25,2026-06-30,2026-06-30,2026-06-30,346.0,True,False,False,POINT_IN_TIME_VALID
DAY3,1776,2026-06-25,2026-06-30,2026-06-30,2026-06-30,20.45,True,False,False,POINT_IN_TIME_VALID
DAY3,1725,2026-06-25,2026-06-30,2026-06-30,2026-06-30,34.75,True,False,False,POINT_IN_TIME_VALID
DAY3,2458,2026-06-25,2026-06-30,2026-06-30,2026-06-30,189.0,True,False,False,POINT_IN_TIME_VALID
DAY3,2103,2026-06-25,2026-06-30,2026-06-30,2026-06-30,20.7,True,False,False,POINT_IN_TIME_VALID
DAY3,00674R,2026-06-25,2026-06-30,2026-06-30,2026-06-30,30.88,True,False,False,POINT_IN_TIME_VALID
DAY3,1313,2026-06-25,2026-06-30,2026-06-30,2026-06-30,12.45,True,False,False,POINT_IN_TIME_VALID
DAY3,3591,2026-06-25,2026-06-30,2026-06-30,2026-06-30,26.1,True,False,False,POINT_IN_TIME_VALID
DAY3,6582,2026-06-25,2026-06-30,2026-06-30,2026-06-30,33.0,True,False,False,POINT_IN_TIME_VALID
DAY3,2107,2026-06-25,2026-06-30,2026-06-30,2026-06-30,25.55,True,False,False,POINT_IN_TIME_VALID
DAY3,4414,2026-06-25,2026-06-30,2026-06-30,2026-06-30,8.49,True,False,False,POINT_IN_TIME_VALID
DAY3,2345,2026-07-01,2026-07-06,2026-07-06,2026-07-06,2645.0,True,False,False,POINT_IN_TIME_VALID
DAY3,9935,2026-07-01,2026-07-06,2026-07-06,2026-07-06,18.9,True,False,False,POINT_IN_TIME_VALID
DAY3,8466,2026-07-01,2026-07-06,2026-07-06,2026-07-06,17.3,True,False,False,POINT_IN_TIME_VALID
DAY3,2528,2026-07-01,2026-07-06,2026-07-06,2026-07-06,22.55,True,False,False,POINT_IN_TIME_VALID
DAY3,00938,2026-07-01,2026-07-06,2026-07-06,2026-07-06,24.63,True,False,False,POINT_IN_TIME_VALID
DAY3,00643,2026-07-01,2026-07-06,2026-07-06,2026-07-06,20.31,True,False,False,POINT_IN_TIME_VALID
DAY3,3605,2026-07-01,2026-07-06,2026-07-06,2026-07-06,87.7,True,False,False,POINT_IN_TIME_VALID
DAY3,2429,2026-07-01,2026-07-06,2026-07-06,2026-07-06,49.05,True,False,False,POINT_IN_TIME_VALID
DAY3,00728,2026-07-01,2026-07-06,2026-07-06,2026-07-06,65.9,True,False,False,POINT_IN_TIME_VALID
DAY3,2433,2026-07-01,2026-07-06,2026-07-06,2026-07-06,42.1,True,False,False,POINT_IN_TIME_VALID
