unit,feature,outcome,n,median,p25,p75,mean,effect_size_winner_vs_neutral,observed_winner_direction,dates_with_winner_neutral_comparison,direction_consistency_by_date,single_date_risk,discovery_p25,discovery_p75,winner_top_quartile_rate,winner_bottom_quartile_rate,neutral_top_quartile_rate,loser_top_quartile_rate
DAY0,first_seen_flag,WINNER,15,1.0,1.0,1.0,1.0,,HIGHER,6,0.0,False,1.0,1.0,1.0,1.0,1.0,1.0
DAY0,first_seen_flag,NEUTRAL,134,1.0,1.0,1.0,1.0,,HIGHER,6,0.0,False,1.0,1.0,1.0,1.0,1.0,1.0
DAY0,first_seen_flag,LOSER,19,1.0,1.0,1.0,1.0,,HIGHER,6,0.0,False,1.0,1.0,1.0,1.0,1.0,1.0
DAY0,days_since_episode_start,WINNER,15,0.0,0.0,0.0,0.0,,HIGHER,6,0.0,False,0.0,0.0,1.0,1.0,1.0,1.0
DAY0,days_since_episode_start,NEUTRAL,134,0.0,0.0,0.0,0.0,,HIGHER,6,0.0,False,0.0,0.0,1.0,1.0,1.0,1.0
DAY0,days_since_episode_start,LOSER,19,0.0,0.0,0.0,0.0,,HIGHER,6,0.0,False,0.0,0.0,1.0,1.0,1.0,1.0
DAY0,days_since_first_top120,WINNER,15,0.0,0.0,0.0,0.0,,HIGHER,6,0.0,False,0.0,0.0,1.0,1.0,1.0,1.0
DAY0,days_since_first_top120,NEUTRAL,134,0.0,0.0,0.0,0.0,,HIGHER,6,0.0,False,0.0,0.0,1.0,1.0,1.0,1.0
DAY0,days_since_first_top120,LOSER,19,0.0,0.0,0.0,0.0,,HIGHER,6,0.0,False,0.0,0.0,1.0,1.0,1.0,1.0
DAY0,days_since_first_breakout,WINNER,13,3.0,1.0,10.0,6.153846153846154,-0.013778380261213191,LOWER,6,0.3333333333333333,False,0.75,11.25,0.2,0.2,0.19402985074626866,0.10526315789473684
DAY0,days_since_first_breakout,NEUTRAL,130,7.0,0.25,11.0,6.230769230769231,-0.013778380261213191,LOWER,6,0.3333333333333333,False,0.75,11.25,0.2,0.2,0.19402985074626866,0.10526315789473684
DAY0,days_since_first_breakout,LOSER,17,2.0,1.0,4.0,3.823529411764706,-0.013778380261213191,LOWER,6,0.3333333333333333,False,0.75,11.25,0.2,0.2,0.19402985074626866,0.10526315789473684
DAY0,days_since_first_volume_expansion,WINNER,15,1.0,1.0,7.0,4.866666666666666,-0.005606315545932348,LOWER,6,0.5,False,1.0,7.0,0.26666666666666666,0.5333333333333333,0.26119402985074625,0.05263157894736842
DAY0,days_since_first_volume_expansion,NEUTRAL,134,3.0,1.0,7.0,4.895522388059701,-0.005606315545932348,LOWER,6,0.5,False,1.0,7.0,0.26666666666666666,0.5333333333333333,0.26119402985074625,0.05263157894736842
DAY0,days_since_first_volume_expansion,LOSER,19,1.0,1.0,2.5,2.0,-0.005606315545932348,LOWER,6,0.5,False,1.0,7.0,0.26666666666666666,0.5333333333333333,0.26119402985074625,0.05263157894736842
DAY0,days_since_first_rs_above_80,WINNER,10,2.5,0.5,4.0,3.9,-0.09081421571333212,HIGHER,5,0.6,False,0.0,11.0,0.06666666666666667,0.2,0.13432835820895522,0.05263157894736842
DAY0,days_since_first_rs_above_80,NEUTRAL,78,1.0,0.0,9.75,4.371794871794871,-0.09081421571333212,HIGHER,5,0.6,False,0.0,11.0,0.06666666666666667,0.2,0.13432835820895522,0.05263157894736842
DAY0,days_since_first_rs_above_80,LOSER,13,1.0,0.0,3.0,2.3846153846153846,-0.09081421571333212,HIGHER,5,0.6,False,0.0,11.0,0.06666666666666667,0.2,0.13432835820895522,0.05263157894736842
DAY0,days_since_first_momentum_top30,WINNER,1,0.0,0.0,0.0,0.0,,HIGHER,0,,True,0.0,0.0,0.06666666666666667,0.06666666666666667,0.08208955223880597,0.05263157894736842
DAY0,days_since_first_momentum_top30,NEUTRAL,11,0.0,0.0,0.0,0.0,,HIGHER,0,,True,0.0,0.0,0.06666666666666667,0.06666666666666667,0.08208955223880597,0.05263157894736842
DAY0,days_since_first_momentum_top30,LOSER,1,0.0,0.0,0.0,0.0,,HIGHER,0,,True,0.0,0.0,0.06666666666666667,0.06666666666666667,0.08208955223880597,0.05263157894736842
DAY0,previous_top120_presence_20d,WINNER,15,0.0,0.0,0.0,0.0,,HIGHER,6,0.0,False,0.0,0.0,1.0,1.0,1.0,1.0
DAY0,previous_top120_presence_20d,NEUTRAL,134,0.0,0.0,0.0,0.0,,HIGHER,6,0.0,False,0.0,0.0,1.0,1.0,1.0,1.0
DAY0,previous_top120_presence_20d,LOSER,19,0.0,0.0,0.0,0.0,,HIGHER,6,0.0,False,0.0,0.0,1.0,1.0,1.0,1.0
DAY0,days_since_last_top120_exit,WINNER,0,,,,,,LOWER,0,,True,,,0.0,0.0,0.0,0.0
DAY0,days_since_last_top120_exit,NEUTRAL,0,,,,,,LOWER,0,,True,,,0.0,0.0,0.0,0.0
DAY0,days_since_last_top120_exit,LOSER,0,,,,,,LOWER,0,,True,,,0.0,0.0,0.0,0.0
DAY0,reentry_flag,WINNER,15,0.0,0.0,0.0,0.0,,HIGHER,6,0.0,False,0.0,0.0,1.0,1.0,1.0,1.0
DAY0,reentry_flag,NEUTRAL,134,0.0,0.0,0.0,0.0,,HIGHER,6,0.0,False,0.0,0.0,1.0,1.0,1.0,1.0
DAY0,reentry_flag,LOSER,19,0.0,0.0,0.0,0.0,,HIGHER,6,0.0,False,0.0,0.0,1.0,1.0,1.0,1.0
DAY0,reacceleration_flag,WINNER,15,0.0,0.0,0.0,0.06666666666666667,-0.3300608450769961,HIGHER,6,0.0,False,0.0,0.0,1.0,0.9333333333333333,1.0,1.0
DAY0,reacceleration_flag,NEUTRAL,134,0.0,0.0,0.0,0.19402985074626866,-0.3300608450769961,HIGHER,6,0.0,False,0.0,0.0,1.0,0.9333333333333333,1.0,1.0
DAY0,reacceleration_flag,LOSER,19,0.0,0.0,0.0,0.15789473684210525,-0.3300608450769961,HIGHER,6,0.0,False,0.0,0.0,1.0,0.9333333333333333,1.0,1.0
DAY0,rs_market_pct_day0,WINNER,15,80.8972503617945,75.09908206073968,84.69276789363494,79.67166435023363,0.20799693755113438,HIGHER,6,0.6666666666666666,False,74.49421965317919,83.69565217391305,0.4,0.2,0.29850746268656714,0.3684210526315789
DAY0,rs_market_pct_day0,NEUTRAL,134,78.57670147829337,72.65490796584454,84.87263018319061,77.5557481822907,0.20799693755113438,HIGHER,6,0.6666666666666666,False,74.49421965317919,83.69565217391305,0.4,0.2,0.29850746268656714,0.3684210526315789
DAY0,rs_market_pct_day0,LOSER,19,80.07246376811594,73.7821063274128,87.71993251385877,80.22720174517305,0.20799693755113438,HIGHER,6,0.6666666666666666,False,74.49421965317919,83.69565217391305,0.4,0.2,0.29850746268656714,0.3684210526315789
DAY0,rs_market_pct_day_minus_1,WINNER,15,73.29956584659914,60.289855072463766,84.19583561092995,67.64248037461446,-0.12982579261974664,HIGHER,6,0.6666666666666666,False,63.26086956521739,80.76923076923077,0.3333333333333333,0.3333333333333333,0.23880597014925373,0.2631578947368421
DAY0,rs_market_pct_day_minus_1,NEUTRAL,134,72.08984252462514,63.17793415431012,79.81886079347635,69.70393348917126,-0.12982579261974664,HIGHER,6,0.6666666666666666,False,63.26086956521739,80.76923076923077,0.3333333333333333,0.3333333333333333,0.23880597014925373,0.2631578947368421
DAY0,rs_market_pct_day_minus_1,LOSER,19,70.10086455331412,61.9437899345374,81.41333395846031,68.61820876918654,-0.12982579261974664,HIGHER,6,0.6666666666666666,False,63.26086956521739,80.76923076923077,0.3333333333333333,0.3333333333333333,0.23880597014925373,0.2631578947368421
DAY0,rs_market_pct_day_minus_3,WINNER,15,61.93921852387844,45.40310943732291,78.3842991673483,58.59744581070332,0.035984888334710745,LOWER,6,0.3333333333333333,False,43.46879535558781,73.77656184762785,0.3333333333333333,0.26666666666666666,0.22388059701492538,0.15789473684210525
DAY0,rs_market_pct_day_minus_3,NEUTRAL,134,62.9274983335897,43.83720191963597,73.14012964783936,57.81854243836148,0.035984888334710745,LOWER,6,0.3333333333333333,False,43.46879535558781,73.77656184762785,0.3333333333333333,0.26666666666666666,0.22388059701492538,0.15789473684210525
DAY0,rs_market_pct_day_minus_3,LOSER,18,42.35605409799223,16.705841479151754,66.53296529589937,44.10040018057268,0.035984888334710745,LOWER,6,0.3333333333333333,False,43.46879535558781,73.77656184762785,0.3333333333333333,0.26666666666666666,0.22388059701492538,0.15789473684210525
DAY0,rs_market_pct_day_minus_5,WINNER,15,55.152394775036285,20.841341216513598,63.331920382953214,47.529813633346336,-0.25153299766467524,LOWER,6,0.3333333333333333,False,32.76018964353748,73.74397988989561,0.2,0.3333333333333333,0.2462686567164179,0.10526315789473684
DAY0,rs_market_pct_day_minus_5,NEUTRAL,134,58.95737055550316,35.26696489300476,73.48156182212581,53.647774667745104,-0.25153299766467524,LOWER,6,0.3333333333333333,False,32.76018964353748,73.74397988989561,0.2,0.3333333333333333,0.2462686567164179,0.10526315789473684
DAY0,rs_market_pct_day_minus_5,LOSER,18,31.342846034866515,11.211890402954863,51.13300115106473,32.86964330147596,-0.25153299766467524,LOWER,6,0.3333333333333333,False,32.76018964353748,73.74397988989561,0.2,0.3333333333333333,0.2462686567164179,0.10526315789473684
DAY0,rs_market_pct_day_minus_10,WINNER,15,48.40810419681621,22.254555706085497,70.58380009745721,47.56776944884023,-0.5033448163642186,LOWER,6,0.5,False,53.69629005732001,83.52685050798259,0.2,0.6,0.21641791044776118,0.05263157894736842
DAY0,rs_market_pct_day_minus_10,NEUTRAL,133,66.20938628158845,45.480838756326825,81.93033381712627,60.362083690071216,-0.5033448163642186,LOWER,6,0.5,False,53.69629005732001,83.52685050798259,0.2,0.6,0.21641791044776118,0.05263157894736842
DAY0,rs_market_pct_day_minus_10,LOSER,18,27.347361549981162,7.885333836703555,51.70822676896846,32.15235907166328,-0.5033448163642186,LOWER,6,0.5,False,53.69629005732001,83.52685050798259,0.2,0.6,0.21641791044776118,0.05263157894736842
DAY0,rs_slope_3d,WINNER,15,8.130404729536423,0.2645676668831527,10.700750740479872,7.024739513176775,0.06527147815735736,HIGHER,6,0.5,False,1.4224471881414176,10.825482200943206,0.2,0.4,0.22388059701492538,0.42105263157894735
DAY0,rs_slope_3d,NEUTRAL,134,4.825003578070968,1.6598487076758381,10.152529707522472,6.5790685813097385,0.06527147815735736,HIGHER,6,0.5,False,1.4224471881414176,10.825482200943206,0.2,0.4,0.22388059701492538,0.42105263157894735
DAY0,rs_slope_3d,LOSER,18,8.952724818437623,4.150588052296134,21.588651847110242,11.727023483582936,0.06527147815735736,HIGHER,6,0.5,False,1.4224471881414176,10.825482200943206,0.2,0.4,0.22388059701492538,0.42105263157894735
DAY0,rs_slope_5d,WINNER,15,6.655156019317869,2.806059595247336,12.05606816053199,6.428370143377461,0.35736896915932986,HIGHER,6,0.3333333333333333,False,1.0284104220287709,7.3190173540010335,0.4,0.13333333333333333,0.26865671641791045,0.5263157894736842
DAY0,rs_slope_5d,NEUTRAL,134,3.3421783506576563,1.098344262911739,7.674241060659184,4.781594702909118,0.35736896915932986,HIGHER,6,0.3333333333333333,False,1.0284104220287709,7.3190173540010335,0.4,0.13333333333333333,0.26865671641791045,0.5263157894736842
DAY0,rs_slope_5d,LOSER,18,9.04367498955195,4.419835408792913,13.90401956799216,9.282365465969107,0.35736896915932986,HIGHER,6,0.3333333333333333,False,1.0284104220287709,7.3190173540010335,0.4,0.13333333333333333,0.26865671641791045,0.5263157894736842
DAY0,rs_slope_10d,WINNER,15,3.090382942368501,0.9277108183782683,5.086197671320051,3.21038949013934,0.6309654452614616,HIGHER,6,0.8333333333333334,False,-0.009506321467821975,1.9609261939218525,0.6,0.13333333333333333,0.34328358208955223,0.7894736842105263
DAY0,rs_slope_10d,NEUTRAL,133,1.0033085738074903,0.07015696703776086,2.8256534981046917,1.7250692249680755,0.6309654452614616,HIGHER,6,0.8333333333333334,False,-0.009506321467821975,1.9609261939218525,0.6,0.13333333333333333,0.34328358208955223,0.7894736842105263
DAY0,rs_slope_10d,LOSER,18,4.630969609261939,3.2501034216019438,7.097190222170156,4.712911155965822,0.6309654452614616,HIGHER,6,0.8333333333333334,False,-0.009506321467821975,1.9609261939218525,0.6,0.13333333333333333,0.34328358208955223,0.7894736842105263
DAY0,rs_positive_change_days_5d,WINNER,15,4.0,2.5,4.5,3.6,0.2717135219826944,HIGHER,6,0.16666666666666666,False,3.0,4.0,0.6,0.4,0.3805970149253731,0.631578947368421
DAY0,rs_positive_change_days_5d,NEUTRAL,134,3.0,3.0,4.0,3.3582089552238807,0.2717135219826944,HIGHER,6,0.16666666666666666,False,3.0,4.0,0.6,0.4,0.3805970149253731,0.631578947368421
DAY0,rs_positive_change_days_5d,LOSER,19,4.0,3.0,4.0,3.526315789473684,0.2717135219826944,HIGHER,6,0.16666666666666666,False,3.0,4.0,0.6,0.4,0.3805970149253731,0.631578947368421
DAY0,rs_acceleration_3d_vs_5d,WINNER,15,0.4563687462518855,-1.4568318160723646,3.2772605800956556,0.596369369799315,-0.2658687406838647,LOWER,6,0.6666666666666666,False,-0.8209195601353928,5.55859027703985,0.13333333333333333,0.4,0.20149253731343283,0.3157894736842105
DAY0,rs_acceleration_3d_vs_5d,NEUTRAL,134,1.1805602110996787,-0.7131250457719533,4.540120763750858,1.797473878400621,-0.2658687406838647,LOWER,6,0.6666666666666666,False,-0.8209195601353928,5.55859027703985,0.13333333333333333,0.4,0.20149253731343283,0.3157894736842105
DAY0,rs_acceleration_3d_vs_5d,LOSER,18,2.080438774676633,-1.4289090991764803,6.75756382202128,2.4446580176138295,-0.2658687406838647,LOWER,6,0.6666666666666666,False,-0.8209195601353928,5.55859027703985,0.13333333333333333,0.4,0.20149253731343283,0.3157894736842105
DAY0,rs_distance_from_recent_peak,WINNER,15,0.0,-4.319111050313431,0.0,-3.5724025638330077,-0.21081746062835907,HIGHER,6,0.3333333333333333,False,-3.377168145305049,0.0,0.6,0.3333333333333333,0.4925373134328358,0.6842105263157895
DAY0,rs_distance_from_recent_peak,NEUTRAL,134,-0.08573592044686507,-3.124526020662614,0.0,-2.5773160965032016,-0.21081746062835907,HIGHER,6,0.3333333333333333,False,-3.377168145305049,0.0,0.6,0.3333333333333333,0.4925373134328358,0.6842105263157895
DAY0,rs_distance_from_recent_peak,LOSER,19,0.0,-3.5100790813299767,0.0,-1.6908439658171157,-0.21081746062835907,HIGHER,6,0.3333333333333333,False,-3.377168145305049,0.0,0.6,0.3333333333333333,0.4925373134328358,0.6842105263157895
DAY0,market_excess_return_1d,WINNER,15,3.5202122943685743,0.5902350821300084,6.700984901733726,3.6117053405505164,0.740417405119189,HIGHER,6,0.6666666666666666,False,-0.14618169035875983,2.417966496046242,0.6,0.13333333333333333,0.2537313432835821,0.5263157894736842
DAY0,market_excess_return_1d,NEUTRAL,134,0.7671348093313435,-0.10697798952456483,2.435046014523998,1.5500987010510863,0.740417405119189,HIGHER,6,0.6666666666666666,False,-0.14618169035875983,2.417966496046242,0.6,0.13333333333333333,0.2537313432835821,0.5263157894736842
DAY0,market_excess_return_1d,LOSER,19,3.477585171893105,0.841249548388523,5.440701497716405,3.3979073914330926,0.740417405119189,HIGHER,6,0.6666666666666666,False,-0.14618169035875983,2.417966496046242,0.6,0.13333333333333333,0.2537313432835821,0.5263157894736842
DAY0,market_excess_return_3d,WINNER,15,2.6480026817674474,1.0849062866692127,10.80777355331235,6.5786935466534,0.6963737339881759,HIGHER,6,0.6666666666666666,False,-0.493890616523629,5.018388159412113,0.4,0.13333333333333333,0.2537313432835821,0.631578947368421
DAY0,market_excess_return_3d,NEUTRAL,134,1.0153811189204331,-0.7841067281145586,4.996783974708552,2.471085912000668,0.6963737339881759,HIGHER,6,0.6666666666666666,False,-0.493890616523629,5.018388159412113,0.4,0.13333333333333333,0.2537313432835821,0.631578947368421
DAY0,market_excess_return_3d,LOSER,19,6.274166581234941,0.4176005691491014,14.971013013844182,7.67080269647295,0.6963737339881759,HIGHER,6,0.6666666666666666,False,-0.493890616523629,5.018388159412113,0.4,0.13333333333333333,0.2537313432835821,0.631578947368421
DAY0,market_excess_return_5d,WINNER,15,2.6172010944719215,1.3783503790246732,14.510101592445645,8.319344374870335,0.8191644490682914,HIGHER,6,0.8333333333333334,False,0.21753178230261572,5.538477692357201,0.4,0.06666666666666667,0.23134328358208955,0.631578947368421
DAY0,market_excess_return_5d,NEUTRAL,134,1.4512792118597684,-0.14556620461599334,4.566846129977392,3.105492825897575,0.8191644490682914,HIGHER,6,0.8333333333333334,False,0.21753178230261572,5.538477692357201,0.4,0.06666666666666667,0.23134328358208955,0.631578947368421
DAY0,market_excess_return_5d,LOSER,19,9.13063170749906,3.083364219979457,18.854609203680305,12.496132956622887,0.8191644490682914,HIGHER,6,0.8333333333333334,False,0.21753178230261572,5.538477692357201,0.4,0.06666666666666667,0.23134328358208955,0.631578947368421
DAY0,sector_excess_return_1d,WINNER,14,2.1121615178554265,0.018915075760445044,7.6567053330990795,3.192648148454292,0.15704500399553006,HIGHER,5,0.6,False,0.0852840400667243,6.6023333108110265,0.26666666666666666,0.3333333333333333,0.08208955223880597,0.3157894736842105
DAY0,sector_excess_return_1d,NEUTRAL,60,1.3613393515280126,0.0,5.1439390280478445,2.587314402108143,0.15704500399553006,HIGHER,5,0.6,False,0.0852840400667243,6.6023333108110265,0.26666666666666666,0.3333333333333333,0.08208955223880597,0.3157894736842105
DAY0,sector_excess_return_1d,LOSER,18,3.1067234088370754,0.2655067515383913,7.738998684331965,4.115030766639944,0.15704500399553006,HIGHER,5,0.6,False,0.0852840400667243,6.6023333108110265,0.26666666666666666,0.3333333333333333,0.08208955223880597,0.3157894736842105
DAY0,sector_excess_return_3d,WINNER,14,2.515751575157521,0.4958122590663222,12.478843820718907,7.324182988757202,0.3452237102397942,LOWER,5,0.2,False,1.8968744700557094,11.436749982874415,0.26666666666666666,0.3333333333333333,0.06716417910447761,0.3684210526315789
DAY0,sector_excess_return_3d,NEUTRAL,60,2.543749823461555,0.30636004680811013,6.460957576093487,4.680475111745755,0.3452237102397942,LOWER,5,0.2,False,1.8968744700557094,11.436749982874415,0.26666666666666666,0.3333333333333333,0.06716417910447761,0.3684210526315789
DAY0,sector_excess_return_3d,LOSER,18,9.089202973819148,1.1040124392119184,16.553437185415433,9.325545674478265,0.3452237102397942,LOWER,5,0.2,False,1.8968744700557094,11.436749982874415,0.26666666666666666,0.3333333333333333,0.06716417910447761,0.3684210526315789
DAY0,sector_excess_return_5d,WINNER,14,6.694720443696462,1.8459096766399605,15.021001118112526,9.444276839647376,0.42662404343367244,HIGHER,5,0.4,False,4.175770900483836,12.647919509691018,0.26666666666666666,0.3333333333333333,0.07462686567164178,0.42105263157894735
DAY0,sector_excess_return_5d,NEUTRAL,60,3.832441455370861,0.686373182935289,9.884110662867343,6.110793211476757,0.42662404343367244,HIGHER,5,0.4,False,4.175770900483836,12.647919509691018,0.26666666666666666,0.3333333333333333,0.07462686567164178,0.42105263157894735
DAY0,sector_excess_return_5d,LOSER,18,10.415018968513511,5.299338050348062,21.163205564016213,14.358004686985005,0.42662404343367244,HIGHER,5,0.4,False,4.175770900483836,12.647919509691018,0.26666666666666666,0.3333333333333333,0.07462686567164178,0.42105263157894735
DAY0,institution_buy_days_3d,WINNER,15,2.0,1.5,2.5,1.9333333333333333,-0.6367731809068812,HIGHER,6,0.3333333333333333,False,2.0,3.0,0.26666666666666666,0.7333333333333333,0.48507462686567165,0.3684210526315789
DAY0,institution_buy_days_3d,NEUTRAL,134,2.0,2.0,3.0,2.3805970149253732,-0.6367731809068812,HIGHER,6,0.3333333333333333,False,2.0,3.0,0.26666666666666666,0.7333333333333333,0.48507462686567165,0.3684210526315789
DAY0,institution_buy_days_3d,LOSER,19,2.0,2.0,3.0,2.1578947368421053,-0.6367731809068812,HIGHER,6,0.3333333333333333,False,2.0,3.0,0.26666666666666666,0.7333333333333333,0.48507462686567165,0.3684210526315789
DAY0,institution_buy_days_5d,WINNER,15,3.0,2.0,4.0,2.8666666666666667,-0.4684307997460174,HIGHER,6,0.3333333333333333,False,3.0,4.0,0.3333333333333333,0.6666666666666666,0.44776119402985076,0.5263157894736842
DAY0,institution_buy_days_5d,NEUTRAL,134,3.0,3.0,4.0,3.3656716417910446,-0.4684307997460174,HIGHER,6,0.3333333333333333,False,3.0,4.0,0.3333333333333333,0.6666666666666666,0.44776119402985076,0.5263157894736842
DAY0,institution_buy_days_5d,LOSER,19,4.0,3.0,4.0,3.4210526315789473,-0.4684307997460174,HIGHER,6,0.3333333333333333,False,3.0,4.0,0.3333333333333333,0.6666666666666666,0.44776119402985076,0.5263157894736842
DAY0,institution_buy_days_10d,WINNER,15,5.0,4.0,7.0,5.2,-0.2339048355404534,LOWER,6,0.5,False,3.0,7.0,0.3333333333333333,0.2,0.3582089552238806,0.3157894736842105
DAY0,institution_buy_days_10d,NEUTRAL,134,6.0,4.0,8.0,5.746268656716418,-0.2339048355404534,LOWER,6,0.5,False,3.0,7.0,0.3333333333333333,0.2,0.3582089552238806,0.3157894736842105
DAY0,institution_buy_days_10d,LOSER,19,6.0,5.0,7.0,5.894736842105263,-0.2339048355404534,LOWER,6,0.5,False,3.0,7.0,0.3333333333333333,0.2,0.3582089552238806,0.3157894736842105
DAY0,institution_flow_1d,WINNER,15,13896478.299999999,564701.1000000001,96195121.5,855250536.2900001,0.7141713631056636,HIGHER,6,0.5,False,4802185.0,153830424.0,0.2,0.3333333333333333,0.208955223880597,0.2631578947368421
DAY0,institution_flow_1d,NEUTRAL,134,13004979.0,1572398.2874999999,105392700.33750002,119396473.42358209,0.7141713631056636,HIGHER,6,0.5,False,4802185.0,153830424.0,0.2,0.3333333333333333,0.208955223880597,0.2631578947368421
DAY0,institution_flow_1d,LOSER,19,6513201.299999999,-849228.0999999996,105546867.35,182663853.2263158,0.7141713631056636,HIGHER,6,0.5,False,4802185.0,153830424.0,0.2,0.3333333333333333,0.208955223880597,0.2631578947368421
DAY0,institution_flow_3d,WINNER,15,13716848.7,9076485.35,302537200.55,621827880.4599999,0.04865376250796093,LOWER,6,0.3333333333333333,False,8623530.7,249893795.07000002,0.26666666666666666,0.26666666666666666,0.20149253731343283,0.2631578947368421
DAY0,institution_flow_3d,NEUTRAL,134,22932630.5,3694793.4625000004,157531179.05,459403554.2934329,0.04865376250796093,LOWER,6,0.3333333333333333,False,8623530.7,249893795.07000002,0.26666666666666666,0.26666666666666666,0.20149253731343283,0.2631578947368421
DAY0,institution_flow_3d,LOSER,19,31989371.500000004,4871268.499999989,167552199.45,252503951.12105265,0.04865376250796093,LOWER,6,0.3333333333333333,False,8623530.7,249893795.07000002,0.26666666666666666,0.26666666666666666,0.20149253731343283,0.2631578947368421
DAY0,institution_flow_previous_3d,WINNER,15,-58214.30000000005,-12731783.649999999,44233650.324999996,113129880.87999998,0.16038556120102795,HIGHER,6,0.3333333333333333,False,-108085205.03,23548231.070000004,0.26666666666666666,0.06666666666666667,0.23134328358208955,0.3684210526315789
DAY0,institution_flow_previous_3d,NEUTRAL,134,-114314.72499999776,-46884389.0625,16631563.782499997,-437637657.7819403,0.16038556120102795,HIGHER,6,0.3333333333333333,False,-108085205.03,23548231.070000004,0.26666666666666666,0.06666666666666667,0.23134328358208955,0.3684210526315789
DAY0,institution_flow_previous_3d,LOSER,19,4546549.500000001,-526524.0250000001,37888201.25,3853790.676315789,0.16038556120102795,HIGHER,6,0.3333333333333333,False,-108085205.03,23548231.070000004,0.26666666666666666,0.06666666666666667,0.23134328358208955,0.3684210526315789
DAY0,institution_flow_5d,WINNER,15,41636806.35000001,9352380.774999999,447067751.72499996,577913826.57,0.11776187279238719,HIGHER,6,0.5,False,414711.900000155,157759432.14999995,0.3333333333333333,0.13333333333333333,0.20149253731343283,0.2631578947368421
DAY0,institution_flow_5d,NEUTRAL,134,15839881.645,439905.0,92603798.1,169193119.6419403,0.11776187279238719,HIGHER,6,0.5,False,414711.900000155,157759432.14999995,0.3333333333333333,0.13333333333333333,0.20149253731343283,0.2631578947368421
DAY0,institution_flow_5d,LOSER,19,51735168.0,5800125.574999999,176864265.29999998,273511083.3552632,0.11776187279238719,HIGHER,6,0.5,False,414711.900000155,157759432.14999995,0.3333333333333333,0.13333333333333333,0.20149253731343283,0.2631578947368421
DAY0,institution_flow_10d,WINNER,15,16073800.8,2801333.4000000004,322503204.67499995,819301068.6166667,0.27873219019414985,HIGHER,6,0.5,False,-98790072.69000013,129349221.1,0.26666666666666666,0.06666666666666667,0.23134328358208955,0.2631578947368421
DAY0,institution_flow_10d,NEUTRAL,134,8771870.575,-31947594.3675,99645013.9375,-1049671119.6414922,0.27873219019414985,HIGHER,6,0.5,False,-98790072.69000013,129349221.1,0.26666666666666666,0.06666666666666667,0.23134328358208955,0.2631578947368421
DAY0,institution_flow_10d,LOSER,19,60266792.3,9648488.149999999,151874982.2,185844781.17631578,0.27873219019414985,HIGHER,6,0.5,False,-98790072.69000013,129349221.1,0.26666666666666666,0.06666666666666667,0.23134328358208955,0.2631578947368421
DAY0,institution_flow_acceleration,WINNER,15,17898030.0,11226187.825,166072797.5,508697999.58000004,-0.12685339276508673,LOWER,6,0.16666666666666666,False,6529262.529999971,557546858.78,0.2,0.13333333333333333,0.208955223880597,0.10526315789473684
DAY0,institution_flow_acceleration,NEUTRAL,134,24699636.925000004,1171653.8700000008,237457637.375,897041212.0753729,-0.12685339276508673,LOWER,6,0.16666666666666666,False,6529262.529999971,557546858.78,0.2,0.13333333333333333,0.208955223880597,0.10526315789473684
DAY0,institution_flow_acceleration,LOSER,19,12642418.2,-1304124.5750000016,187995299.15,248650160.44473687,-0.12685339276508673,LOWER,6,0.16666666666666666,False,6529262.529999971,557546858.78,0.2,0.13333333333333333,0.208955223880597,0.10526315789473684
DAY0,institution_flow_concentration,WINNER,14,0.29913544057964103,0.2563921307452277,0.380748837184922,0.3110006422144192,0.3614742285346514,HIGHER,6,0.6666666666666666,False,0.2019220024869365,0.3040568688765709,0.4666666666666667,0.13333333333333333,0.27611940298507465,0.6842105263157895
DAY0,institution_flow_concentration,NEUTRAL,134,0.25263036550073137,0.2165544992258135,0.31052799323206837,0.278497924048572,0.3614742285346514,HIGHER,6,0.6666666666666666,False,0.2019220024869365,0.3040568688765709,0.4666666666666667,0.13333333333333333,0.27611940298507465,0.6842105263157895
DAY0,institution_flow_concentration,LOSER,19,0.3400661958176954,0.2714550579966811,0.3987711212533678,0.34077603583430305,0.3614742285346514,HIGHER,6,0.6666666666666666,False,0.2019220024869365,0.3040568688765709,0.4666666666666667,0.13333333333333333,0.27611940298507465,0.6842105263157895
DAY0,institution_flow_volatility,WINNER,15,28544513.096837915,6617148.258742876,79080068.11419125,361547019.6147755,-0.006685739218293264,HIGHER,6,0.6666666666666666,False,8246010.841204836,206692569.17045996,0.2,0.4666666666666667,0.22388059701492538,0.05263157894736842
DAY0,institution_flow_volatility,NEUTRAL,134,16624801.538625795,4082360.880943264,125077568.40773028,374540888.9611285,-0.006685739218293264,HIGHER,6,0.6666666666666666,False,8246010.841204836,206692569.17045996,0.2,0.4666666666666667,0.22388059701492538,0.05263157894736842
DAY0,institution_flow_volatility,LOSER,19,15368701.308463994,4405006.133651573,43466510.02084821,107083937.34990622,-0.006685739218293264,HIGHER,6,0.6666666666666666,False,8246010.841204836,206692569.17045996,0.2,0.4666666666666667,0.22388059701492538,0.05263157894736842
DAY0,foreign_buy_days_5d,WINNER,15,4.0,2.5,4.0,3.2666666666666666,0.09141765247276835,HIGHER,6,0.3333333333333333,False,3.0,4.0,0.5333333333333333,0.4666666666666667,0.43283582089552236,0.5789473684210527
DAY0,foreign_buy_days_5d,NEUTRAL,134,3.0,2.25,4.0,3.156716417910448,0.09141765247276835,HIGHER,6,0.3333333333333333,False,3.0,4.0,0.5333333333333333,0.4666666666666667,0.43283582089552236,0.5789473684210527
DAY0,foreign_buy_days_5d,LOSER,19,4.0,3.0,4.0,3.4210526315789473,0.09141765247276835,HIGHER,6,0.3333333333333333,False,3.0,4.0,0.5333333333333333,0.4666666666666667,0.43283582089552236,0.5789473684210527
DAY0,trust_buy_days_5d,WINNER,15,0.0,0.0,0.5,0.5333333333333333,0.13218856328029188,HIGHER,6,0.16666666666666666,False,0.0,0.0,1.0,0.7333333333333333,1.0,1.0
DAY0,trust_buy_days_5d,NEUTRAL,134,0.0,0.0,0.0,0.39552238805970147,0.13218856328029188,HIGHER,6,0.16666666666666666,False,0.0,0.0,1.0,0.7333333333333333,1.0,1.0
DAY0,trust_buy_days_5d,LOSER,19,0.0,0.0,0.0,0.2631578947368421,0.13218856328029188,HIGHER,6,0.16666666666666666,False,0.0,0.0,1.0,0.7333333333333333,1.0,1.0
DAY0,foreign_trust_alignment,WINNER,15,0.0,0.0,0.0,0.06666666666666667,0.27303114528546285,HIGHER,6,0.16666666666666666,False,0.0,0.0,1.0,0.9333333333333333,1.0,1.0
DAY0,foreign_trust_alignment,NEUTRAL,134,0.0,0.0,0.0,0.022388059701492536,0.27303114528546285,HIGHER,6,0.16666666666666666,False,0.0,0.0,1.0,0.9333333333333333,1.0,1.0
DAY0,foreign_trust_alignment,LOSER,19,0.0,0.0,0.0,0.05263157894736842,0.27303114528546285,HIGHER,6,0.16666666666666666,False,0.0,0.0,1.0,0.9333333333333333,1.0,1.0
DAY0,price_flow_alignment,WINNER,15,1.0,1.0,1.0,0.8,0.05713155568299958,HIGHER,6,0.16666666666666666,False,1.0,1.0,0.8,1.0,0.7761194029850746,0.631578947368421
DAY0,price_flow_alignment,NEUTRAL,134,1.0,1.0,1.0,0.7761194029850746,0.05713155568299958,HIGHER,6,0.16666666666666666,False,1.0,1.0,0.8,1.0,0.7761194029850746,0.631578947368421
DAY0,price_flow_alignment,LOSER,19,1.0,0.0,1.0,0.631578947368421,0.05713155568299958,HIGHER,6,0.16666666666666666,False,1.0,1.0,0.8,1.0,0.7761194029850746,0.631578947368421
DAY0,positive_price_flow_alignment,WINNER,15,1.0,0.0,1.0,0.6666666666666666,-0.18013276472764617,HIGHER,6,0.16666666666666666,False,1.0,1.0,0.6666666666666666,1.0,0.746268656716418,0.5263157894736842
DAY0,positive_price_flow_alignment,NEUTRAL,134,1.0,0.25,1.0,0.746268656716418,-0.18013276472764617,HIGHER,6,0.16666666666666666,False,1.0,1.0,0.6666666666666666,1.0,0.746268656716418,0.5263157894736842
DAY0,positive_price_flow_alignment,LOSER,19,1.0,0.0,1.0,0.5263157894736842,-0.18013276472764617,HIGHER,6,0.16666666666666666,False,1.0,1.0,0.6666666666666666,1.0,0.746268656716418,0.5263157894736842
DAY0,trend_efficiency_3d,WINNER,15,0.8181818181818158,0.6533264033264035,1.0,0.7475813622079286,-0.18748809668646452,LOWER,6,0.5,False,0.8666666666666761,1.0,0.4,0.6,0.5,0.47368421052631576
DAY0,trend_efficiency_3d,NEUTRAL,134,0.991525423728814,0.6926344661493167,1.0,0.803039706752083,-0.18748809668646452,LOWER,6,0.5,False,0.8666666666666761,1.0,0.4,0.6,0.5,0.47368421052631576
DAY0,trend_efficiency_3d,LOSER,19,0.9306930693069307,0.7509578544061286,1.0,0.8586291245087987,-0.18748809668646452,LOWER,6,0.5,False,0.8666666666666761,1.0,0.4,0.6,0.5,0.47368421052631576
DAY0,trend_efficiency_5d,WINNER,15,0.6790123456790124,0.4842352941176474,0.8500716218367024,0.6568161803492988,0.5572859292173787,HIGHER,6,0.6666666666666666,False,0.38067061143984215,0.7932816537467692,0.3333333333333333,0.13333333333333333,0.19402985074626866,0.5789473684210527
DAY0,trend_efficiency_5d,NEUTRAL,134,0.45750528541226376,0.33763526220057327,0.6852713178294567,0.5077716905624368,0.5572859292173787,HIGHER,6,0.6666666666666666,False,0.38067061143984215,0.7932816537467692,0.3333333333333333,0.13333333333333333,0.19402985074626866,0.5789473684210527
DAY0,trend_efficiency_5d,LOSER,19,0.8723404255319147,0.6195652173913042,0.9242705433549843,0.74012069267129,0.5572859292173787,HIGHER,6,0.6666666666666666,False,0.38067061143984215,0.7932816537467692,0.3333333333333333,0.13333333333333333,0.19402985074626866,0.5789473684210527
DAY0,trend_efficiency_10d,WINNER,15,0.2727272727272724,0.12292738707833051,0.6623376623376629,0.3896346175808446,0.7637506015074211,HIGHER,6,0.8333333333333334,False,0.03797468354430376,0.2444444444444447,0.6,0.13333333333333333,0.3880597014925373,0.6842105263157895
DAY0,trend_efficiency_10d,NEUTRAL,134,0.17091180309528237,0.0470418876008448,0.314967105263157,0.22010625578264173,0.7637506015074211,HIGHER,6,0.8333333333333334,False,0.03797468354430376,0.2444444444444447,0.6,0.13333333333333333,0.3880597014925373,0.6842105263157895
DAY0,trend_efficiency_10d,LOSER,19,0.34146341463414676,0.21732872769142203,0.6321266292263207,0.42986480975528474,0.7637506015074211,HIGHER,6,0.8333333333333334,False,0.03797468354430376,0.2444444444444447,0.6,0.13333333333333333,0.3880597014925373,0.6842105263157895
DAY0,max_drawdown_prior_5d,WINNER,15,-1.6279069767441978,-2.340042759555716,-1.1570609137711185,-1.8576197255610405,0.5277808624672958,HIGHER,6,0.5,False,-4.513888888888884,-1.0869565217391353,0.26666666666666666,0.06666666666666667,0.2537313432835821,0.5789473684210527
DAY0,max_drawdown_prior_5d,NEUTRAL,134,-2.894467002994139,-4.474842368353266,-1.0970209339774606,-2.9108023431129837,0.5277808624672958,HIGHER,6,0.5,False,-4.513888888888884,-1.0869565217391353,0.26666666666666666,0.06666666666666667,0.2537313432835821,0.5789473684210527
DAY0,max_drawdown_prior_5d,LOSER,19,-0.736842105263158,-1.5969409432091741,-0.42257742257743036,-2.0165733102925394,0.5277808624672958,HIGHER,6,0.5,False,-4.513888888888884,-1.0869565217391353,0.26666666666666666,0.06666666666666667,0.2537313432835821,0.5789473684210527
DAY0,max_drawdown_prior_10d,WINNER,15,-3.6101083032490933,-10.511854098285639,-3.0452447044915507,-6.541985863000624,0.06401209950254338,HIGHER,6,0.5,False,-10.21897810218978,-6.444906444906451,0.5333333333333333,0.3333333333333333,0.44029850746268656,0.42105263157894735
DAY0,max_drawdown_prior_10d,NEUTRAL,134,-6.889615812917594,-8.559683573136939,-3.916946405003732,-6.810207325831012,0.06401209950254338,HIGHER,6,0.5,False,-10.21897810218978,-6.444906444906451,0.5333333333333333,0.3333333333333333,0.44029850746268656,0.42105263157894735
DAY0,max_drawdown_prior_10d,LOSER,19,-7.257203842049087,-11.972573165902322,-2.631318749227546,-7.941088493870578,0.06401209950254338,HIGHER,6,0.5,False,-10.21897810218978,-6.444906444906451,0.5333333333333333,0.3333333333333333,0.44029850746268656,0.42105263157894735
DAY0,downside_volatility_5d,WINNER,15,0.1298989322941424,0.0,0.24891305421548549,0.17362555066993804,-0.5526832754550616,HIGHER,6,0.3333333333333333,False,0.0,1.43025402896102,0.0,0.4666666666666667,0.23880597014925373,0.05263157894736842
DAY0,downside_volatility_5d,NEUTRAL,134,0.03515542138309846,0.0,1.3585491997838068,0.6313329780887617,-0.5526832754550616,HIGHER,6,0.3333333333333333,False,0.0,1.43025402896102,0.0,0.4666666666666667,0.23880597014925373,0.05263157894736842
DAY0,downside_volatility_5d,LOSER,19,0.0,0.0,0.15651813519206859,0.3159037554079103,-0.5526832754550616,HIGHER,6,0.3333333333333333,False,0.0,1.43025402896102,0.0,0.4666666666666667,0.23880597014925373,0.05263157894736842
DAY0,reversal_count_5d,WINNER,15,2.0,1.0,2.5,1.8666666666666667,0.0011434440932007522,HIGHER,6,0.3333333333333333,False,1.0,2.0,0.6666666666666666,0.3333333333333333,0.7164179104477612,0.47368421052631576
DAY0,reversal_count_5d,NEUTRAL,134,2.0,1.0,2.0,1.8656716417910448,0.0011434440932007522,HIGHER,6,0.3333333333333333,False,1.0,2.0,0.6666666666666666,0.3333333333333333,0.7164179104477612,0.47368421052631576
DAY0,reversal_count_5d,LOSER,19,1.0,1.0,2.0,1.4210526315789473,0.0011434440932007522,HIGHER,6,0.3333333333333333,False,1.0,2.0,0.6666666666666666,0.3333333333333333,0.7164179104477612,0.47368421052631576
DAY0,positive_close_count_5d,WINNER,15,3.0,3.0,4.0,3.3333333333333335,0.06932768844343341,HIGHER,6,0.5,False,3.0,4.0,0.4666666666666667,0.5333333333333333,0.39552238805970147,0.5263157894736842
DAY0,positive_close_count_5d,NEUTRAL,134,3.0,3.0,4.0,3.2761194029850746,0.06932768844343341,HIGHER,6,0.5,False,3.0,4.0,0.4666666666666667,0.5333333333333333,0.39552238805970147,0.5263157894736842
DAY0,positive_close_count_5d,LOSER,19,4.0,3.0,4.0,3.526315789473684,0.06932768844343341,HIGHER,6,0.5,False,3.0,4.0,0.4666666666666667,0.5333333333333333,0.39552238805970147,0.5263157894736842
DAY0,close_location_average_3d,WINNER,15,0.5339445655354794,0.4757586214107956,0.6337197211020507,0.5787304655554081,0.04593730671437508,LOWER,6,0.3333333333333333,False,0.4635445304459395,0.707894736842106,0.2,0.2,0.22388059701492538,0.3684210526315789
DAY0,close_location_average_3d,NEUTRAL,134,0.5567651302945427,0.4613644039175945,0.6817667958656327,0.5707443834364399,0.04593730671437508,LOWER,6,0.3333333333333333,False,0.4635445304459395,0.707894736842106,0.2,0.2,0.22388059701492538,0.3684210526315789
DAY0,close_location_average_3d,LOSER,19,0.6601307189542472,0.5126096491228063,0.7871660859465739,0.6175452546074119,0.04593730671437508,LOWER,6,0.3333333333333333,False,0.4635445304459395,0.707894736842106,0.2,0.2,0.22388059701492538,0.3684210526315789
DAY0,close_location_average_5d,WINNER,15,0.571746632996633,0.45837129054520376,0.6311509835194044,0.5509147840628615,0.0994334509026252,HIGHER,6,0.5,False,0.475181598062953,0.6117460317460311,0.3333333333333333,0.3333333333333333,0.2462686567164179,0.42105263157894735
DAY0,close_location_average_5d,NEUTRAL,134,0.5355630630630616,0.477219531880548,0.6087742043992055,0.5390878062069778,0.0994334509026252,HIGHER,6,0.5,False,0.475181598062953,0.6117460317460311,0.3333333333333333,0.3333333333333333,0.2462686567164179,0.42105263157894735
DAY0,close_location_average_5d,LOSER,19,0.5670760233918133,0.5220172679133444,0.6936485924821025,0.6075771913076755,0.0994334509026252,HIGHER,6,0.5,False,0.475181598062953,0.6117460317460311,0.3333333333333333,0.3333333333333333,0.2462686567164179,0.42105263157894735
DAY0,upper_shadow_average_3d,WINNER,15,0.25264486975013284,0.10695197229749939,0.3619790253380721,0.23253314996909807,-0.052924670894993496,HIGHER,6,0.3333333333333333,False,0.14570250157307274,0.323029073698446,0.3333333333333333,0.26666666666666666,0.23880597014925373,0.3684210526315789
DAY0,upper_shadow_average_3d,NEUTRAL,134,0.2158424908424959,0.146119836430248,0.3192129629629632,0.23962061256655756,-0.052924670894993496,HIGHER,6,0.3333333333333333,False,0.14570250157307274,0.323029073698446,0.3333333333333333,0.26666666666666666,0.23880597014925373,0.3684210526315789
DAY0,upper_shadow_average_3d,LOSER,19,0.21428571428571422,0.11616161616161723,0.39989731854720434,0.2519572904433783,-0.052924670894993496,HIGHER,6,0.3333333333333333,False,0.14570250157307274,0.323029073698446,0.3333333333333333,0.26666666666666666,0.23880597014925373,0.3684210526315789
DAY0,large_range_day_count_5d,WINNER,15,0.0,0.0,1.5,0.9333333333333333,-0.4260809518431558,LOWER,6,0.3333333333333333,False,0.0,2.0,0.26666666666666666,0.5333333333333333,0.4701492537313433,0.3157894736842105
DAY0,large_range_day_count_5d,NEUTRAL,134,1.0,1.0,2.0,1.3955223880597014,-0.4260809518431558,LOWER,6,0.3333333333333333,False,0.0,2.0,0.26666666666666666,0.5333333333333333,0.4701492537313433,0.3157894736842105
DAY0,large_range_day_count_5d,LOSER,19,1.0,0.0,2.0,1.0,-0.4260809518431558,LOWER,6,0.3333333333333333,False,0.0,2.0,0.26666666666666666,0.5333333333333333,0.4701492537313433,0.3157894736842105
DAY0,return_1d,WINNER,15,2.566844919786093,0.4493340587156669,4.907689701897011,3.4290467570335,0.27999008647379114,HIGHER,6,0.6666666666666666,False,1.1771000535045317,4.317323259579053,0.3333333333333333,0.3333333333333333,0.21641791044776118,0.47368421052631576
DAY0,return_1d,NEUTRAL,134,1.9970242136337357,0.7400855837093823,3.395951703139777,2.608310519317318,0.27999008647379114,HIGHER,6,0.6666666666666666,False,1.1771000535045317,4.317323259579053,0.3333333333333333,0.3333333333333333,0.21641791044776118,0.47368421052631576
DAY0,return_1d,LOSER,19,2.1352313167259718,0.13623978201634523,6.721913772900989,3.585588161321822,0.27999008647379114,HIGHER,6,0.6666666666666666,False,1.1771000535045317,4.317323259579053,0.3333333333333333,0.3333333333333333,0.21641791044776118,0.47368421052631576
DAY0,return_3d,WINNER,15,5.966850828729298,3.4137742501084034,12.13151139507711,8.883133246759806,0.46518368611569366,HIGHER,6,0.6666666666666666,False,3.7735849056603765,10.064239828693777,0.3333333333333333,0.26666666666666666,0.19402985074626866,0.47368421052631576
DAY0,return_3d,NEUTRAL,134,4.9373564139552295,2.3381321288120205,8.274318351448422,5.9607411226219815,0.46518368611569366,HIGHER,6,0.6666666666666666,False,3.7735849056603765,10.064239828693777,0.3333333333333333,0.26666666666666666,0.19402985074626866,0.47368421052631576
DAY0,return_3d,LOSER,19,8.50661625708884,2.9273052528866472,18.48482236535107,10.064126501641818,0.46518368611569366,HIGHER,6,0.6666666666666666,False,3.7735849056603765,10.064239828693777,0.3333333333333333,0.26666666666666666,0.19402985074626866,0.47368421052631576
DAY0,return_5d,WINNER,15,9.189189189189184,5.506317524262949,18.563617268585475,12.23309680437705,0.8513307315344644,HIGHER,6,0.8333333333333334,False,4.482117974918709,10.262345679012341,0.4,0.13333333333333333,0.20149253731343283,0.631578947368421
DAY0,return_5d,NEUTRAL,134,5.1966159866899675,2.3431760777983204,8.747302695009411,6.728160008349962,0.8513307315344644,HIGHER,6,0.8333333333333334,False,4.482117974918709,10.262345679012341,0.4,0.13333333333333333,0.20149253731343283,0.631578947368421
DAY0,return_5d,LOSER,19,12.00000000000001,8.901711746854524,24.014055460371864,16.456937035201168,0.8513307315344644,HIGHER,6,0.8333333333333334,False,4.482117974918709,10.262345679012341,0.4,0.13333333333333333,0.20149253731343283,0.631578947368421
DAY0,return_10d,WINNER,15,9.386281588447654,1.6765848754109913,19.84683794466403,11.44372198144646,0.9624762277534281,HIGHER,6,0.8333333333333334,False,-0.7027406886858656,5.2631578947368585,0.6,0.13333333333333333,0.29850746268656714,0.6842105263157895
DAY0,return_10d,NEUTRAL,134,1.9863881948974038,-0.27966655284528685,5.775954814416351,4.09315458258262,0.9624762277534281,HIGHER,6,0.8333333333333334,False,-0.7027406886858656,5.2631578947368585,0.6,0.13333333333333333,0.29850746268656714,0.6842105263157895
DAY0,return_10d,LOSER,19,11.02514506769825,2.5212504027089078,24.030966553287982,13.971367986682418,0.9624762277534281,HIGHER,6,0.8333333333333334,False,-0.7027406886858656,5.2631578947368585,0.6,0.13333333333333333,0.29850746268656714,0.6842105263157895
DAY0,volume_ratio_1d_20d,WINNER,15,1.2583739136510634,0.787652345340075,2.5765165407524275,1.748952875589598,0.19474192529015932,HIGHER,6,0.6666666666666666,False,0.6203771790667303,1.1966955847673877,0.5333333333333333,0.13333333333333333,0.291044776119403,0.7368421052631579
DAY0,volume_ratio_1d_20d,NEUTRAL,134,0.8230533250265806,0.6139045905110068,1.268759938722909,1.4020485364699935,0.19474192529015932,HIGHER,6,0.6666666666666666,False,0.6203771790667303,1.1966955847673877,0.5333333333333333,0.13333333333333333,0.291044776119403,0.7368421052631579
DAY0,volume_ratio_1d_20d,LOSER,19,2.3961721914773007,1.1641950463119723,3.5540142545757383,2.837354204934884,0.19474192529015932,HIGHER,6,0.6666666666666666,False,0.6203771790667303,1.1966955847673877,0.5333333333333333,0.13333333333333333,0.291044776119403,0.7368421052631579
DAY0,volume_ratio_3d_20d,WINNER,15,1.1311126658392008,0.8072496450798481,1.8508073398676064,1.4254589723495643,0.3403199018012512,HIGHER,6,0.6666666666666666,False,0.6745371732233947,1.2465344923439083,0.4666666666666667,0.13333333333333333,0.291044776119403,0.631578947368421
DAY0,volume_ratio_3d_20d,NEUTRAL,134,0.949686876815347,0.7057565806535262,1.2878867282161282,1.1487168581176623,0.3403199018012512,HIGHER,6,0.6666666666666666,False,0.6745371732233947,1.2465344923439083,0.4666666666666667,0.13333333333333333,0.291044776119403,0.631578947368421
DAY0,volume_ratio_3d_20d,LOSER,19,2.110427895353762,1.1057203404382128,3.161447053236885,2.29541505230314,0.3403199018012512,HIGHER,6,0.6666666666666666,False,0.6745371732233947,1.2465344923439083,0.4666666666666667,0.13333333333333333,0.291044776119403,0.631578947368421
DAY0,volume_ratio_5d_20d,WINNER,15,1.139143521775804,0.8015606896191573,1.4926037049245147,1.2553484905141834,0.29268437589061436,HIGHER,6,0.6666666666666666,False,0.8095736017387797,1.138199623572265,0.5333333333333333,0.3333333333333333,0.31343283582089554,0.6842105263157895
DAY0,volume_ratio_5d_20d,NEUTRAL,134,0.9986812506787164,0.832409537006547,1.2367515588648574,1.1065183304469044,0.29268437589061436,HIGHER,6,0.6666666666666666,False,0.8095736017387797,1.138199623572265,0.5333333333333333,0.3333333333333333,0.31343283582089554,0.6842105263157895
DAY0,volume_ratio_5d_20d,LOSER,19,1.556532117397151,0.9188757956541065,2.250677062426891,1.698750134460979,0.29268437589061436,HIGHER,6,0.6666666666666666,False,0.8095736017387797,1.138199623572265,0.5333333333333333,0.3333333333333333,0.31343283582089554,0.6842105263157895
DAY0,volume_expansion_days_5d,WINNER,15,1.0,0.5,2.5,1.7333333333333334,0.22534932068179916,HIGHER,6,0.5,False,0.0,2.0,0.4666666666666667,0.26666666666666666,0.4626865671641791,0.6842105263157895
DAY0,volume_expansion_days_5d,NEUTRAL,134,1.0,0.0,2.0,1.4477611940298507,0.22534932068179916,HIGHER,6,0.5,False,0.0,2.0,0.4666666666666667,0.26666666666666666,0.4626865671641791,0.6842105263157895
DAY0,volume_expansion_days_5d,LOSER,19,2.0,1.0,3.0,2.263157894736842,0.22534932068179916,HIGHER,6,0.5,False,0.0,2.0,0.4666666666666667,0.26666666666666666,0.4626865671641791,0.6842105263157895
DAY0,price_advance_per_volume_unit,WINNER,15,8.798342462791993,4.489925734755737,13.001385147449113,9.594031447507325,0.7163274526216529,HIGHER,6,0.8333333333333334,False,4.592074471710246,10.81755004920754,0.3333333333333333,0.26666666666666666,0.1417910447761194,0.42105263157894735
DAY0,price_advance_per_volume_unit,NEUTRAL,134,5.762130346122085,2.3378440188159026,8.707577994435379,6.040344085165622,0.7163274526216529,HIGHER,6,0.8333333333333334,False,4.592074471710246,10.81755004920754,0.3333333333333333,0.26666666666666666,0.1417910447761194,0.42105263157894735
DAY0,price_advance_per_volume_unit,LOSER,19,10.490079981694022,6.069539103193575,13.531131662166388,12.136610528632426,0.7163274526216529,HIGHER,6,0.8333333333333334,False,4.592074471710246,10.81755004920754,0.3333333333333333,0.26666666666666666,0.1417910447761194,0.42105263157894735
DAY0,price_new_high_volume_confirmation,WINNER,15,0.0,0.0,0.5,0.26666666666666666,0.24571240979802111,HIGHER,6,0.3333333333333333,False,0.0,0.0,1.0,0.7333333333333333,1.0,1.0
DAY0,price_new_high_volume_confirmation,NEUTRAL,134,0.0,0.0,0.0,0.17164179104477612,0.24571240979802111,HIGHER,6,0.3333333333333333,False,0.0,0.0,1.0,0.7333333333333333,1.0,1.0
DAY0,price_new_high_volume_confirmation,LOSER,19,0.0,0.0,1.0,0.47368421052631576,0.24571240979802111,HIGHER,6,0.3333333333333333,False,0.0,0.0,1.0,0.7333333333333333,1.0,1.0
DAY0,price_new_high_volume_divergence,WINNER,15,0.0,0.0,0.0,0.06666666666666667,-0.25286665978862616,HIGHER,6,0.0,False,0.0,0.0,1.0,0.9333333333333333,1.0,1.0
DAY0,price_new_high_volume_divergence,NEUTRAL,134,0.0,0.0,0.0,0.15671641791044777,-0.25286665978862616,HIGHER,6,0.0,False,0.0,0.0,1.0,0.9333333333333333,1.0,1.0
DAY0,price_new_high_volume_divergence,LOSER,19,0.0,0.0,0.0,0.05263157894736842,-0.25286665978862616,HIGHER,6,0.0,False,0.0,0.0,1.0,0.9333333333333333,1.0,1.0
DAY0,close_progress_3d,WINNER,15,5.966850828729298,3.4137742501084034,12.13151139507711,8.883133246759806,0.46518368611569366,HIGHER,6,0.6666666666666666,False,3.7735849056603765,10.064239828693777,0.3333333333333333,0.26666666666666666,0.19402985074626866,0.47368421052631576
DAY0,close_progress_3d,NEUTRAL,134,4.9373564139552295,2.3381321288120205,8.274318351448422,5.9607411226219815,0.46518368611569366,HIGHER,6,0.6666666666666666,False,3.7735849056603765,10.064239828693777,0.3333333333333333,0.26666666666666666,0.19402985074626866,0.47368421052631576
DAY0,close_progress_3d,LOSER,19,8.50661625708884,2.9273052528866472,18.48482236535107,10.064126501641818,0.46518368611569366,HIGHER,6,0.6666666666666666,False,3.7735849056603765,10.064239828693777,0.3333333333333333,0.26666666666666666,0.19402985074626866,0.47368421052631576
DAY0,close_progress_5d,WINNER,15,9.189189189189184,5.506317524262949,18.563617268585475,12.23309680437705,0.8513307315344644,HIGHER,6,0.8333333333333334,False,4.482117974918709,10.262345679012341,0.4,0.13333333333333333,0.20149253731343283,0.631578947368421
DAY0,close_progress_5d,NEUTRAL,134,5.1966159866899675,2.3431760777983204,8.747302695009411,6.728160008349962,0.8513307315344644,HIGHER,6,0.8333333333333334,False,4.482117974918709,10.262345679012341,0.4,0.13333333333333333,0.20149253731343283,0.631578947368421
DAY0,close_progress_5d,LOSER,19,12.00000000000001,8.901711746854524,24.014055460371864,16.456937035201168,0.8513307315344644,HIGHER,6,0.8333333333333334,False,4.482117974918709,10.262345679012341,0.4,0.13333333333333333,0.20149253731343283,0.631578947368421
DAY0,momentum_score,WINNER,15,64.0,57.8,69.05000000000001,63.78666666666667,-0.33985613697467276,LOWER,6,0.3333333333333333,False,64.7,69.8,0.2,0.6,0.23134328358208955,0.3157894736842105
DAY0,momentum_score,NEUTRAL,134,66.15,62.675,69.375,65.6231343283582,-0.33985613697467276,LOWER,6,0.3333333333333333,False,64.7,69.8,0.2,0.6,0.23134328358208955,0.3157894736842105
DAY0,momentum_score,LOSER,19,64.7,61.849999999999994,70.1,65.56842105263158,-0.33985613697467276,LOWER,6,0.3333333333333333,False,64.7,69.8,0.2,0.6,0.23134328358208955,0.3157894736842105
DAY0,momentum_rank,WINNER,15,85.0,59.5,102.0,80.13333333333334,-0.041951735092181905,LOWER,6,0.6666666666666666,False,56.0,103.0,0.26666666666666666,0.26666666666666666,0.2835820895522388,0.2631578947368421
DAY0,momentum_rank,NEUTRAL,134,89.5,60.5,105.0,81.35820895522389,-0.041951735092181905,LOWER,6,0.6666666666666666,False,56.0,103.0,0.26666666666666666,0.26666666666666666,0.2835820895522388,0.2631578947368421
DAY0,momentum_rank,LOSER,19,82.0,51.0,103.0,78.0,-0.041951735092181905,LOWER,6,0.6666666666666666,False,56.0,103.0,0.26666666666666666,0.26666666666666666,0.2835820895522388,0.2631578947368421
DAY0,momentum_score_percentile,WINNER,15,0.3,0.15833333333333333,0.5166666666666666,0.3422222222222222,0.03293101023294687,HIGHER,6,0.6666666666666666,False,0.15,0.5416666666666666,0.26666666666666666,0.26666666666666666,0.22388059701492538,0.2631578947368421
DAY0,momentum_score_percentile,NEUTRAL,134,0.275,0.13541666666666666,0.5104166666666667,0.3342039800995026,0.03293101023294687,HIGHER,6,0.6666666666666666,False,0.15,0.5416666666666666,0.26666666666666666,0.26666666666666666,0.22388059701492538,0.2631578947368421
DAY0,momentum_score_percentile,LOSER,19,0.325,0.1625,0.5833333333333333,0.3614035087719298,0.03293101023294687,HIGHER,6,0.6666666666666666,False,0.15,0.5416666666666666,0.26666666666666666,0.26666666666666666,0.22388059701492538,0.2631578947368421
DAY0,momentum_rank_change_1d,WINNER,9,166.0,111.0,206.0,183.22222222222223,0.7208863447278671,HIGHER,3,0.6666666666666666,True,66.0,163.25,0.3333333333333333,0.13333333333333333,0.07462686567164178,0.10526315789473684
DAY0,momentum_rank_change_1d,NEUTRAL,44,89.5,60.25,140.0,116.3409090909091,0.7208863447278671,HIGHER,3,0.6666666666666666,True,66.0,163.25,0.3333333333333333,0.13333333333333333,0.07462686567164178,0.10526315789473684
DAY0,momentum_rank_change_1d,LOSER,8,127.5,100.0,170.5,160.375,0.7208863447278671,HIGHER,3,0.6666666666666666,True,66.0,163.25,0.3333333333333333,0.13333333333333333,0.07462686567164178,0.10526315789473684
DAY0,momentum_rank_change_3d,WINNER,2,168.0,94.0,242.0,168.0,0.33486603968008916,HIGHER,2,0.5,True,74.0,157.0,0.06666666666666667,0.06666666666666667,0.08208955223880597,0.15789473684210525
DAY0,momentum_rank_change_3d,NEUTRAL,30,120.0,68.75,173.5,135.53333333333333,0.33486603968008916,HIGHER,2,0.5,True,74.0,157.0,0.06666666666666667,0.06666666666666667,0.08208955223880597,0.15789473684210525
DAY0,momentum_rank_change_3d,LOSER,4,164.5,129.5,226.25,191.25,0.33486603968008916,HIGHER,2,0.5,True,74.0,157.0,0.06666666666666667,0.06666666666666667,0.08208955223880597,0.15789473684210525
DAY0,raw_union_rank,WINNER,15,85.0,59.5,102.0,80.13333333333334,-0.041951735092181905,LOWER,6,0.6666666666666666,False,56.0,103.0,0.26666666666666666,0.26666666666666666,0.2835820895522388,0.2631578947368421
DAY0,raw_union_rank,NEUTRAL,134,89.5,60.5,105.0,81.35820895522389,-0.041951735092181905,LOWER,6,0.6666666666666666,False,56.0,103.0,0.26666666666666666,0.26666666666666666,0.2835820895522388,0.2631578947368421
DAY0,raw_union_rank,LOSER,19,82.0,51.0,103.0,78.0,-0.041951735092181905,LOWER,6,0.6666666666666666,False,56.0,103.0,0.26666666666666666,0.26666666666666666,0.2835820895522388,0.2631578947368421
DAY0,source_A,WINNER,15,1.0,1.0,1.0,0.8,-0.36683933285873505,HIGHER,6,0.0,False,1.0,1.0,0.8,1.0,0.9104477611940298,0.631578947368421
DAY0,source_A,NEUTRAL,134,1.0,1.0,1.0,0.9104477611940298,-0.36683933285873505,HIGHER,6,0.0,False,1.0,1.0,0.8,1.0,0.9104477611940298,0.631578947368421
DAY0,source_A,LOSER,19,1.0,0.0,1.0,0.631578947368421,-0.36683933285873505,HIGHER,6,0.0,False,1.0,1.0,0.8,1.0,0.9104477611940298,0.631578947368421
DAY0,source_B,WINNER,15,0.0,0.0,0.0,0.13333333333333333,1.227881227029841,HIGHER,6,0.0,False,0.0,0.0,1.0,0.8666666666666667,1.0,1.0
DAY0,source_B,NEUTRAL,134,0.0,0.0,0.0,0.0,1.227881227029841,HIGHER,6,0.0,False,0.0,0.0,1.0,0.8666666666666667,1.0,1.0
DAY0,source_B,LOSER,19,0.0,0.0,0.0,0.10526315789473684,1.227881227029841,HIGHER,6,0.0,False,0.0,0.0,1.0,0.8666666666666667,1.0,1.0
DAY0,source_C,WINNER,15,0.0,0.0,1.0,0.3333333333333333,0.5547720512620287,HIGHER,6,0.3333333333333333,False,0.0,0.0,1.0,0.6666666666666666,1.0,1.0
DAY0,source_C,NEUTRAL,134,0.0,0.0,0.0,0.13432835820895522,0.5547720512620287,HIGHER,6,0.3333333333333333,False,0.0,0.0,1.0,0.6666666666666666,1.0,1.0
DAY0,source_C,LOSER,19,0.0,0.0,1.0,0.42105263157894735,0.5547720512620287,HIGHER,6,0.3333333333333333,False,0.0,0.0,1.0,0.6666666666666666,1.0,1.0
DAY0,source_D,WINNER,15,0.0,0.0,0.0,0.0,,HIGHER,6,0.0,False,0.0,0.0,1.0,1.0,1.0,1.0
DAY0,source_D,NEUTRAL,134,0.0,0.0,0.0,0.0,,HIGHER,6,0.0,False,0.0,0.0,1.0,1.0,1.0,1.0
DAY0,source_D,LOSER,19,0.0,0.0,0.0,0.0,,HIGHER,6,0.0,False,0.0,0.0,1.0,1.0,1.0,1.0
DAY0,source_count,WINNER,15,1.0,1.0,1.5,1.2666666666666666,0.9139475844746561,HIGHER,6,0.16666666666666666,False,1.0,1.0,1.0,0.7333333333333333,1.0,1.0
DAY0,source_count,NEUTRAL,134,1.0,1.0,1.0,1.044776119402985,0.9139475844746561,HIGHER,6,0.16666666666666666,False,1.0,1.0,1.0,0.7333333333333333,1.0,1.0
DAY0,source_count,LOSER,19,1.0,1.0,1.0,1.1578947368421053,0.9139475844746561,HIGHER,6,0.16666666666666666,False,1.0,1.0,1.0,0.7333333333333333,1.0,1.0
DAY0,d0_freshness_pass,WINNER,15,1.0,0.0,1.0,0.6666666666666666,0.020830335276796324,HIGHER,6,0.16666666666666666,False,0.0,1.0,0.6666666666666666,0.3333333333333333,0.6567164179104478,0.9473684210526315
DAY0,d0_freshness_pass,NEUTRAL,134,1.0,0.0,1.0,0.6567164179104478,0.020830335276796324,HIGHER,6,0.16666666666666666,False,0.0,1.0,0.6666666666666666,0.3333333333333333,0.6567164179104478,0.9473684210526315
DAY0,d0_freshness_pass,LOSER,19,1.0,1.0,1.0,0.9473684210526315,0.020830335276796324,HIGHER,6,0.16666666666666666,False,0.0,1.0,0.6666666666666666,0.3333333333333333,0.6567164179104478,0.9473684210526315
DAY0,d0_rs_path_pass,WINNER,15,0.0,0.0,1.0,0.4666666666666667,0.3434111381517764,HIGHER,6,0.3333333333333333,False,0.0,1.0,0.4666666666666667,0.5333333333333333,0.30597014925373134,0.631578947368421
DAY0,d0_rs_path_pass,NEUTRAL,134,0.0,0.0,1.0,0.30597014925373134,0.3434111381517764,HIGHER,6,0.3333333333333333,False,0.0,1.0,0.4666666666666667,0.5333333333333333,0.30597014925373134,0.631578947368421
DAY0,d0_rs_path_pass,LOSER,19,1.0,0.0,1.0,0.631578947368421,0.3434111381517764,HIGHER,6,0.3333333333333333,False,0.0,1.0,0.4666666666666667,0.5333333333333333,0.30597014925373134,0.631578947368421
DAY0,d0_rank_health_pass,WINNER,15,0.0,0.0,0.0,0.06666666666666667,-0.16496499400182005,HIGHER,6,0.0,False,0.0,0.0,1.0,0.9333333333333333,1.0,1.0
DAY0,d0_rank_health_pass,NEUTRAL,134,0.0,0.0,0.0,0.11940298507462686,-0.16496499400182005,HIGHER,6,0.0,False,0.0,0.0,1.0,0.9333333333333333,1.0,1.0
DAY0,d0_rank_health_pass,LOSER,19,0.0,0.0,0.0,0.15789473684210525,-0.16496499400182005,HIGHER,6,0.0,False,0.0,0.0,1.0,0.9333333333333333,1.0,1.0
DAY0,d0_positive_family_count,WINNER,15,1.0,1.0,2.0,1.2,0.14864390198910588,HIGHER,6,0.5,False,1.0,1.0,0.8,0.6,0.7686567164179104,1.0
DAY0,d0_positive_family_count,NEUTRAL,134,1.0,1.0,2.0,1.0820895522388059,0.14864390198910588,HIGHER,6,0.5,False,1.0,1.0,0.8,0.6,0.7686567164179104,1.0
DAY0,d0_positive_family_count,LOSER,19,2.0,1.0,2.0,1.736842105263158,0.14864390198910588,HIGHER,6,0.5,False,1.0,1.0,0.8,0.6,0.7686567164179104,1.0
DAY0,d0_flow_pass,WINNER,15,1.0,1.0,1.0,0.8,-0.09525507617883858,HIGHER,6,0.0,False,1.0,1.0,0.8,1.0,0.835820895522388,0.6842105263157895
DAY0,d0_flow_pass,NEUTRAL,134,1.0,1.0,1.0,0.835820895522388,-0.09525507617883858,HIGHER,6,0.0,False,1.0,1.0,0.8,1.0,0.835820895522388,0.6842105263157895
DAY0,d0_flow_pass,LOSER,19,1.0,0.0,1.0,0.6842105263157895,-0.09525507617883858,HIGHER,6,0.0,False,1.0,1.0,0.8,1.0,0.835820895522388,0.6842105263157895
DAY0,d0_efficiency_pass,WINNER,15,1.0,0.0,1.0,0.5333333333333333,0.8871799904734275,HIGHER,6,0.6666666666666666,False,0.0,0.0,1.0,0.4666666666666667,1.0,1.0
DAY0,d0_efficiency_pass,NEUTRAL,134,0.0,0.0,0.0,0.1791044776119403,0.8871799904734275,HIGHER,6,0.6666666666666666,False,0.0,0.0,1.0,0.4666666666666667,1.0,1.0
DAY0,d0_efficiency_pass,LOSER,19,1.0,0.0,1.0,0.5789473684210527,0.8871799904734275,HIGHER,6,0.6666666666666666,False,0.0,0.0,1.0,0.4666666666666667,1.0,1.0
