policy,stock_id,stock_name,episode_start_date,confirmation_date,episode_outcome,episode_return_day0_to_day10,promotion_outcome,promotion_return_next_10d,pre_confirmation_return,price_move_before_confirmation,remaining_return_to_episode_day10,maximum_remaining_upside_10d,maximum_remaining_downside_10d,promotion_delay_sessions,late_confirmation,promotion_damage
P4_D1_A,00941,中信上游半導體,2026-06-15,2026-06-16,NEUTRAL,4.163750874737593,PROMOTION_NEUTRAL,6.900175131348507,-0.10496850944715641,-0.10496850944715641,4.273204903677752,7.53064798598948,-2.1716287215411634,1,False,False
P4_D1_A,00954,中信日本半導體,2026-06-15,2026-06-16,NEUTRAL,6.166982922201147,PROMOTION_NEUTRAL,9.752616555661287,-0.2846299810246644,-0.2846299810246644,6.470028544243567,11.322549952426254,-1.7126546146527089,1,False,False
P4_D1_A,00951,台新日本半導體,2026-06-15,2026-06-16,NEUTRAL,6.278481012658221,PROMOTION_NEUTRAL,9.649568308786183,-0.30379746835442756,-0.30379746835442756,6.602336211274751,11.376333164042652,-1.523616048755716,1,False,False
P4_D1_A,4551,智伸科,2026-06-15,2026-06-16,WINNER,34.730538922155695,PROMOTION_WINNER,27.520435967302447,9.880239520958089,9.880239520958089,22.615803814713885,41.96185286103542,5.177111716621252,1,False,False
P4_D1_A,3044,健鼎,2026-06-15,2026-06-16,NEUTRAL,-0.3846153846153832,PROMOTION_LOSER,-7.326007326007322,5.000000000000004,5.000000000000004,-5.128205128205132,9.523809523809534,-8.791208791208794,1,False,False
P4_D1_A,1301,台塑,2026-06-17,2026-06-18,WINNER,24.504692387904072,PROMOTION_WINNER,20.116054158607355,7.820646506777895,7.820646506777895,15.473887814313336,23.791102514506758,-6.866537717601551,1,False,False
P4_D1_A,00403A,主動統一升級50,2026-06-17,2026-06-18,NEUTRAL,3.6279069767442,PROMOTION_NEUTRAL,0.9972801450589319,2.6046511627906943,2.6046511627906943,0.9972801450589319,3.80779691749773,-4.805077062556662,1,False,False
P4_D1_A,6573,虹揚-KY,2026-06-23,2026-06-24,WINNER,28.132992327365724,PROMOTION_WINNER,28.13953488372094,9.974424552429673,9.974424552429673,16.511627906976756,38.6046511627907,-10.697674418604652,1,False,False
P4_D1_A,5283,禾聯碩,2026-06-23,2026-06-24,LOSER,-6.445993031358876,PROMOTION_LOSER,-7.826086956521738,0.17421602787457413,0.17421602787457413,-6.608695652173912,-0.6956521739130417,-9.565217391304348,1,False,False
P4_D1_A,6243,迅杰,2026-06-23,2026-06-24,NEUTRAL,-5.421686746987953,PROMOTION_LOSER,-12.376779846659359,9.999999999999986,9.999999999999986,-14.019715224534501,0.0,-16.648411829134723,1,False,False
P4_D1_A,2466,冠西電,2026-06-23,2026-06-24,WINNER,64.47602131438721,PROMOTION_WINNER,64.23728813559325,4.795737122557742,4.795737122557742,56.94915254237287,76.27118644067797,-4.915254237288136,1,False,False
P4_D1_A,1216,統一,2026-06-24,2026-06-25,NEUTRAL,4.6604527296937315,PROMOTION_NEUTRAL,3.70370370370372,0.665778961384822,0.665778961384822,3.9682539682539764,4.497354497354511,-2.3809523809523725,1,False,False
P4_D1_A,6909,創控,2026-06-24,2026-06-25,LOSER,-12.74834437086092,PROMOTION_LOSER,-12.157534246575342,-3.31125827814569,-3.31125827814569,-9.760273972602729,5.308219178082196,-12.328767123287665,1,False,False
P4_D1_A,4169,泰宗,2026-06-24,2026-06-25,WINNER,44.55958549222798,PROMOTION_WINNER,41.36125654450262,-1.0362694300518172,-1.0362694300518172,46.07329842931938,50.78534031413613,-1.308900523560208,1,False,False
P4_D1_A,2539,櫻花建,2026-06-24,2026-06-25,NEUTRAL,0.127877237851659,PROMOTION_NEUTRAL,0.8985879332477298,-0.38363171355498826,-0.38363171355498826,0.5134788189987027,3.594351732991008,-3.0808729139923052,1,False,False
P4_D1_A,4119,旭富,2026-06-24,2026-06-25,NEUTRAL,1.1299435028248483,PROMOTION_NEUTRAL,1.903695408734607,0.9039548022598876,0.9039548022598876,0.22396416573349232,3.4714445688689866,-2.5755879059350506,1,False,False
P4_D1_A,6505,台塑化,2026-06-24,2026-06-25,NEUTRAL,7.608695652173902,PROMOTION_NEUTRAL,5.187835420393561,1.26811594202898,1.26811594202898,6.261180679785339,9.838998211091244,-5.187835420393561,1,False,False
P4_D1_A,8464,億豐,2026-06-25,2026-06-26,NEUTRAL,1.265822784810133,PROMOTION_NEUTRAL,4.992867332382311,-1.406469760900142,-1.406469760900142,2.710413694721825,8.559201141226813,-2.1398002853067033,1,False,False
P4_D1_A,2458,義隆,2026-06-25,2026-06-26,NEUTRAL,1.9444444444444375,PROMOTION_NEUTRAL,6.3953488372092915,-4.444444444444439,-4.444444444444439,6.686046511627897,14.244186046511631,0.29069767441860517,1,False,False
P4_D1_A,6582,申豐,2026-06-25,2026-06-26,NEUTRAL,-0.3039513677811634,PROMOTION_NEUTRAL,-2.686567164179099,1.823708206686936,1.823708206686936,-2.0895522388059806,1.4925373134328401,-3.731343283582089,1,False,False
P4_D1_A,2107,厚生,2026-06-25,2026-06-26,NEUTRAL,-1.1583011583011449,PROMOTION_NEUTRAL,1.9685039370078705,-1.9305019305019266,-1.9305019305019266,0.7874015748031704,2.755905511811041,-0.19685039370077595,1,False,False
P4_D1_A,2345,智邦,2026-07-01,2026-07-02,LOSER,-12.781954887218047,PROMOTION_LOSER,-24.0,3.383458646616533,3.383458646616533,-15.636363636363637,2.7272727272727337,-24.0,1,False,False
P4_D1_A,9935,慶豐富,2026-07-01,2026-07-02,NEUTRAL,-4.822335025380708,PROMOTION_LOSER,-7.980049875311723,1.7766497461928932,1.7766497461928932,-6.4837905236907805,3.7406483790523692,-8.977556109725693,1,False,False
P4_D1_A,3605,宏致,2026-07-01,2026-07-02,NEUTRAL,-0.8177570093457764,PROMOTION_LOSER,-11.98668146503884,5.257009345794383,5.257009345794383,-5.771365149833507,7.103218645948961,-12.65260821309655,1,False,False
P5_D1_B,00941,中信上游半導體,2026-06-15,2026-06-16,NEUTRAL,4.163750874737593,PROMOTION_NEUTRAL,6.900175131348507,-0.10496850944715641,-0.10496850944715641,4.273204903677752,7.53064798598948,-2.1716287215411634,1,False,False
P5_D1_B,00954,中信日本半導體,2026-06-15,2026-06-16,NEUTRAL,6.166982922201147,PROMOTION_NEUTRAL,9.752616555661287,-0.2846299810246644,-0.2846299810246644,6.470028544243567,11.322549952426254,-1.7126546146527089,1,False,False
P5_D1_B,4551,智伸科,2026-06-15,2026-06-16,WINNER,34.730538922155695,PROMOTION_WINNER,27.520435967302447,9.880239520958089,9.880239520958089,22.615803814713885,41.96185286103542,5.177111716621252,1,False,False
P5_D1_B,3044,健鼎,2026-06-15,2026-06-16,NEUTRAL,-0.3846153846153832,PROMOTION_LOSER,-7.326007326007322,5.000000000000004,5.000000000000004,-5.128205128205132,9.523809523809534,-8.791208791208794,1,False,False
P5_D1_B,1301,台塑,2026-06-17,2026-06-18,WINNER,24.504692387904072,PROMOTION_WINNER,20.116054158607355,7.820646506777895,7.820646506777895,15.473887814313336,23.791102514506758,-6.866537717601551,1,False,False
P5_D1_B,00403A,主動統一升級50,2026-06-17,2026-06-18,NEUTRAL,3.6279069767442,PROMOTION_NEUTRAL,0.9972801450589319,2.6046511627906943,2.6046511627906943,0.9972801450589319,3.80779691749773,-4.805077062556662,1,False,False
P5_D1_B,2466,冠西電,2026-06-23,2026-06-24,WINNER,64.47602131438721,PROMOTION_WINNER,64.23728813559325,4.795737122557742,4.795737122557742,56.94915254237287,76.27118644067797,-4.915254237288136,1,False,False
P5_D1_B,1216,統一,2026-06-24,2026-06-25,NEUTRAL,4.6604527296937315,PROMOTION_NEUTRAL,3.70370370370372,0.665778961384822,0.665778961384822,3.9682539682539764,4.497354497354511,-2.3809523809523725,1,False,False
P5_D1_B,4119,旭富,2026-06-24,2026-06-25,NEUTRAL,1.1299435028248483,PROMOTION_NEUTRAL,1.903695408734607,0.9039548022598876,0.9039548022598876,0.22396416573349232,3.4714445688689866,-2.5755879059350506,1,False,False
P5_D1_B,6505,台塑化,2026-06-24,2026-06-25,NEUTRAL,7.608695652173902,PROMOTION_NEUTRAL,5.187835420393561,1.26811594202898,1.26811594202898,6.261180679785339,9.838998211091244,-5.187835420393561,1,False,False
P5_D1_B,2458,義隆,2026-06-25,2026-06-26,NEUTRAL,1.9444444444444375,PROMOTION_NEUTRAL,6.3953488372092915,-4.444444444444439,-4.444444444444439,6.686046511627897,14.244186046511631,0.29069767441860517,1,False,False
P5_D1_B,6582,申豐,2026-06-25,2026-06-26,NEUTRAL,-0.3039513677811634,PROMOTION_NEUTRAL,-2.686567164179099,1.823708206686936,1.823708206686936,-2.0895522388059806,1.4925373134328401,-3.731343283582089,1,False,False
P5_D1_B,9935,慶豐富,2026-07-01,2026-07-02,NEUTRAL,-4.822335025380708,PROMOTION_LOSER,-7.980049875311723,1.7766497461928932,1.7766497461928932,-6.4837905236907805,3.7406483790523692,-8.977556109725693,1,False,False
P5_D1_B,3605,宏致,2026-07-01,2026-07-02,NEUTRAL,-0.8177570093457764,PROMOTION_LOSER,-11.98668146503884,5.257009345794383,5.257009345794383,-5.771365149833507,7.103218645948961,-12.65260821309655,1,False,False
P6_D1_C,4551,智伸科,2026-06-15,2026-06-16,WINNER,34.730538922155695,PROMOTION_WINNER,27.520435967302447,9.880239520958089,9.880239520958089,22.615803814713885,41.96185286103542,5.177111716621252,1,False,False
P6_D1_C,1301,台塑,2026-06-17,2026-06-18,WINNER,24.504692387904072,PROMOTION_WINNER,20.116054158607355,7.820646506777895,7.820646506777895,15.473887814313336,23.791102514506758,-6.866537717601551,1,False,False
P6_D1_C,00403A,主動統一升級50,2026-06-17,2026-06-18,NEUTRAL,3.6279069767442,PROMOTION_NEUTRAL,0.9972801450589319,2.6046511627906943,2.6046511627906943,0.9972801450589319,3.80779691749773,-4.805077062556662,1,False,False
P6_D1_C,2466,冠西電,2026-06-23,2026-06-24,WINNER,64.47602131438721,PROMOTION_WINNER,64.23728813559325,4.795737122557742,4.795737122557742,56.94915254237287,76.27118644067797,-4.915254237288136,1,False,False
P6_D1_C,3605,宏致,2026-07-01,2026-07-02,NEUTRAL,-0.8177570093457764,PROMOTION_LOSER,-11.98668146503884,5.257009345794383,5.257009345794383,-5.771365149833507,7.103218645948961,-12.65260821309655,1,False,False
P7_D3_A,00954,中信日本半導體,2026-06-15,2026-06-18,NEUTRAL,6.166982922201147,PROMOTION_NEUTRAL,0.9157509157509125,3.6053130929791344,3.6053130929791344,2.4725274725274637,7.14285714285714,-5.402930402930406,3,False,False
P7_D3_A,00951,台新日本半導體,2026-06-15,2026-06-18,NEUTRAL,6.278481012658221,PROMOTION_NEUTRAL,0.782013685239491,3.594936708860774,3.594936708860774,2.590420332355814,7.1847507331378235,-5.229716520039107,3,False,False
P7_D3_A,5471,松翰,2026-06-15,2026-06-18,NEUTRAL,7.317073170731714,PROMOTION_NEUTRAL,2.6272577996715896,6.0975609756097615,6.0975609756097615,1.1494252873563315,9.688013136288998,-5.582922824302128,3,False,False
P7_D3_A,4551,智伸科,2026-06-15,2026-06-18,WINNER,34.730538922155695,PROMOTION_WINNER,19.63882618510158,32.63473053892216,32.63473053892216,1.5801354401805856,19.63882618510158,-5.643340857787815,3,True,False
P7_D3_A,3041,揚智,2026-06-15,2026-06-18,NEUTRAL,5.9259259259259345,PROMOTION_NEUTRAL,2.3090586145648295,4.2592592592592515,4.2592592592592515,1.598579040852588,15.452930728241565,-5.150976909413851,3,False,False
P7_D3_A,3044,健鼎,2026-06-15,2026-06-18,NEUTRAL,-0.3846153846153832,PROMOTION_LOSER,-9.24956369982548,10.1923076923077,10.1923076923077,-9.598603839441534,4.363001745200701,-13.089005235602091,3,False,False
P7_D3_A,2340,台亞,2026-06-16,2026-06-22,LOSER,-10.10230179028133,PROMOTION_LOSER,-8.99532710280373,9.462915601023013,9.462915601023013,-17.873831775700932,7.009345794392519,-18.224299065420556,3,False,False
P7_D3_A,1515,力山,2026-06-17,2026-06-23,WINNER,51.55642023346305,PROMOTION_WINNER,44.589552238805965,4.280155642023353,4.280155642023353,45.335820895522396,68.09701492537312,-1.4925373134328401,3,False,False
P7_D3_A,2460,建通,2026-06-17,2026-06-23,NEUTRAL,2.8169014084507005,PROMOTION_NEUTRAL,-0.6793478260869512,3.6619718309859106,3.6619718309859106,-0.8152173913043348,14.130434782608713,-4.891304347826075,3,False,False
P7_D3_A,1301,台塑,2026-06-17,2026-06-23,WINNER,24.504692387904072,PROMOTION_WINNER,15.640766902119063,3.3368091762252305,3.3368091762252305,20.484359233097905,29.16246215943492,-2.825428859737633,3,False,False
P7_D3_A,6573,虹揚-KY,2026-06-23,2026-06-26,WINNER,28.132992327365724,PROMOTION_WINNER,30.982367758186392,1.534526854219953,1.534526854219953,26.19647355163728,50.125944584382864,-3.2745591939546737,3,False,False
P7_D3_A,6243,迅杰,2026-06-23,2026-06-26,NEUTRAL,-5.421686746987953,PROMOTION_LOSER,-16.162790697674424,3.6144578313253017,3.6144578313253017,-8.720930232558144,-0.5813953488372103,-16.162790697674424,3,False,False
P7_D3_A,2466,冠西電,2026-06-23,2026-06-26,WINNER,64.47602131438721,PROMOTION_WINNER,73.27586206896552,3.0195381882770933,3.0195381882770933,59.6551724137931,79.3103448275862,0.0,3,False,False
P7_D3_A,8438,昶昕,2026-06-23,2026-06-26,NEUTRAL,-3.861386138613865,PROMOTION_NEUTRAL,-0.9708737864077777,-8.217821782178214,-8.217821782178214,4.746494066882412,19.201725997842487,-1.8338727076591232,3,False,False
P7_D3_A,1216,統一,2026-06-24,2026-06-29,NEUTRAL,4.6604527296937315,PROMOTION_NEUTRAL,3.6988110964332854,0.7989347536617952,0.7989347536617952,3.830911492734468,4.887714663143994,-2.5099075297225992,3,False,False
P7_D3_A,4169,泰宗,2026-06-24,2026-06-29,WINNER,44.55958549222798,PROMOTION_WINNER,16.267942583732054,8.290155440414516,8.290155440414516,33.49282296650718,37.799043062200965,-4.784688995215314,3,False,False
P7_D3_A,1315,達新,2026-06-24,2026-06-29,NEUTRAL,2.4077046548956593,PROMOTION_NEUTRAL,2.7375201288244666,-0.32102728731941976,-0.32102728731941976,2.7375201288244666,5.152979066022545,-0.48309178743961567,3,False,False
P7_D3_A,4119,旭富,2026-06-24,2026-06-29,NEUTRAL,1.1299435028248483,PROMOTION_NEUTRAL,0.7909604519773961,0.0,0.0,1.1299435028248483,5.084745762711873,-1.6949152542372836,3,False,False
P7_D3_A,6505,台塑化,2026-06-24,2026-06-29,NEUTRAL,7.608695652173902,PROMOTION_WINNER,19.710669077757693,0.18115942028984477,0.18115942028984477,7.414104882459305,21.518987341772156,-3.616636528028938,3,False,False
P7_D3_A,2458,義隆,2026-06-25,2026-06-30,NEUTRAL,1.9444444444444375,PROMOTION_NEUTRAL,-5.555555555555558,5.000000000000004,5.000000000000004,-2.910052910052907,3.9682539682539764,-8.201058201058197,3,False,False
P7_D3_A,00674R,期元大S&P黃金反1,2026-06-25,2026-06-30,NEUTRAL,-1.9792342634652793,PROMOTION_NEUTRAL,-1.1010362694300557,0.1946787800129801,0.1946787800129801,-2.169689119170981,0.2590673575129543,-5.148963730569944,3,False,False
P7_D3_A,1313,聯成,2026-06-25,2026-06-30,NEUTRAL,-0.3984063745020028,PROMOTION_NEUTRAL,1.6064257028112428,-0.7968127490039945,-0.7968127490039945,0.40160642570281624,16.465863453815267,-2.8112449799196804,3,False,False
P7_D3_A,6582,申豐,2026-06-25,2026-06-30,NEUTRAL,-0.3039513677811634,PROMOTION_NEUTRAL,-0.7575757575757569,0.3039513677811634,0.3039513677811634,-0.60606060606061,3.0303030303030276,-3.9393939393939426,3,False,False
P7_D3_A,3605,宏致,2026-07-01,2026-07-06,NEUTRAL,-0.8177570093457764,PROMOTION_NEUTRAL,-3.762827822120862,2.453271028037385,2.453271028037385,-3.192702394526792,10.034207525655647,-17.331812998859753,3,False,False
P7_D3_A,2429,銘旺科,2026-07-01,2026-07-06,NEUTRAL,-1.5625,PROMOTION_LOSER,-12.33435270132517,2.1874999999999867,2.1874999999999867,-3.669724770642191,4.383282364933749,-18.654434250764528,3,False,False
P8_D3_B,00954,中信日本半導體,2026-06-15,2026-06-18,NEUTRAL,6.166982922201147,PROMOTION_NEUTRAL,0.9157509157509125,3.6053130929791344,3.6053130929791344,2.4725274725274637,7.14285714285714,-5.402930402930406,3,False,False
P8_D3_B,4551,智伸科,2026-06-15,2026-06-18,WINNER,34.730538922155695,PROMOTION_WINNER,19.63882618510158,32.63473053892216,32.63473053892216,1.5801354401805856,19.63882618510158,-5.643340857787815,3,True,False
P8_D3_B,3041,揚智,2026-06-15,2026-06-18,NEUTRAL,5.9259259259259345,PROMOTION_NEUTRAL,2.3090586145648295,4.2592592592592515,4.2592592592592515,1.598579040852588,15.452930728241565,-5.150976909413851,3,False,False
P8_D3_B,3044,健鼎,2026-06-15,2026-06-18,NEUTRAL,-0.3846153846153832,PROMOTION_LOSER,-9.24956369982548,10.1923076923077,10.1923076923077,-9.598603839441534,4.363001745200701,-13.089005235602091,3,False,False
P8_D3_B,2340,台亞,2026-06-16,2026-06-22,LOSER,-10.10230179028133,PROMOTION_LOSER,-8.99532710280373,9.462915601023013,9.462915601023013,-17.873831775700932,7.009345794392519,-18.224299065420556,3,False,False
P8_D3_B,2460,建通,2026-06-17,2026-06-23,NEUTRAL,2.8169014084507005,PROMOTION_NEUTRAL,-0.6793478260869512,3.6619718309859106,3.6619718309859106,-0.8152173913043348,14.130434782608713,-4.891304347826075,3,False,False
P8_D3_B,1301,台塑,2026-06-17,2026-06-23,WINNER,24.504692387904072,PROMOTION_WINNER,15.640766902119063,3.3368091762252305,3.3368091762252305,20.484359233097905,29.16246215943492,-2.825428859737633,3,False,False
P8_D3_B,6573,虹揚-KY,2026-06-23,2026-06-26,WINNER,28.132992327365724,PROMOTION_WINNER,30.982367758186392,1.534526854219953,1.534526854219953,26.19647355163728,50.125944584382864,-3.2745591939546737,3,False,False
P8_D3_B,6243,迅杰,2026-06-23,2026-06-26,NEUTRAL,-5.421686746987953,PROMOTION_LOSER,-16.162790697674424,3.6144578313253017,3.6144578313253017,-8.720930232558144,-0.5813953488372103,-16.162790697674424,3,False,False
P8_D3_B,2466,冠西電,2026-06-23,2026-06-26,WINNER,64.47602131438721,PROMOTION_WINNER,73.27586206896552,3.0195381882770933,3.0195381882770933,59.6551724137931,79.3103448275862,0.0,3,False,False
P8_D3_B,1216,統一,2026-06-24,2026-06-29,NEUTRAL,4.6604527296937315,PROMOTION_NEUTRAL,3.6988110964332854,0.7989347536617952,0.7989347536617952,3.830911492734468,4.887714663143994,-2.5099075297225992,3,False,False
P8_D3_B,4169,泰宗,2026-06-24,2026-06-29,WINNER,44.55958549222798,PROMOTION_WINNER,16.267942583732054,8.290155440414516,8.290155440414516,33.49282296650718,37.799043062200965,-4.784688995215314,3,False,False
P8_D3_B,1315,達新,2026-06-24,2026-06-29,NEUTRAL,2.4077046548956593,PROMOTION_NEUTRAL,2.7375201288244666,-0.32102728731941976,-0.32102728731941976,2.7375201288244666,5.152979066022545,-0.48309178743961567,3,False,False
P8_D3_B,4119,旭富,2026-06-24,2026-06-29,NEUTRAL,1.1299435028248483,PROMOTION_NEUTRAL,0.7909604519773961,0.0,0.0,1.1299435028248483,5.084745762711873,-1.6949152542372836,3,False,False
P8_D3_B,6505,台塑化,2026-06-24,2026-06-29,NEUTRAL,7.608695652173902,PROMOTION_WINNER,19.710669077757693,0.18115942028984477,0.18115942028984477,7.414104882459305,21.518987341772156,-3.616636528028938,3,False,False
P8_D3_B,2458,義隆,2026-06-25,2026-06-30,NEUTRAL,1.9444444444444375,PROMOTION_NEUTRAL,-5.555555555555558,5.000000000000004,5.000000000000004,-2.910052910052907,3.9682539682539764,-8.201058201058197,3,False,False
P8_D3_B,00674R,期元大S&P黃金反1,2026-06-25,2026-06-30,NEUTRAL,-1.9792342634652793,PROMOTION_NEUTRAL,-1.1010362694300557,0.1946787800129801,0.1946787800129801,-2.169689119170981,0.2590673575129543,-5.148963730569944,3,False,False
P8_D3_B,1313,聯成,2026-06-25,2026-06-30,NEUTRAL,-0.3984063745020028,PROMOTION_NEUTRAL,1.6064257028112428,-0.7968127490039945,-0.7968127490039945,0.40160642570281624,16.465863453815267,-2.8112449799196804,3,False,False
P8_D3_B,6582,申豐,2026-06-25,2026-06-30,NEUTRAL,-0.3039513677811634,PROMOTION_NEUTRAL,-0.7575757575757569,0.3039513677811634,0.3039513677811634,-0.60606060606061,3.0303030303030276,-3.9393939393939426,3,False,False
P8_D3_B,3605,宏致,2026-07-01,2026-07-06,NEUTRAL,-0.8177570093457764,PROMOTION_NEUTRAL,-3.762827822120862,2.453271028037385,2.453271028037385,-3.192702394526792,10.034207525655647,-17.331812998859753,3,False,False
P8_D3_B,2429,銘旺科,2026-07-01,2026-07-06,NEUTRAL,-1.5625,PROMOTION_LOSER,-12.33435270132517,2.1874999999999867,2.1874999999999867,-3.669724770642191,4.383282364933749,-18.654434250764528,3,False,False
P9_D3_C,4551,智伸科,2026-06-15,2026-06-18,WINNER,34.730538922155695,PROMOTION_WINNER,19.63882618510158,32.63473053892216,32.63473053892216,1.5801354401805856,19.63882618510158,-5.643340857787815,3,True,False
P9_D3_C,3044,健鼎,2026-06-15,2026-06-18,NEUTRAL,-0.3846153846153832,PROMOTION_LOSER,-9.24956369982548,10.1923076923077,10.1923076923077,-9.598603839441534,4.363001745200701,-13.089005235602091,3,False,False
P10_STAGED_DAY1_DAY3,4551,智伸科,2026-06-15,2026-06-16,WINNER,34.730538922155695,PROMOTION_WINNER,27.520435967302447,9.880239520958089,9.880239520958089,22.615803814713885,41.96185286103542,5.177111716621252,1,False,False
P10_STAGED_DAY1_DAY3,3044,健鼎,2026-06-15,2026-06-18,NEUTRAL,-0.3846153846153832,PROMOTION_LOSER,-9.24956369982548,10.1923076923077,10.1923076923077,-9.598603839441534,4.363001745200701,-13.089005235602091,3,False,False
P10_STAGED_DAY1_DAY3,1301,台塑,2026-06-17,2026-06-18,WINNER,24.504692387904072,PROMOTION_WINNER,20.116054158607355,7.820646506777895,7.820646506777895,15.473887814313336,23.791102514506758,-6.866537717601551,1,False,False
P10_STAGED_DAY1_DAY3,00403A,主動統一升級50,2026-06-17,2026-06-18,NEUTRAL,3.6279069767442,PROMOTION_NEUTRAL,0.9972801450589319,2.6046511627906943,2.6046511627906943,0.9972801450589319,3.80779691749773,-4.805077062556662,1,False,False
P10_STAGED_DAY1_DAY3,2466,冠西電,2026-06-23,2026-06-24,WINNER,64.47602131438721,PROMOTION_WINNER,64.23728813559325,4.795737122557742,4.795737122557742,56.94915254237287,76.27118644067797,-4.915254237288136,1,False,False
P10_STAGED_DAY1_DAY3,3605,宏致,2026-07-01,2026-07-02,NEUTRAL,-0.8177570093457764,PROMOTION_LOSER,-11.98668146503884,5.257009345794383,5.257009345794383,-5.771365149833507,7.103218645948961,-12.65260821309655,1,False,False
