stock_id,stock_name,industry,chain,sub_industry
2453,凌群,區塊鏈,支援服務,資安審計
2453,凌群,區塊鏈,支援服務,媒體推廣
2453,凌群,區塊鏈,支援服務,顧問諮詢
2453,凌群,區塊鏈,支援服務,創投
2399,映泰,區塊鏈,運算資源,元件裝置
3515,華擎,區塊鏈,運算資源,元件裝置
6277,宏正,區塊鏈,基礎技術開發,監控管理
2453,凌群,區塊鏈,基礎技術開發,監控管理
2453,凌群,區塊鏈,基礎技術開發,開發工具
2498,宏達電,區塊鏈,基礎技術開發,開發工具
2453,凌群,區塊鏈,基礎技術開發,底層平台
2453,凌群,區塊鏈,解決方案提供,領域方案
6277,宏正,區塊鏈,解決方案提供,系統整合
2453,凌群,區塊鏈,解決方案提供,系統整合
2453,凌群,區塊鏈,解決方案提供,BaaS
2453,凌群,區塊鏈,應用服務,錢包/資產管理
2480,敦陽科,區塊鏈,應用服務,商業應用
2453,凌群,區塊鏈,應用服務,商業應用
2498,宏達電,區塊鏈,應用服務,商業應用
2480,敦陽科,區塊鏈,應用服務,交易平台
2453,凌群,區塊鏈,應用服務,交易平台
6706,惠特,印刷電路板,上游,生產製程及檢測設備
8438,昶昕,印刷電路板,上游,生產製程及檢測設備
7730,暉盛-創,印刷電路板,上游,生產製程及檢測設備
3010,華立,印刷電路板,上游,生產製程及檢測設備
3563,牧德,印刷電路板,上游,生產製程及檢測設備
6658,聯策,印刷電路板,上游,生產製程及檢測設備
6438,迅得,印刷電路板,上游,生產製程及檢測設備
2467,志聖,印刷電路板,上游,生產製程及檢測設備
3535,晶彩科,印刷電路板,上游,生產製程及檢測設備
1528,恩德,印刷電路板,上游,生產製程及檢測設備
3030,德律,印刷電路板,上游,生產製程及檢測設備
7795,長廣,印刷電路板,上游,生產製程及檢測設備
2493,揚博,印刷電路板,上游,生產製程及檢測設備
1717,長興,印刷電路板,上游,聚亞醯胺樹脂
3645,達邁,印刷電路板,上游,聚亞醯胺樹脂
4764,雙鍵,印刷電路板,上游,聚亞醯胺樹脂
1303,南亞,印刷電路板,上游,銅箔
4989,榮科,印刷電路板,上游,銅箔
1717,長興,印刷電路板,上游,酚醛樹脂
1303,南亞,印刷電路板,上游,酚醛樹脂
1717,長興,印刷電路板,上游,環氧樹脂
1303,南亞,印刷電路板,上游,環氧樹脂
4764,雙鍵,印刷電路板,上游,環氧樹脂
1303,南亞,印刷電路板,上游,玻璃纖維/玻纖布
1802,台玻,印刷電路板,上游,玻璃纖維/玻纖布
8039,台虹,印刷電路板,中游,銅箔基板
6213,聯茂,印刷電路板,中游,銅箔基板
1717,長興,印刷電路板,中游,銅箔基板
6269,台郡,印刷電路板,中游,銅箔基板
3010,華立,印刷電路板,中游,銅箔基板
6672,騰輝電子-KY,印刷電路板,中游,銅箔基板
6224,聚鼎,印刷電路板,中游,銅箔基板
2328,廣宇,印刷電路板,中游,銅箔基板
1303,南亞,印刷電路板,中游,銅箔基板
2383,台光電,印刷電路板,中游,銅箔基板
6269,台郡,印刷電路板,中游,基板組裝加工及相關製造
3665,貿聯-KY,印刷電路板,中游,基板組裝加工及相關製造
2316,楠梓電,印刷電路板,中游,基板組裝加工及相關製造
6672,騰輝電子-KY,印刷電路板,中游,基板組裝加工及相關製造
6224,聚鼎,印刷電路板,中游,基板組裝加工及相關製造
2328,廣宇,印刷電路板,中游,基板組裝加工及相關製造
2313,華通,印刷電路板,中游,基板組裝加工及相關製造
6191,精成科,印刷電路板,中游,基板組裝加工及相關製造
3037,欣興,印刷電路板,中游,硬板、軟板、IC載板製造
2402,毅嘉,印刷電路板,中游,硬板、軟板、IC載板製造
6271,同欣電,印刷電路板,中游,硬板、軟板、IC載板製造
6269,台郡,印刷電路板,中游,硬板、軟板、IC載板製造
6108,競國,印刷電路板,中游,硬板、軟板、IC載板製造
6141,柏承,印刷電路板,中游,硬板、軟板、IC載板製造
2316,楠梓電,印刷電路板,中游,硬板、軟板、IC載板製造
6251,定穎,印刷電路板,中游,硬板、軟板、IC載板製造
6153,嘉聯益,印刷電路板,中游,硬板、軟板、IC載板製造
3321,同泰,印刷電路板,中游,硬板、軟板、IC載板製造
6835,圓裕,印刷電路板,中游,硬板、軟板、IC載板製造
8213,志超,印刷電路板,中游,硬板、軟板、IC載板製造
8046,南電,印刷電路板,中游,硬板、軟板、IC載板製造
2328,廣宇,印刷電路板,中游,硬板、軟板、IC載板製造
4927,泰鼎-KY,印刷電路板,中游,硬板、軟板、IC載板製造
2355,敬鵬,印刷電路板,中游,硬板、軟板、IC載板製造
2313,華通,印刷電路板,中游,硬板、軟板、IC載板製造
3044,健鼎,印刷電路板,中游,硬板、軟板、IC載板製造
4958,臻鼎-KY,印刷電路板,中游,硬板、軟板、IC載板製造
6191,精成科,印刷電路板,中游,硬板、軟板、IC載板製造
5469,瀚宇博,印刷電路板,中游,硬板、軟板、IC載板製造
2367,燿華,印刷電路板,中游,硬板、軟板、IC載板製造
2368,金像電,印刷電路板,中游,硬板、軟板、IC載板製造
3715,定穎投控,印刷電路板,中游,硬板、軟板、IC載板製造
3229,晟鈦,印刷電路板,中游,硬板、軟板、IC載板製造
2459,敦吉,觸控面板,上游,控制IC
2458,義隆,觸控面板,上游,控制IC
1717,長興,觸控面板,上游,膠材
8070,長華*,觸控面板,上游,膠材
5234,達興材料,觸控面板,上游,膠材
4764,雙鍵,觸控面板,上游,膠材
4720,德淵,觸控面板,上游,ITO導電薄膜
6405,悅城,觸控面板,上游,玻璃基板
3149,正達,觸控面板,上游,玻璃基板
3673,TPK-KY,觸控面板,中游,觸控面板
8105,凌巨,觸控面板,中游,觸控面板
3038,全台,觸控面板,中游,觸控面板
3416,融程電,觸控面板,中游,觸控面板
2459,敦吉,觸控面板,中游,觸控面板
3622,洋華,觸控面板,中游,觸控面板
3481,群創,觸控面板,中游,觸控面板
2429,銘旺科,觸控面板,中游,觸控面板
3049,精金,觸控面板,中游,觸控面板
2427,三商電,觸控面板,下游,自動售票機
2427,三商電,觸控面板,下游,金融提款機(ATM)
6271,同欣電,太空衛星科技,上游,天線/射頻基頻
6285,啟碁,太空衛星科技,上游,天線/射頻基頻
2352,佳世達,太空衛星科技,上游,天線/射頻基頻
2308,台達電,太空衛星科技,上游,天線/射頻基頻
3380,明泰,太空衛星科技,上游,天線/射頻基頻
2314,台揚,太空衛星科技,上游,天線/射頻基頻
6271,同欣電,太空衛星科技,上游,零組件/材料
6285,啟碁,太空衛星科技,上游,零組件/材料
2352,佳世達,太空衛星科技,上游,零組件/材料
2308,台達電,太空衛星科技,上游,零組件/材料
3380,明泰,太空衛星科技,上游,零組件/材料
2314,台揚,太空衛星科技,上游,零組件/材料
2453,凌群,太空衛星科技,下游,導航定位
2453,凌群,太空衛星科技,下游,影像遙測
2453,凌群,太空衛星科技,下游,通訊
3661,世芯-KY,半導體,上游,IP設計/IC設計代工服務
6423,億而得-創,半導體,上游,IP設計/IC設計代工服務
3443,創意,半導體,上游,IP設計/IC設計代工服務
2401,凌陽,半導體,上游,IP設計/IC設計代工服務
6533,晶心科,半導體,上游,IP設計/IC設計代工服務
6695,芯鼎,半導體,上游,IP設計/IC設計代工服務
5222,全訊,半導體,上游,IP設計/IC設計代工服務
3035,智原,半導體,上游,IP設計/IC設計代工服務
2401,凌陽,半導體,上游,影像感測IC
8016,矽創,半導體,上游,影像感測IC
3034,聯詠,半導體,上游,影像感測IC
2454,聯發科,半導體,上游,光儲存控制IC
2401,凌陽,半導體,上游,光儲存控制IC
8016,矽創,半導體,上游,平面顯示器驅動IC
3545,敦泰,半導體,上游,平面顯示器驅動IC
3034,聯詠,半導體,上游,平面顯示器驅動IC
4961,天鈺,半導體,上游,平面顯示器驅動IC
3592,瑞鼎,半導體,上游,平面顯示器驅動IC
2454,聯發科,半導體,上游,平面顯示器控制IC
4952,凌通,半導體,上游,平面顯示器控制IC
3034,聯詠,半導體,上游,平面顯示器控制IC
3014,聯陽,半導體,上游,輸出入介面IC
6243,迅杰,半導體,上游,輸出入介面IC
6756,威鋒電子,半導體,上游,輸出入介面IC
2401,凌陽,半導體,上游,輸出入介面IC
5269,祥碩,半導體,上游,輸出入介面IC
2379,瑞昱,半導體,上游,網路通訊IC
2454,聯發科,半導體,上游,網路通訊IC
3094,聯傑,半導體,上游,網路通訊IC
6526,達發,半導體,上游,網路通訊IC
4968,立積,半導體,上游,網路通訊IC
2401,凌陽,半導體,上游,磁碟儲存控制器IC
8261,富鼎,半導體,上游,電源管理IC
2454,聯發科,半導體,上游,電源管理IC
8081,致新,半導體,上游,電源管理IC
6756,威鋒電子,半導體,上游,電源管理IC
6799,來頡,半導體,上游,電源管理IC
3257,虹冠電,半導體,上游,電源管理IC
3588,通嘉,半導體,上游,電源管理IC
8016,矽創,半導體,上游,電源管理IC
6719,力智,半導體,上游,電源管理IC
4952,凌通,半導體,上游,電源管理IC
3034,聯詠,半導體,上游,電源管理IC
2436,偉詮電,半導體,上游,電源管理IC
4961,天鈺,半導體,上游,電源管理IC
6415,矽力*-KY,半導體,上游,電源管理IC
2308,台達電,半導體,上游,電源管理IC
3592,瑞鼎,半導體,上游,電源管理IC
3014,聯陽,半導體,上游,微控制器IC
4952,凌通,半導體,上游,微控制器IC
3034,聯詠,半導體,上游,微控制器IC
2436,偉詮電,半導體,上游,微控制器IC
2308,台達電,半導體,上游,微控制器IC
2458,義隆,半導體,上游,微控制器IC
5471,松翰,半導體,上游,微控制器IC
6202,盛群,半導體,上游,微控制器IC
2337,旺宏,半導體,上游,記憶體IC
2344,華邦電,半導體,上游,記憶體IC
3006,晶豪科,半導體,上游,記憶體IC
6531,愛普*,半導體,上游,記憶體IC
2408,南亞科,半導體,上游,記憶體IC
3150,鈺寶-創,半導體,上游,消費性IC
2454,聯發科,半導體,上游,消費性IC
3014,聯陽,半導體,上游,消費性IC
6756,威鋒電子,半導體,上游,消費性IC
3530,晶相光,半導體,上游,消費性IC
2401,凌陽,半導體,上游,消費性IC
8016,矽創,半導體,上游,消費性IC
3041,揚智,半導體,上游,消費性IC
4919,新唐,半導體,上游,消費性IC
4952,凌通,半導體,上游,消費性IC
3034,聯詠,半導體,上游,消費性IC
2436,偉詮電,半導體,上游,消費性IC
6695,芯鼎,半導體,上游,消費性IC
2308,台達電,半導體,上游,消費性IC
2458,義隆,半導體,上游,消費性IC
8016,矽創,半導體,上游,光源管理IC
6415,矽力*-KY,半導體,上游,光源管理IC
3014,聯陽,半導體,上游,LED驅動IC
4961,天鈺,半導體,上游,LED驅動IC
6415,矽力*-KY,半導體,上游,LED驅動IC
2308,台達電,半導體,上游,LED驅動IC
3150,鈺寶-創,半導體,上游,IC設計
2337,旺宏,半導體,上游,IC設計
8261,富鼎,半導體,上游,IC設計
2379,瑞昱,半導體,上游,IC設計
2454,聯發科,半導體,上游,IC設計
3014,聯陽,半導體,上游,IC設計
8081,致新,半導體,上游,IC設計
6243,迅杰,半導體,上游,IC設計
6756,威鋒電子,半導體,上游,IC設計
3530,晶相光,半導體,上游,IC設計
3094,聯傑,半導體,上游,IC設計
6799,來頡,半導體,上游,IC設計
2344,華邦電,半導體,上游,IC設計
6526,達發,半導體,上游,IC設計
2401,凌陽,半導體,上游,IC設計
3257,虹冠電,半導體,上游,IC設計
3588,通嘉,半導體,上游,IC設計
8016,矽創,半導體,上游,IC設計
3041,揚智,半導體,上游,IC設計
3545,敦泰,半導體,上游,IC設計
6719,力智,半導體,上游,IC設計
4919,新唐,半導體,上游,IC設計
4952,凌通,半導體,上游,IC設計
3034,聯詠,半導體,上游,IC設計
2436,偉詮電,半導體,上游,IC設計
6695,芯鼎,半導體,上游,IC設計
4961,天鈺,半導體,上游,IC設計
4968,立積,半導體,上游,IC設計
6415,矽力*-KY,半導體,上游,IC設計
2308,台達電,半導體,上游,IC設計
3592,瑞鼎,半導體,上游,IC設計
2458,義隆,半導體,上游,IC設計
5269,祥碩,半導體,上游,IC設計
3006,晶豪科,半導體,上游,IC設計
5471,松翰,半導體,上游,IC設計
6531,愛普*,半導體,上游,IC設計
2408,南亞科,半導體,上游,IC設計
6202,盛群,半導體,上游,IC設計
1717,長興,半導體,中游,化學品
5434,崇越,半導體,中游,化學品
3010,華立,半導體,中游,化學品
5234,達興材料,半導體,中游,化學品
4720,德淵,半導體,中游,化學品
4755,三福化,半導體,中游,化學品
1727,中華化,半導體,中游,化學品
3305,昇貿,半導體,中游,化學品
4722,國精化,半導體,中游,化學品
4764,雙鍵,半導體,中游,化學品
1711,永光,半導體,中游,化學品
2493,揚博,半導體,中游,化學品
6909,創控,半導體,中游,生產製程及檢測設備(中游)
7822,倍利科,半導體,中游,生產製程及檢測設備(中游)
6706,惠特,半導體,中游,生產製程及檢測設備(中游)
5434,崇越,半導體,中游,生產製程及檢測設備(中游)
7730,暉盛-創,半導體,中游,生產製程及檢測設備(中游)
6789,采鈺,半導體,中游,生產製程及檢測設備(中游)
6277,宏正,半導體,中游,生產製程及檢測設備(中游)
3413,京鼎,半導體,中游,生產製程及檢測設備(中游)
7769,鴻勁,半導體,中游,生產製程及檢測設備(中游)
3583,辛耘,半導體,中游,生產製程及檢測設備(中游)
6658,聯策,半導體,中游,生產製程及檢測設備(中游)
6438,迅得,半導體,中游,生產製程及檢測設備(中游)
2467,志聖,半導體,中游,生產製程及檢測設備(中游)
3535,晶彩科,半導體,中游,生產製程及檢測設備(中游)
8374,羅昇,半導體,中游,生產製程及檢測設備(中游)
3030,德律,半導體,中游,生產製程及檢測設備(中游)
5222,全訊,半導體,中游,生產製程及檢測設備(中游)
2360,致茂,半導體,中游,生產製程及檢測設備(中游)
7795,長廣,半導體,中游,生產製程及檢測設備(中游)
6515,穎崴,半導體,中游,生產製程及檢測設備(中游)
2481,強茂,半導體,中游,其他IC/二極體製造
2340,台亞,半導體,中游,其他IC/二極體製造
2434,統懋,半導體,中游,其他IC/二極體製造
3536,誠創,半導體,中游,其他IC/二極體製造
2302,麗正,半導體,中游,其他IC/二極體製造
2342,茂矽,半導體,中游,其他IC/二極體製造
2344,華邦電,半導體,中游,DRAM製造
6770,力積電,半導體,中游,DRAM製造
2408,南亞科,半導體,中游,DRAM製造
2371,大同,半導體,中游,晶圓製造
2340,台亞,半導體,中游,晶圓製造
2337,旺宏,半導體,中游,晶圓製造
2434,統懋,半導體,中游,晶圓製造
2344,華邦電,半導體,中游,晶圓製造
2455,全新,半導體,中游,晶圓製造
4919,新唐,半導體,中游,晶圓製造
2330,台積電,半導體,中游,晶圓製造
6770,力積電,半導體,中游,晶圓製造
3532,台勝科,半導體,中游,晶圓製造
3016,嘉晶,半導體,中游,晶圓製造
5222,全訊,半導體,中游,晶圓製造
8028,昇陽半導體,半導體,中游,晶圓製造
2408,南亞科,半導體,中游,晶圓製造
2303,聯電,半導體,中游,晶圓製造
2481,強茂,半導體,中游,IC/晶圓製造
2371,大同,半導體,中游,IC/晶圓製造
2340,台亞,半導體,中游,IC/晶圓製造
2337,旺宏,半導體,中游,IC/晶圓製造
2434,統懋,半導體,中游,IC/晶圓製造
3536,誠創,半導體,中游,IC/晶圓製造
2344,華邦電,半導體,中游,IC/晶圓製造
2302,麗正,半導體,中游,IC/晶圓製造
2455,全新,半導體,中游,IC/晶圓製造
4919,新唐,半導體,中游,IC/晶圓製造
2330,台積電,半導體,中游,IC/晶圓製造
6770,力積電,半導體,中游,IC/晶圓製造
2342,茂矽,半導體,中游,IC/晶圓製造
3532,台勝科,半導體,中游,IC/晶圓製造
3016,嘉晶,半導體,中游,IC/晶圓製造
5222,全訊,半導體,中游,IC/晶圓製造
8028,昇陽半導體,半導體,中游,IC/晶圓製造
2408,南亞科,半導體,中游,IC/晶圓製造
2303,聯電,半導體,中游,IC/晶圓製造
2338,光罩,半導體,中游,光罩
2438,翔耀,半導體,中游,光罩
3010,華立,半導體,下游,IC通路
2347,聯強,半導體,下游,IC通路
3028,增你強,半導體,下游,IC通路
3036,文曄,半導體,下游,IC通路
2459,敦吉,半導體,下游,IC通路
3528,安馳,半導體,下游,IC通路
3312,弘憶股,半導體,下游,IC通路
6189,豐藝,半導體,下游,IC通路
3048,益登,半導體,下游,IC通路
6192,巨路,半導體,下游,IC通路
8112,至上,半導體,下游,IC通路
3702,大聯大,半導體,下游,IC通路
3033,威健,半導體,下游,IC通路
3026,禾伸堂,半導體,下游,IC通路
3209,全科,半導體,下游,IC通路
2308,台達電,半導體,下游,IC通路
3150,鈺寶-創,半導體,下游,IC模組
8271,宇瞻,半導體,下游,IC模組
6271,同欣電,半導體,下游,IC模組
2451,創見,半導體,下游,IC模組
1434,福懋,半導體,下游,IC模組
3135,凌航,半導體,下游,IC模組
2308,台達電,半導體,下游,IC模組
5222,全訊,半導體,下游,IC模組
8131,福懋科,半導體,下游,IC模組
3054,立萬利,半導體,下游,IC模組
6239,力成,半導體,下游,IC封裝測試
8150,南茂,半導體,下游,IC封裝測試
6271,同欣電,半導體,下游,IC封裝測試
2340,台亞,半導體,下游,IC封裝測試
2337,旺宏,半導體,下游,IC封裝測試
3711,日月光投控,半導體,下游,IC封裝測試
2329,華泰,半導體,下游,IC封裝測試
1434,福懋,半導體,下游,IC封裝測試
1410,南染,半導體,下游,IC封裝測試
8162,微矽電子-創,半導體,下游,IC封裝測試
3450,聯鈞,半導體,下游,IC封裝測試
6257,矽格,半導體,下游,IC封裝測試
8131,福懋科,半導體,下游,IC封裝測試
2441,超豐,半導體,下游,IC封裝測試
2369,菱生,半導體,下游,IC封裝測試
8110,華東,半導體,下游,IC封裝測試
2449,京元電子,半導體,下游,IC封裝測試
2486,一詮,半導體,下游,導線架
2483,百容,半導體,下游,導線架
8070,長華*,半導體,下游,導線架
5285,界霖,半導體,下游,導線架
2351,順德,半導體,下游,導線架
3653,健策,半導體,下游,導線架
6271,同欣電,半導體,下游,基板
3189,景碩,半導體,下游,基板
4938,和碩,半導體,下游,基板
2459,敦吉,半導體,下游,基板
6552,易華電,半導體,下游,基板
8070,長華*,半導體,下游,基板
7822,倍利科,半導體,下游,生產製程及檢測設備(下游)
7730,暉盛-創,半導體,下游,生產製程及檢測設備(下游)
6277,宏正,半導體,下游,生產製程及檢測設備(下游)
8070,長華*,半導體,下游,生產製程及檢測設備(下游)
3583,辛耘,半導體,下游,生產製程及檢測設備(下游)
4770,上品,半導體,下游,生產製程及檢測設備(下游)
6438,迅得,半導體,下游,生產製程及檢測設備(下游)
2467,志聖,半導體,下游,生產製程及檢測設備(下游)
3055,蔚華科,半導體,下游,生產製程及檢測設備(下游)
2308,台達電,半導體,下游,生產製程及檢測設備(下游)
3030,德律,半導體,下游,生產製程及檢測設備(下游)
2360,致茂,半導體,下游,生產製程及檢測設備(下游)
6515,穎崴,半導體,下游,生產製程及檢測設備(下游)
2395,研華,運動科技,上游,軟體開發
2340,台亞,運動科技,上游,感測裝置
2459,敦吉,運動科技,上游,感測裝置
2459,敦吉,運動科技,上游,裝置/器材零組件
2459,敦吉,運動科技,上游,裝置/器材顯示器
2498,宏達電,運動科技,中游,數位內容
2324,仁寶,運動科技,中游,穿戴式裝置
3481,群創,運動科技,中游,穿戴式裝置
2498,宏達電,運動科技,中游,穿戴式裝置
2382,廣達,運動科技,中游,穿戴式裝置
2357,華碩,運動科技,中游,穿戴式裝置
2392,正崴,運動科技,中游,穿戴式裝置
2106,建大,運動科技,中游,運動用品
1598,岱宇,運動科技,中游,健身器材
1736,喬山,運動科技,中游,健身器材
2324,仁寶,運動科技,下游,健身平台/APP
6405,悅城,平面顯示器,上游,其他零組件
5243,乙盛-KY,平面顯示器,上游,其他零組件
6120,達運,平面顯示器,上游,其他零組件
3023,信邦,平面顯示器,上游,其他零組件
3010,華立,平面顯示器,上游,其他零組件
8215,明基材,平面顯示器,上游,其他零組件
2352,佳世達,平面顯示器,上游,其他零組件
2483,百容,平面顯示器,上游,其他零組件
4938,和碩,平面顯示器,上游,其他零組件
2459,敦吉,平面顯示器,上游,其他零組件
6224,聚鼎,平面顯示器,上游,其他零組件
2476,鉅祥,平面顯示器,上游,其他零組件
4942,嘉彰,平面顯示器,上游,其他零組件
8163,達方,平面顯示器,上游,其他零組件
3679,新至陞,平面顯示器,上游,其他零組件
3419,譁裕,平面顯示器,上游,其他零組件
3051,力特,平面顯示器,上游,其他零組件
6192,巨路,平面顯示器,上游,其他零組件
3311,閎暉,平面顯示器,上游,其他零組件
6282,康舒,平面顯示器,上游,其他零組件
2478,大毅,平面顯示器,上游,其他零組件
3543,州巧,平面顯示器,上游,其他零組件
2308,台達電,平面顯示器,上游,其他零組件
6205,詮欣,平面顯示器,上游,其他零組件
2429,銘旺科,平面顯示器,上游,其他零組件
3504,揚明光,平面顯示器,上游,其他零組件
2392,正崴,平面顯示器,上游,其他零組件
8101,華冠,平面顯示器,上游,其他零組件
4960,誠美材,平面顯示器,上游,其他零組件
2459,敦吉,平面顯示器,上游,驅動IC
8070,長華*,平面顯示器,上游,驅動IC
2371,大同,平面顯示器,上游,背光模組
6120,達運,平面顯示器,上游,背光模組
6278,台表科,平面顯示器,上游,背光模組
6176,瑞儀,平面顯示器,上游,背光模組
1717,長興,平面顯示器,上游,擴散膜、增亮膜、導光板
2371,大同,平面顯示器,上游,擴散膜、增亮膜、導光板
2340,台亞,平面顯示器,上游,擴散膜、增亮膜、導光板
6120,達運,平面顯示器,上游,擴散膜、增亮膜、導光板
8070,長華*,平面顯示器,上游,擴散膜、增亮膜、導光板
4935,茂林-KY,平面顯示器,上游,擴散膜、增亮膜、導光板
3504,揚明光,平面顯示器,上游,稜鏡片
5243,乙盛-KY,平面顯示器,上游,塑膠框
2371,大同,平面顯示器,上游,塑膠框
6120,達運,平面顯示器,上游,塑膠框
6168,宏齊,平面顯示器,上游,背光源(發光二極體、冷陰極管)
3031,佰鴻,平面顯示器,上游,背光源(發光二極體、冷陰極管)
2486,一詮,平面顯示器,上游,背光源(發光二極體、冷陰極管)
2393,億光,平面顯示器,上游,背光源(發光二極體、冷陰極管)
3536,誠創,平面顯示器,上游,背光源(發光二極體、冷陰極管)
8070,長華*,平面顯示器,上游,背光源(發光二極體、冷陰極管)
3090,日電貿,平面顯示器,上游,背光源(發光二極體、冷陰極管)
3437,榮創,平面顯示器,上游,背光源(發光二極體、冷陰極管)
2340,台亞,平面顯示器,上游,ITO導電基板
1717,長興,平面顯示器,上游,化學品(如光阻劑、靶材等)
1773,勝一,平面顯示器,上游,化學品(如光阻劑、靶材等)
3010,華立,平面顯示器,上游,化學品(如光阻劑、靶材等)
5234,達興材料,平面顯示器,上游,化學品(如光阻劑、靶材等)
4720,德淵,平面顯示器,上游,化學品(如光阻劑、靶材等)
4755,三福化,平面顯示器,上游,化學品(如光阻劑、靶材等)
4722,國精化,平面顯示器,上游,化學品(如光阻劑、靶材等)
1711,永光,平面顯示器,上游,化學品(如光阻劑、靶材等)
7730,暉盛-創,平面顯示器,中游,生產製程及檢測設備
6277,宏正,平面顯示器,中游,生產製程及檢測設備
3583,辛耘,平面顯示器,中游,生產製程及檢測設備
4770,上品,平面顯示器,中游,生產製程及檢測設備
6438,迅得,平面顯示器,中游,生產製程及檢測設備
2467,志聖,平面顯示器,中游,生產製程及檢測設備
3535,晶彩科,平面顯示器,中游,生產製程及檢測設備
8374,羅昇,平面顯示器,中游,生產製程及檢測設備
2360,致茂,平面顯示器,中游,生產製程及檢測設備
3024,憶聲,平面顯示器,中游,顯示器模組
8105,凌巨,平面顯示器,中游,顯示器模組
2371,大同,平面顯示器,中游,顯示器模組
3038,全台,平面顯示器,中游,顯示器模組
6120,達運,平面顯示器,中游,顯示器模組
2393,億光,平面顯示器,中游,顯示器模組
3168,眾福科,平面顯示器,中游,顯示器模組
6116,彩晶,平面顯示器,中游,顯示器模組
6278,台表科,平面顯示器,中游,顯示器模組
6189,豐藝,平面顯示器,中游,顯示器模組
6916,華凌,平面顯示器,中游,顯示器模組
8104,錸寶,平面顯示器,中游,顯示器模組
2485,兆赫,平面顯示器,中游,顯示器模組
2409,友達,平面顯示器,中游,面板
8105,凌巨,平面顯示器,中游,面板
2371,大同,平面顯示器,中游,面板
3038,全台,平面顯示器,中游,面板
2459,敦吉,平面顯示器,中游,面板
6116,彩晶,平面顯示器,中游,面板
6278,台表科,平面顯示器,中游,面板
6189,豐藝,平面顯示器,中游,面板
6916,華凌,平面顯示器,中游,面板
3481,群創,平面顯示器,中游,面板
8104,錸寶,平面顯示器,中游,面板
2371,大同,平面顯示器,下游,電視
2324,仁寶,平面顯示器,下游,電視
1614,三洋電,平面顯示器,下游,電視
1604,聲寶,平面顯示器,下游,電視
2489,瑞軒,平面顯示器,下游,電視
3024,憶聲,平面顯示器,下游,監視器/顯示器
2371,大同,平面顯示器,下游,監視器/顯示器
6120,達運,平面顯示器,下游,監視器/顯示器
9912,偉聯,平面顯示器,下游,監視器/顯示器
2352,佳世達,平面顯示器,下游,監視器/顯示器
1614,三洋電,平面顯示器,下游,監視器/顯示器
2489,瑞軒,平面顯示器,下游,監視器/顯示器
2371,大同,平面顯示器,下游,筆記型電腦
6906,現觀科,大數據,基礎資源,儲存處理
2480,敦陽科,大數據,基礎資源,儲存處理
2390,云辰,大數據,基礎資源,儲存處理
3057,喬鼎,大數據,基礎資源,儲存處理
6112,邁達特,大數據,基礎資源,儲存處理
6183,關貿,大數據,基礎資源,儲存處理
2453,凌群,大數據,基礎資源,儲存處理
3029,零壹,大數據,基礎資源,儲存處理
6614,資拓宏宇,大數據,基礎資源,儲存處理
6689,伊雲谷,大數據,基礎資源,儲存處理
2495,普安,大數據,基礎資源,儲存處理
6906,現觀科,大數據,基礎資源,雲端平台
2480,敦陽科,大數據,基礎資源,雲端平台
2390,云辰,大數據,基礎資源,雲端平台
2352,佳世達,大數據,基礎資源,雲端平台
3057,喬鼎,大數據,基礎資源,雲端平台
4904,遠傳,大數據,基礎資源,雲端平台
6112,邁達特,大數據,基礎資源,雲端平台
6183,關貿,大數據,基礎資源,雲端平台
3029,零壹,大數據,基礎資源,雲端平台
6614,資拓宏宇,大數據,基礎資源,雲端平台
6689,伊雲谷,大數據,基礎資源,雲端平台
2495,普安,大數據,基礎資源,雲端平台
2480,敦陽科,大數據,基礎資源,運算元件與設備
2390,云辰,大數據,基礎資源,運算元件與設備
3057,喬鼎,大數據,基礎資源,運算元件與設備
6112,邁達特,大數據,基礎資源,運算元件與設備
6183,關貿,大數據,基礎資源,運算元件與設備
3135,凌航,大數據,基礎資源,運算元件與設備
3029,零壹,大數據,基礎資源,運算元件與設備
2308,台達電,大數據,基礎資源,運算元件與設備
2495,普安,大數據,基礎資源,運算元件與設備
7822,倍利科,大數據,軟體暨工具,應用軟體
6906,現觀科,大數據,軟體暨工具,應用軟體
2480,敦陽科,大數據,軟體暨工具,應用軟體
2390,云辰,大數據,軟體暨工具,應用軟體
2352,佳世達,大數據,軟體暨工具,應用軟體
3057,喬鼎,大數據,軟體暨工具,應用軟體
6112,邁達特,大數據,軟體暨工具,應用軟體
6658,聯策,大數據,軟體暨工具,應用軟體
6183,關貿,大數據,軟體暨工具,應用軟體
2453,凌群,大數據,軟體暨工具,應用軟體
3029,零壹,大數據,軟體暨工具,應用軟體
6614,資拓宏宇,大數據,軟體暨工具,應用軟體
6689,伊雲谷,大數據,軟體暨工具,應用軟體
7822,倍利科,大數據,軟體暨工具,分析工具
6906,現觀科,大數據,軟體暨工具,分析工具
2480,敦陽科,大數據,軟體暨工具,分析工具
2390,云辰,大數據,軟體暨工具,分析工具
3057,喬鼎,大數據,軟體暨工具,分析工具
6112,邁達特,大數據,軟體暨工具,分析工具
6183,關貿,大數據,軟體暨工具,分析工具
2453,凌群,大數據,軟體暨工具,分析工具
3029,零壹,大數據,軟體暨工具,分析工具
6614,資拓宏宇,大數據,軟體暨工具,分析工具
6689,伊雲谷,大數據,軟體暨工具,分析工具
7822,倍利科,大數據,軟體暨工具,資料庫
6906,現觀科,大數據,軟體暨工具,資料庫
2480,敦陽科,大數據,軟體暨工具,資料庫
2390,云辰,大數據,軟體暨工具,資料庫
3057,喬鼎,大數據,軟體暨工具,資料庫
6112,邁達特,大數據,軟體暨工具,資料庫
6183,關貿,大數據,軟體暨工具,資料庫
2453,凌群,大數據,軟體暨工具,資料庫
2471,資通,大數據,軟體暨工具,資料庫
6614,資拓宏宇,大數據,軟體暨工具,資料庫
6689,伊雲谷,大數據,軟體暨工具,資料庫
6906,現觀科,大數據,應用與服務,領域解決方案
2390,云辰,大數據,應用與服務,領域解決方案
2352,佳世達,大數據,應用與服務,領域解決方案
3057,喬鼎,大數據,應用與服務,領域解決方案
6112,邁達特,大數據,應用與服務,領域解決方案
6183,關貿,大數據,應用與服務,領域解決方案
2453,凌群,大數據,應用與服務,領域解決方案
6614,資拓宏宇,大數據,應用與服務,領域解決方案
2308,台達電,大數據,應用與服務,領域解決方案
6689,伊雲谷,大數據,應用與服務,領域解決方案
2480,敦陽科,大數據,應用與服務,顧問諮詢
2390,云辰,大數據,應用與服務,顧問諮詢
3057,喬鼎,大數據,應用與服務,顧問諮詢
6112,邁達特,大數據,應用與服務,顧問諮詢
6183,關貿,大數據,應用與服務,顧問諮詢
2453,凌群,大數據,應用與服務,顧問諮詢
3029,零壹,大數據,應用與服務,顧問諮詢
6614,資拓宏宇,大數據,應用與服務,顧問諮詢
2308,台達電,大數據,應用與服務,顧問諮詢
6689,伊雲谷,大數據,應用與服務,顧問諮詢
2480,敦陽科,大數據,應用與服務,系統整合
2390,云辰,大數據,應用與服務,系統整合
2352,佳世達,大數據,應用與服務,系統整合
3057,喬鼎,大數據,應用與服務,系統整合
6112,邁達特,大數據,應用與服務,系統整合
6658,聯策,大數據,應用與服務,系統整合
6183,關貿,大數據,應用與服務,系統整合
2453,凌群,大數據,應用與服務,系統整合
3029,零壹,大數據,應用與服務,系統整合
2471,資通,大數據,應用與服務,系統整合
6614,資拓宏宇,大數據,應用與服務,系統整合
2308,台達電,大數據,應用與服務,系統整合
6689,伊雲谷,大數據,應用與服務,系統整合
2495,普安,大數據,應用與服務,系統整合
6614,資拓宏宇,體驗科技,,顧問
6614,資拓宏宇,體驗科技,,支援服務
2498,宏達電,體驗科技,,其他
2498,宏達電,體驗科技,,遊戲
2498,宏達電,體驗科技,,地圖
2498,宏達電,體驗科技,,工作流程引導
6614,資拓宏宇,體驗科技,,工作流程引導
2498,宏達電,體驗科技,,會議
2498,宏達電,體驗科技,,培訓
2498,宏達電,體驗科技,,應用軟體/內容
6614,資拓宏宇,體驗科技,,應用軟體/內容
6614,資拓宏宇,體驗科技,,系統整合
6614,資拓宏宇,體驗科技,,資服
2498,宏達電,體驗科技,,技術標準/聯盟
2392,正崴,體驗科技,,ODM/OEM
2392,正崴,體驗科技,,組裝廠
2498,宏達電,體驗科技,,3D工具
2498,宏達電,體驗科技,,內容管理與創建
2498,宏達電,體驗科技,,工作流程創建
2498,宏達電,體驗科技,,軟體開發工具
2498,宏達電,體驗科技,,Qualcomm XR Platform
2498,宏達電,體驗科技,,硬體開發工具
2498,宏達電,體驗科技,,MR Headset & SG
2498,宏達電,體驗科技,,AR Smart Glasses
2498,宏達電,體驗科技,,VR Headset
2498,宏達電,體驗科技,,頭顯裝置品牌廠
2421,建準,體驗科技,,散熱元件/模組
2308,台達電,體驗科技,,電池模組
2308,台達電,體驗科技,,其他
2421,建準,體驗科技,,其他
2340,台亞,體驗科技,,手勢/動作
2301,光寶科,體驗科技,,手勢/動作
2340,台亞,體驗科技,,視覺
6742,澤米,體驗科技,,視覺
2301,光寶科,體驗科技,,視覺
2340,台亞,體驗科技,,使用者感知
2340,台亞,體驗科技,,其他
2340,台亞,體驗科技,,SLAM
2340,台亞,體驗科技,,深度感測
6742,澤米,體驗科技,,深度感測
2301,光寶科,體驗科技,,深度感測
6271,同欣電,體驗科技,,環境感知
2340,台亞,體驗科技,,環境感知
6742,澤米,體驗科技,,環境感知
2301,光寶科,體驗科技,,環境感知
6271,同欣電,體驗科技,,感測器/模組
2340,台亞,體驗科技,,感測器/模組
6742,澤米,體驗科技,,感測器/模組
2301,光寶科,體驗科技,,感測器/模組
2459,敦吉,體驗科技,,微型顯示器/光機引擎(Light Engine)
6742,澤米,體驗科技,,光學元件/模組
2459,敦吉,體驗科技,,光學元件/模組
6742,澤米,體驗科技,,Eye Display)
2459,敦吉,體驗科技,,Eye Display)
1723,中碳,石化及塑橡膠,上游,石化上游原料及相關鑽探設備
6505,台塑化,石化及塑橡膠,上游,石化上游原料及相關鑽探設備
1303,南亞,石化及塑橡膠,上游,石化上游原料及相關鑽探設備
2104,國際中橡,石化及塑橡膠,中游,橡塑膠添加劑
1721,三晃,石化及塑橡膠,中游,橡塑膠添加劑
1725,元禎,石化及塑橡膠,中游,橡塑膠添加劑
4764,雙鍵,石化及塑橡膠,中游,橡塑膠添加劑
1711,永光,石化及塑橡膠,中游,橡塑膠添加劑
1308,亞聚,石化及塑橡膠,中游,工業用合成樹脂
1304,台聚,石化及塑橡膠,中游,工業用合成樹脂
1717,長興,石化及塑橡膠,中游,工業用合成樹脂
1721,三晃,石化及塑橡膠,中游,工業用合成樹脂
1314,中石化,石化及塑橡膠,中游,工業用合成樹脂
5234,達興材料,石化及塑橡膠,中游,工業用合成樹脂
4770,上品,石化及塑橡膠,中游,工業用合成樹脂
1776,展宇,石化及塑橡膠,中游,工業用合成樹脂
1727,中華化,石化及塑橡膠,中游,工業用合成樹脂
1725,元禎,石化及塑橡膠,中游,工業用合成樹脂
4764,雙鍵,石化及塑橡膠,中游,工業用合成樹脂
1735,日勝化,石化及塑橡膠,中游,工業用合成樹脂
1709,和益,石化及塑橡膠,中游,界面活性劑
1714,和桐,石化及塑橡膠,中游,界面活性劑
1727,中華化,石化及塑橡膠,中游,界面活性劑
1725,元禎,石化及塑橡膠,中游,界面活性劑
1326,台化,石化及塑橡膠,中游,PTA(對苯二甲酸)觸媒
1314,中石化,石化及塑橡膠,中游,PTA(對苯二甲酸)觸媒
1402,遠東新,石化及塑橡膠,中游,PTA(對苯二甲酸)觸媒
4739,康普,石化及塑橡膠,中游,PTA(對苯二甲酸)觸媒
1727,中華化,石化及塑橡膠,中游,PTA(對苯二甲酸)觸媒
1725,元禎,石化及塑橡膠,中游,PTA(對苯二甲酸)觸媒
1308,亞聚,石化及塑橡膠,中游,石化中間原料(例如乙烯、丙烯、丁二烯、苯、酚等)
1304,台聚,石化及塑橡膠,中游,石化中間原料(例如乙烯、丙烯、丁二烯、苯、酚等)
1717,長興,石化及塑橡膠,中游,石化中間原料(例如乙烯、丙烯、丁二烯、苯、酚等)
2104,國際中橡,石化及塑橡膠,中游,石化中間原料(例如乙烯、丙烯、丁二烯、苯、酚等)
1721,三晃,石化及塑橡膠,中游,石化中間原料(例如乙烯、丙烯、丁二烯、苯、酚等)
1326,台化,石化及塑橡膠,中游,石化中間原料(例如乙烯、丙烯、丁二烯、苯、酚等)
1314,中石化,石化及塑橡膠,中游,石化中間原料(例如乙烯、丙烯、丁二烯、苯、酚等)
5234,達興材料,石化及塑橡膠,中游,石化中間原料(例如乙烯、丙烯、丁二烯、苯、酚等)
4770,上品,石化及塑橡膠,中游,石化中間原料(例如乙烯、丙烯、丁二烯、苯、酚等)
1709,和益,石化及塑橡膠,中游,石化中間原料(例如乙烯、丙烯、丁二烯、苯、酚等)
1714,和桐,石化及塑橡膠,中游,石化中間原料(例如乙烯、丙烯、丁二烯、苯、酚等)
1402,遠東新,石化及塑橡膠,中游,石化中間原料(例如乙烯、丙烯、丁二烯、苯、酚等)
1776,展宇,石化及塑橡膠,中游,石化中間原料(例如乙烯、丙烯、丁二烯、苯、酚等)
4739,康普,石化及塑橡膠,中游,石化中間原料(例如乙烯、丙烯、丁二烯、苯、酚等)
1727,中華化,石化及塑橡膠,中游,石化中間原料(例如乙烯、丙烯、丁二烯、苯、酚等)
1725,元禎,石化及塑橡膠,中游,石化中間原料(例如乙烯、丙烯、丁二烯、苯、酚等)
4764,雙鍵,石化及塑橡膠,中游,石化中間原料(例如乙烯、丙烯、丁二烯、苯、酚等)
1711,永光,石化及塑橡膠,中游,石化中間原料(例如乙烯、丙烯、丁二烯、苯、酚等)
1735,日勝化,石化及塑橡膠,中游,石化中間原料(例如乙烯、丙烯、丁二烯、苯、酚等)
1760,寶齡富錦,石化及塑橡膠,下游,化妝品
9919,康那香,石化及塑橡膠,下游,化妝品
1737,臺鹽,石化及塑橡膠,下游,化妝品
6504,南六,石化及塑橡膠,下游,化妝品
6534,正瀚-創,石化及塑橡膠,下游,農藥
1712,興農,石化及塑橡膠,下游,農藥
1313,聯成,石化及塑橡膠,下游,塑化劑(可塑劑)
1717,長興,石化及塑橡膠,下游,接著劑(合成樹脂)
1773,勝一,石化及塑橡膠,下游,接著劑(合成樹脂)
1721,三晃,石化及塑橡膠,下游,接著劑(合成樹脂)
5234,達興材料,石化及塑橡膠,下游,接著劑(合成樹脂)
4720,德淵,石化及塑橡膠,下游,接著劑(合成樹脂)
1776,展宇,石化及塑橡膠,下游,接著劑(合成樹脂)
4766,南寶,石化及塑橡膠,下游,接著劑(合成樹脂)
4739,康普,石化及塑橡膠,下游,接著劑(合成樹脂)
1711,永光,石化及塑橡膠,下游,接著劑(合成樹脂)
1735,日勝化,石化及塑橡膠,下游,接著劑(合成樹脂)
1711,永光,石化及塑橡膠,下游,顏染料
1326,台化,石化及塑橡膠,下游,人造纖維
1409,新纖,石化及塑橡膠,下游,人造纖維
1301,台塑,石化及塑橡膠,下游,人造纖維
1303,南亞,石化及塑橡膠,下游,人造纖維
9919,康那香,石化及塑橡膠,下游,清潔用品
1731,美吾華,石化及塑橡膠,下游,清潔用品
1730,花仙子,石化及塑橡膠,下游,清潔用品
1732,毛寶,石化及塑橡膠,下游,清潔用品
6504,南六,石化及塑橡膠,下游,清潔用品
2102,泰豐,石化及塑橡膠,下游,橡膠製品
6582,申豐,石化及塑橡膠,下游,橡膠製品
2106,建大,石化及塑橡膠,下游,橡膠製品
2107,厚生,石化及塑橡膠,下游,橡膠製品
2114,鑫永銓,石化及塑橡膠,下游,橡膠製品
2109,華豐,石化及塑橡膠,下游,橡膠製品
2105,正新,石化及塑橡膠,下游,橡膠製品
2115,六暉-KY,石化及塑橡膠,下游,橡膠製品
2108,南帝,石化及塑橡膠,下游,橡膠製品
2103,台橡,石化及塑橡膠,下游,橡膠製品
3311,閎暉,石化及塑橡膠,下游,橡膠製品
1309,台達化,石化及塑橡膠,下游,塑膠製品
1323,永裕,石化及塑橡膠,下游,塑膠製品
1305,華夏,石化及塑橡膠,下游,塑膠製品
1324,地球,石化及塑橡膠,下游,塑膠製品
1310,台苯,石化及塑橡膠,下游,塑膠製品
1337,再生-KY,石化及塑橡膠,下游,塑膠製品
1321,大洋,石化及塑橡膠,下游,塑膠製品
1339,昭輝,石化及塑橡膠,下游,塑膠製品
1315,達新,石化及塑橡膠,下游,塑膠製品
1730,花仙子,石化及塑橡膠,下游,塑膠製品
1325,恆大,石化及塑橡膠,下游,塑膠製品
1340,勝悅-KY,石化及塑橡膠,下游,塑膠製品
4306,炎洲,石化及塑橡膠,下游,塑膠製品
1312,國喬,石化及塑橡膠,下游,塑膠製品
1326,台化,石化及塑橡膠,下游,塑膠製品
9939,宏全,石化及塑橡膠,下游,塑膠製品
1434,福懋,石化及塑橡膠,下游,塑膠製品
1410,南染,石化及塑橡膠,下游,塑膠製品
1316,上曜,石化及塑橡膠,下游,塑膠製品
1712,興農,石化及塑橡膠,下游,塑膠製品
1301,台塑,石化及塑橡膠,下游,塑膠製品
1402,遠東新,石化及塑橡膠,下游,塑膠製品
1776,展宇,石化及塑橡膠,下游,塑膠製品
3311,閎暉,石化及塑橡膠,下游,塑膠製品
4935,茂林-KY,石化及塑橡膠,下游,塑膠製品
1319,東陽,石化及塑橡膠,下游,塑膠製品
6235,華孚,石化及塑橡膠,下游,塑膠製品
6585,鼎基,石化及塑橡膠,下游,塑膠製品
1307,三芳,石化及塑橡膠,下游,塑膠製品
2351,順德,石化及塑橡膠,下游,塑膠製品
1735,日勝化,石化及塑橡膠,下游,塑膠製品
2371,大同,LED照明產業,上游,藍寶石晶圓/晶片
3383,新世紀,LED照明產業,上游,藍寶石晶圓/晶片
6278,台表科,LED照明產業,上游,藍寶石晶圓/晶片
2491,吉祥全,LED照明產業,上游,藍寶石晶圓/晶片
3714,富采,LED照明產業,中游,光源/磊晶
4956,光鋐,LED照明產業,中游,光源/磊晶
6271,同欣電,LED照明產業,中游,光源/磊晶
2340,台亞,LED照明產業,中游,光源/磊晶
6289,華上,LED照明產業,中游,光源/磊晶
3383,新世紀,LED照明產業,中游,光源/磊晶
6278,台表科,LED照明產業,中游,光源/磊晶
2491,吉祥全,LED照明產業,中游,光源/磊晶
2426,鼎元,LED照明產業,中游,生產製程、檢測設備及原物料
6706,惠特,LED照明產業,中游,生產製程、檢測設備及原物料
5434,崇越,LED照明產業,中游,生產製程、檢測設備及原物料
6271,同欣電,LED照明產業,中游,生產製程、檢測設備及原物料
6277,宏正,LED照明產業,中游,生產製程、檢測設備及原物料
2459,敦吉,LED照明產業,中游,生產製程、檢測設備及原物料
6224,聚鼎,LED照明產業,中游,生產製程、檢測設備及原物料
8070,長華*,LED照明產業,中游,生產製程、檢測設備及原物料
3583,辛耘,LED照明產業,中游,生產製程、檢測設備及原物料
6278,台表科,LED照明產業,中游,生產製程、檢測設備及原物料
4755,三福化,LED照明產業,中游,生產製程、檢測設備及原物料
2491,吉祥全,LED照明產業,中游,生產製程、檢測設備及原物料
8374,羅昇,LED照明產業,中游,生產製程、檢測設備及原物料
2360,致茂,LED照明產業,中游,生產製程、檢測設備及原物料
7795,長廣,LED照明產業,中游,生產製程、檢測設備及原物料
2426,鼎元,LED照明產業,下游,燈具/應用
3591,艾笛森,LED照明產業,下游,燈具/應用
3031,佰鴻,LED照明產業,下游,燈具/應用
6288,聯嘉,LED照明產業,下游,燈具/應用
2393,億光,LED照明產業,下游,燈具/應用
3023,信邦,LED照明產業,下游,燈具/應用
6412,群電,LED照明產業,下游,燈具/應用
2390,云辰,LED照明產業,下游,燈具/應用
1538,正峰,LED照明產業,下游,燈具/應用
2483,百容,LED照明產業,下游,燈具/應用
6224,聚鼎,LED照明產業,下游,燈具/應用
3413,京鼎,LED照明產業,下游,燈具/應用
3346,麗清,LED照明產業,下游,燈具/應用
8070,長華*,LED照明產業,下游,燈具/應用
1611,中電,LED照明產業,下游,燈具/應用
6278,台表科,LED照明產業,下游,燈具/應用
3015,全漢,LED照明產業,下游,燈具/應用
3406,玉晶光,LED照明產業,下游,燈具/應用
6164,華興,LED照明產業,下游,燈具/應用
2301,光寶科,LED照明產業,下游,燈具/應用
4935,茂林-KY,LED照明產業,下游,燈具/應用
2491,吉祥全,LED照明產業,下游,燈具/應用
3026,禾伸堂,LED照明產業,下游,燈具/應用
2308,台達電,LED照明產業,下游,燈具/應用
2438,翔耀,LED照明產業,下游,燈具/應用
6226,光鼎,LED照明產業,下游,燈具/應用
6168,宏齊,LED照明產業,下游,封裝/模組
3714,富采,LED照明產業,下游,封裝/模組
3591,艾笛森,LED照明產業,下游,封裝/模組
5244,弘凱,LED照明產業,下游,封裝/模組
3031,佰鴻,LED照明產業,下游,封裝/模組
5434,崇越,LED照明產業,下游,封裝/模組
6288,聯嘉,LED照明產業,下游,封裝/模組
2371,大同,LED照明產業,下游,封裝/模組
6271,同欣電,LED照明產業,下游,封裝/模組
2393,億光,LED照明產業,下游,封裝/模組
3383,新世紀,LED照明產業,下游,封裝/模組
3052,夆典,LED照明產業,下游,封裝/模組
3346,麗清,LED照明產業,下游,封裝/模組
6278,台表科,LED照明產業,下游,封裝/模組
6164,華興,LED照明產業,下游,封裝/模組
2301,光寶科,LED照明產業,下游,封裝/模組
2491,吉祥全,LED照明產業,下游,封裝/模組
3026,禾伸堂,LED照明產業,下游,封裝/模組
1809,中釉,LED照明產業,下游,封裝/模組
6226,光鼎,LED照明產業,下游,封裝/模組
3437,榮創,LED照明產業,下游,封裝/模組
2371,大同,智慧電網,中游電網暨裝置設置,低壓AMI
4588,玖鼎電力,智慧電網,中游電網暨裝置設置,低壓AMI
1513,中興電,智慧電網,中游電網暨裝置設置,低壓AMI
3622,洋華,智慧電網,中游電網暨裝置設置,低壓AMI
6278,台表科,智慧電網,中游電網暨裝置設置,低壓AMI
2371,大同,智慧電網,中游電網暨裝置設置,高壓AMI
1513,中興電,智慧電網,中游電網暨裝置設置,高壓AMI
3622,洋華,智慧電網,中游電網暨裝置設置,高壓AMI
6278,台表科,智慧電網,中游電網暨裝置設置,高壓AMI
3622,洋華,智慧電網,中游電網暨裝置設置,電網維運
6278,台表科,智慧電網,中游電網暨裝置設置,電網維運
3622,洋華,智慧電網,中游電網暨裝置設置,電網營造
6278,台表科,智慧電網,中游電網暨裝置設置,電網營造
1519,華城,智慧電網,中游電網暨裝置設置,電網營造
2459,敦吉,智慧電網,中游電網暨裝置設置,配電管理設施
1513,中興電,智慧電網,中游電網暨裝置設置,配電管理設施
3622,洋華,智慧電網,中游電網暨裝置設置,配電管理設施
6278,台表科,智慧電網,中游電網暨裝置設置,配電管理設施
2301,光寶科,智慧電網,中游電網暨裝置設置,配電管理設施
1519,華城,智慧電網,中游電網暨裝置設置,配電管理設施
6282,康舒,智慧電網,中游電網暨裝置設置,配電管理設施
2308,台達電,智慧電網,中游電網暨裝置設置,配電管理設施
2360,致茂,智慧電網,中游電網暨裝置設置,配電管理設施
2459,敦吉,智慧電網,中游電網暨裝置設置,高/低壓輸電設施
1609,大亞,智慧電網,中游電網暨裝置設置,高/低壓輸電設施
1612,宏泰,智慧電網,中游電網暨裝置設置,高/低壓輸電設施
1513,中興電,智慧電網,中游電網暨裝置設置,高/低壓輸電設施
3622,洋華,智慧電網,中游電網暨裝置設置,高/低壓輸電設施
6278,台表科,智慧電網,中游電網暨裝置設置,高/低壓輸電設施
1603,華電,智慧電網,中游電網暨裝置設置,高/低壓輸電設施
1615,大山,智慧電網,中游電網暨裝置設置,高/低壓輸電設施
1519,華城,智慧電網,中游電網暨裝置設置,高/低壓輸電設施
1618,合機,智慧電網,中游電網暨裝置設置,高/低壓輸電設施
1623,大東電,智慧電網,中游電網暨裝置設置,高/低壓輸電設施
1605,華新,智慧電網,中游電網暨裝置設置,高/低壓輸電設施
6282,康舒,智慧電網,中游電網暨裝置設置,高/低壓輸電設施
2308,台達電,智慧電網,中游電網暨裝置設置,高/低壓輸電設施
2360,致茂,智慧電網,中游電網暨裝置設置,高/低壓輸電設施
8926,台汽電,智慧電網,下游應用服務,電力零售業
3622,洋華,智慧電網,下游應用服務,電力零售業
6278,台表科,智慧電網,下游應用服務,電力零售業
6873,泓德能源,智慧電網,下游應用服務,電力零售業
8374,羅昇,智慧電網,下游應用服務,電力零售業
6869,雲豹能源,智慧電網,下游應用服務,電力零售業
6994,富威電力,智慧電網,下游應用服務,電力零售業
9917,中保科,智慧電網,下游應用服務,系統整合服務
2412,中華電,智慧電網,下游應用服務,系統整合服務
4588,玖鼎電力,智慧電網,下游應用服務,系統整合服務
1513,中興電,智慧電網,下游應用服務,系統整合服務
3622,洋華,智慧電網,下游應用服務,系統整合服務
6278,台表科,智慧電網,下游應用服務,系統整合服務
6873,泓德能源,智慧電網,下游應用服務,系統整合服務
2395,研華,智慧電網,下游應用服務,系統整合服務
6614,資拓宏宇,智慧電網,下游應用服務,系統整合服務
7740,熙特爾-創,智慧電網,下游應用服務,系統整合服務
2308,台達電,智慧電網,下游應用服務,系統整合服務
8374,羅昇,智慧電網,下游應用服務,系統整合服務
6869,雲豹能源,智慧電網,下游應用服務,系統整合服務
6994,富威電力,智慧電網,下游應用服務,系統整合服務
2371,大同,智慧電網,下游應用服務,能源管理服務
2412,中華電,智慧電網,下游應用服務,能源管理服務
2352,佳世達,智慧電網,下游應用服務,能源管理服務
4588,玖鼎電力,智慧電網,下游應用服務,能源管理服務
1513,中興電,智慧電網,下游應用服務,能源管理服務
3622,洋華,智慧電網,下游應用服務,能源管理服務
6278,台表科,智慧電網,下游應用服務,能源管理服務
6873,泓德能源,智慧電網,下游應用服務,能源管理服務
6614,資拓宏宇,智慧電網,下游應用服務,能源管理服務
7740,熙特爾-創,智慧電網,下游應用服務,能源管理服務
2308,台達電,智慧電網,下游應用服務,能源管理服務
8374,羅昇,智慧電網,下游應用服務,能源管理服務
6869,雲豹能源,智慧電網,下游應用服務,能源管理服務
6994,富威電力,智慧電網,下游應用服務,能源管理服務
9917,中保科,資通訊安全,資安服務,資安顧問服務
2480,敦陽科,資通訊安全,資安服務,資安顧問服務
6112,邁達特,資通訊安全,資安服務,資安顧問服務
6183,關貿,資通訊安全,資安服務,資安顧問服務
2453,凌群,資通訊安全,資安服務,資安顧問服務
3029,零壹,資通訊安全,資安服務,資安顧問服務
6614,資拓宏宇,資通訊安全,資安服務,資安顧問服務
7765,中華資安,資通訊安全,資安服務,資安顧問服務
6689,伊雲谷,資通訊安全,資安服務,資安顧問服務
9917,中保科,資通訊安全,資安服務,資安營運管理服務
2352,佳世達,資通訊安全,資安服務,資安營運管理服務
6112,邁達特,資通訊安全,資安服務,資安營運管理服務
6183,關貿,資通訊安全,資安服務,資安營運管理服務
3029,零壹,資通訊安全,資安服務,資安營運管理服務
7765,中華資安,資通訊安全,資安服務,資安營運管理服務
9917,中保科,資通訊安全,資安服務,資安防護能力分析與鑑識服務
2480,敦陽科,資通訊安全,資安服務,資安防護能力分析與鑑識服務
6112,邁達特,資通訊安全,資安服務,資安防護能力分析與鑑識服務
6183,關貿,資通訊安全,資安服務,資安防護能力分析與鑑識服務
3029,零壹,資通訊安全,資安服務,資安防護能力分析與鑑識服務
6614,資拓宏宇,資通訊安全,資安服務,資安防護能力分析與鑑識服務
7765,中華資安,資通訊安全,資安服務,資安防護能力分析與鑑識服務
2480,敦陽科,資通訊安全,資安產品,行動安全
6112,邁達特,資通訊安全,資安產品,行動安全
6183,關貿,資通訊安全,資安產品,行動安全
3704,合勤控,資通訊安全,資安產品,行動安全
3029,零壹,資通訊安全,資安產品,行動安全
7765,中華資安,資通訊安全,資安產品,行動安全
2480,敦陽科,資通訊安全,資安產品,身分認證與訪問管理
6112,邁達特,資通訊安全,資安產品,身分認證與訪問管理
6183,關貿,資通訊安全,資安產品,身分認證與訪問管理
3029,零壹,資通訊安全,資安產品,身分認證與訪問管理
6614,資拓宏宇,資通訊安全,資安產品,身分認證與訪問管理
7765,中華資安,資通訊安全,資安產品,身分認證與訪問管理
9917,中保科,資通訊安全,資安產品,端點安全防護
2480,敦陽科,資通訊安全,資安產品,端點安全防護
6112,邁達特,資通訊安全,資安產品,端點安全防護
6183,關貿,資通訊安全,資安產品,端點安全防護
3029,零壹,資通訊安全,資安產品,端點安全防護
2471,資通,資通訊安全,資安產品,端點安全防護
7765,中華資安,資通訊安全,資安產品,端點安全防護
9917,中保科,資通訊安全,資安產品,物聯網安全
2480,敦陽科,資通訊安全,資安產品,物聯網安全
6112,邁達特,資通訊安全,資安產品,物聯網安全
6183,關貿,資通訊安全,資安產品,物聯網安全
3029,零壹,資通訊安全,資安產品,物聯網安全
7765,中華資安,資通訊安全,資安產品,物聯網安全
9917,中保科,資通訊安全,資安產品,網路安全防護
2480,敦陽科,資通訊安全,資安產品,網路安全防護
6277,宏正,資通訊安全,資安產品,網路安全防護
6112,邁達特,資通訊安全,資安產品,網路安全防護
6183,關貿,資通訊安全,資安產品,網路安全防護
3704,合勤控,資通訊安全,資安產品,網路安全防護
3029,零壹,資通訊安全,資安產品,網路安全防護
6614,資拓宏宇,資通訊安全,資安產品,網路安全防護
7765,中華資安,資通訊安全,資安產品,網路安全防護
9917,中保科,資通訊安全,資安產品,網路基礎設施
2480,敦陽科,資通訊安全,資安產品,網路基礎設施
2352,佳世達,資通訊安全,資安產品,網路基礎設施
6112,邁達特,資通訊安全,資安產品,網路基礎設施
6183,關貿,資通訊安全,資安產品,網路基礎設施
2397,友通,資通訊安全,資安產品,網路基礎設施
3704,合勤控,資通訊安全,資安產品,網路基礎設施
3029,零壹,資通訊安全,資安產品,網路基礎設施
6614,資拓宏宇,資通訊安全,資安產品,網路基礎設施
7765,中華資安,資通訊安全,資安產品,網路基礎設施
2480,敦陽科,資通訊安全,資安產品,雲端安全
6112,邁達特,資通訊安全,資安產品,雲端安全
6183,關貿,資通訊安全,資安產品,雲端安全
3029,零壹,資通訊安全,資安產品,雲端安全
6614,資拓宏宇,資通訊安全,資安產品,雲端安全
7765,中華資安,資通訊安全,資安產品,雲端安全
6689,伊雲谷,資通訊安全,資安產品,雲端安全
2480,敦陽科,資通訊安全,資安產品,網頁內容安全
6112,邁達特,資通訊安全,資安產品,網頁內容安全
6183,關貿,資通訊安全,資安產品,網頁內容安全
3029,零壹,資通訊安全,資安產品,網頁內容安全
7765,中華資安,資通訊安全,資安產品,網頁內容安全
6689,伊雲谷,資通訊安全,資安產品,網頁內容安全
2480,敦陽科,資通訊安全,資安產品,資料安全
6112,邁達特,資通訊安全,資安產品,資料安全
6183,關貿,資通訊安全,資安產品,資料安全
3029,零壹,資通訊安全,資安產品,資料安全
2471,資通,資通訊安全,資安產品,資料安全
7765,中華資安,資通訊安全,資安產品,資料安全
6689,伊雲谷,資通訊安全,資安產品,資料安全
2480,敦陽科,資通訊安全,資安產品,資安治理
6112,邁達特,資通訊安全,資安產品,資安治理
6183,關貿,資通訊安全,資安產品,資安治理
7765,中華資安,資通訊安全,資安產品,資安治理
2480,敦陽科,資通訊安全,資安產品,安全營運與事件回應
6112,邁達特,資通訊安全,資安產品,安全營運與事件回應
6183,關貿,資通訊安全,資安產品,安全營運與事件回應
3029,零壹,資通訊安全,資安產品,安全營運與事件回應
7765,中華資安,資通訊安全,資安產品,安全營運與事件回應
6426,統新,通信網路,上游,其他零組件
3665,貿聯-KY,通信網路,上游,其他零組件
2459,敦吉,通信網路,上游,其他零組件
3058,立德,通信網路,上游,其他零組件
6743,安普新,通信網路,上游,其他零組件
4545,銘鈺,通信網路,上游,其他零組件
6792,詠業,通信網路,上游,其他零組件
3138,耀登,通信網路,上游,其他零組件
3023,信邦,通信網路,上游,線材
3665,貿聯-KY,通信網路,上游,線材
1617,榮星,通信網路,上游,線材
2459,敦吉,通信網路,上游,線材
3011,今皓,通信網路,上游,線材
6192,巨路,通信網路,上游,線材
1615,大山,通信網路,上游,線材
1618,合機,通信網路,上游,線材
8011,台通,通信網路,上游,線材
6205,詮欣,通信網路,上游,線材
6197,佳必琪,通信網路,上游,線材
2392,正崴,通信網路,上游,線材
3607,谷崧,通信網路,上游,塑膠/金屬機殼
2459,敦吉,通信網路,上游,塑膠/金屬機殼
5284,jpp-KY,通信網路,上游,塑膠/金屬機殼
2476,鉅祥,通信網路,上游,塑膠/金屬機殼
2466,冠西電,通信網路,上游,主/被動元件
2459,敦吉,通信網路,上游,主/被動元件
2476,鉅祥,通信網路,上游,主/被動元件
6792,詠業,通信網路,上游,主/被動元件
8011,台通,通信網路,上游,主/被動元件
3026,禾伸堂,通信網路,上游,主/被動元件
3450,聯鈞,通信網路,上游,主/被動元件
2478,大毅,通信網路,上游,主/被動元件
2344,華邦電,通信網路,上游,記憶體
2408,南亞科,通信網路,上游,記憶體
2459,敦吉,通信網路,上游,網路IC
6136,富爾特,通信網路,下游,電信服務業
3682,亞太電,通信網路,下游,電信服務業
3045,台灣大,通信網路,下游,電信服務業
2412,中華電,通信網路,下游,電信服務業
4904,遠傳,通信網路,下游,電信服務業
2371,大同,通信網路,下游,有線通訊設備(如電話機、傳真機)
2321,東訊,通信網路,下游,有線通訊設備(如電話機、傳真機)
2483,百容,通信網路,下游,有線通訊設備(如電話機、傳真機)
1614,三洋電,通信網路,下游,有線通訊設備(如電話機、傳真機)
3704,合勤控,通信網路,下游,有線通訊設備(如電話機、傳真機)
6152,百一,通信網路,下游,無線通訊設備(如行動電話、衛星定位系統、衛星通訊設備、微波通訊設備、數位機上盒)
6285,啟碁,通信網路,下游,無線通訊設備(如行動電話、衛星定位系統、衛星通訊設備、微波通訊設備、數位機上盒)
2352,佳世達,通信網路,下游,無線通訊設備(如行動電話、衛星定位系統、衛星通訊設備、微波通訊設備、數位機上盒)
2321,東訊,通信網路,下游,無線通訊設備(如行動電話、衛星定位系統、衛星通訊設備、微波通訊設備、數位機上盒)
2324,仁寶,通信網路,下游,無線通訊設備(如行動電話、衛星定位系統、衛星通訊設備、微波通訊設備、數位機上盒)
2483,百容,通信網路,下游,無線通訊設備(如行動電話、衛星定位系統、衛星通訊設備、微波通訊設備、數位機上盒)
4938,和碩,通信網路,下游,無線通訊設備(如行動電話、衛星定位系統、衛星通訊設備、微波通訊設備、數位機上盒)
2424,隴華,通信網路,下游,無線通訊設備(如行動電話、衛星定位系統、衛星通訊設備、微波通訊設備、數位機上盒)
2450,神腦,通信網路,下游,無線通訊設備(如行動電話、衛星定位系統、衛星通訊設備、微波通訊設備、數位機上盒)
3419,譁裕,通信網路,下游,無線通訊設備(如行動電話、衛星定位系統、衛星通訊設備、微波通訊設備、數位機上盒)
4904,遠傳,通信網路,下游,無線通訊設備(如行動電話、衛星定位系統、衛星通訊設備、微波通訊設備、數位機上盒)
2312,金寶,通信網路,下游,無線通訊設備(如行動電話、衛星定位系統、衛星通訊設備、微波通訊設備、數位機上盒)
2301,光寶科,通信網路,下游,無線通訊設備(如行動電話、衛星定位系統、衛星通訊設備、微波通訊設備、數位機上盒)
2498,宏達電,通信網路,下游,無線通訊設備(如行動電話、衛星定位系統、衛星通訊設備、微波通訊設備、數位機上盒)
2439,美律,通信網路,下游,無線通訊設備(如行動電話、衛星定位系統、衛星通訊設備、微波通訊設備、數位機上盒)
3704,合勤控,通信網路,下游,無線通訊設備(如行動電話、衛星定位系統、衛星通訊設備、微波通訊設備、數位機上盒)
6792,詠業,通信網路,下游,無線通訊設備(如行動電話、衛星定位系統、衛星通訊設備、微波通訊設備、數位機上盒)
2317,鴻海,通信網路,下游,無線通訊設備(如行動電話、衛星定位系統、衛星通訊設備、微波通訊設備、數位機上盒)
2357,華碩,通信網路,下游,無線通訊設備(如行動電話、衛星定位系統、衛星通訊設備、微波通訊設備、數位機上盒)
3706,神達,通信網路,下游,無線通訊設備(如行動電話、衛星定位系統、衛星通訊設備、微波通訊設備、數位機上盒)
3027,盛達,通信網路,下游,無線通訊設備(如行動電話、衛星定位系統、衛星通訊設備、微波通訊設備、數位機上盒)
2308,台達電,通信網路,下游,無線通訊設備(如行動電話、衛星定位系統、衛星通訊設備、微波通訊設備、數位機上盒)
2485,兆赫,通信網路,下游,無線通訊設備(如行動電話、衛星定位系統、衛星通訊設備、微波通訊設備、數位機上盒)
3062,建漢,通信網路,下游,無線通訊設備(如行動電話、衛星定位系統、衛星通訊設備、微波通訊設備、數位機上盒)
8101,華冠,通信網路,下游,無線通訊設備(如行動電話、衛星定位系統、衛星通訊設備、微波通訊設備、數位機上盒)
2314,台揚,通信網路,下游,無線通訊設備(如行動電話、衛星定位系統、衛星通訊設備、微波通訊設備、數位機上盒)
3669,圓展,通信網路,下游,光通訊設備(如光纖電纜、光傳輸設備)
2352,佳世達,通信網路,下游,光通訊設備(如光纖電纜、光傳輸設備)
2321,東訊,通信網路,下游,光通訊設備(如光纖電纜、光傳輸設備)
6277,宏正,通信網路,下游,光通訊設備(如光纖電纜、光傳輸設備)
2483,百容,通信網路,下游,光通訊設備(如光纖電纜、光傳輸設備)
6442,光聖,通信網路,下游,光通訊設備(如光纖電纜、光傳輸設備)
1608,華榮,通信網路,下游,光通訊設備(如光纖電纜、光傳輸設備)
1618,合機,通信網路,下游,光通訊設備(如光纖電纜、光傳輸設備)
3704,合勤控,通信網路,下游,光通訊設備(如光纖電纜、光傳輸設備)
8011,台通,通信網路,下游,光通訊設備(如光纖電纜、光傳輸設備)
4977,眾達-KY,通信網路,下游,光通訊設備(如光纖電纜、光傳輸設備)
8045,達運光電,通信網路,下游,光通訊設備(如光纖電纜、光傳輸設備)
3027,盛達,通信網路,下游,光通訊設備(如光纖電纜、光傳輸設備)
2308,台達電,通信網路,下游,光通訊設備(如光纖電纜、光傳輸設備)
2413,環科,通信網路,下游,光通訊設備(如光纖電纜、光傳輸設備)
2485,兆赫,通信網路,下游,光通訊設備(如光纖電纜、光傳輸設備)
5388,中磊,通信網路,下游,網路設備(如數據機、網路卡、閘道器、路由器、網路電話)
6152,百一,通信網路,下游,網路設備(如數據機、網路卡、閘道器、路由器、網路電話)
2371,大同,通信網路,下游,網路設備(如數據機、網路卡、閘道器、路由器、網路電話)
6674,鋐寶科技,通信網路,下游,網路設備(如數據機、網路卡、閘道器、路由器、網路電話)
6285,啟碁,通信網路,下游,網路設備(如數據機、網路卡、閘道器、路由器、網路電話)
6172,互億,通信網路,下游,網路設備(如數據機、網路卡、閘道器、路由器、網路電話)
2352,佳世達,通信網路,下游,網路設備(如數據機、網路卡、閘道器、路由器、網路電話)
6277,宏正,通信網路,下游,網路設備(如數據機、網路卡、閘道器、路由器、網路電話)
2324,仁寶,通信網路,下游,網路設備(如數據機、網路卡、閘道器、路由器、網路電話)
2483,百容,通信網路,下游,網路設備(如數據機、網路卡、閘道器、路由器、網路電話)
4938,和碩,通信網路,下游,網路設備(如數據機、網路卡、閘道器、路由器、網路電話)
6216,居易,通信網路,下游,網路設備(如數據機、網路卡、閘道器、路由器、網路電話)
4906,正文,通信網路,下游,網路設備(如數據機、網路卡、閘道器、路由器、網路電話)
3419,譁裕,通信網路,下游,網路設備(如數據機、網路卡、閘道器、路由器、網路電話)
3596,智易,通信網路,下游,網路設備(如數據機、網路卡、閘道器、路由器、網路電話)
2397,友通,通信網路,下游,網路設備(如數據機、網路卡、閘道器、路由器、網路電話)
2332,友訊,通信網路,下游,網路設備(如數據機、網路卡、閘道器、路由器、網路電話)
6142,友勁,通信網路,下游,網路設備(如數據機、網路卡、閘道器、路由器、網路電話)
3025,星通,通信網路,下游,網路設備(如數據機、網路卡、閘道器、路由器、網路電話)
2301,光寶科,通信網路,下游,網路設備(如數據機、網路卡、閘道器、路由器、網路電話)
3704,合勤控,通信網路,下游,網路設備(如數據機、網路卡、閘道器、路由器、網路電話)
6416,瑞祺電通,通信網路,下游,網路設備(如數據機、網路卡、閘道器、路由器、網路電話)
2317,鴻海,通信網路,下游,網路設備(如數據機、網路卡、閘道器、路由器、網路電話)
2357,華碩,通信網路,下游,網路設備(如數據機、網路卡、閘道器、路由器、網路電話)
3002,歐格,通信網路,下游,網路設備(如數據機、網路卡、閘道器、路由器、網路電話)
3047,訊舟,通信網路,下游,網路設備(如數據機、網路卡、閘道器、路由器、網路電話)
3027,盛達,通信網路,下游,網路設備(如數據機、網路卡、閘道器、路由器、網路電話)
2308,台達電,通信網路,下游,網路設備(如數據機、網路卡、閘道器、路由器、網路電話)
3380,明泰,通信網路,下游,網路設備(如數據機、網路卡、閘道器、路由器、網路電話)
3447,展達,通信網路,下游,網路設備(如數據機、網路卡、閘道器、路由器、網路電話)
3694,海華,通信網路,下游,網路設備(如數據機、網路卡、閘道器、路由器、網路電話)
2485,兆赫,通信網路,下游,網路設備(如數據機、網路卡、閘道器、路由器、網路電話)
2345,智邦,通信網路,下游,網路設備(如數據機、網路卡、閘道器、路由器、網路電話)
3062,建漢,通信網路,下游,網路設備(如數據機、網路卡、閘道器、路由器、網路電話)
2419,仲琦,通信網路,下游,網路設備(如數據機、網路卡、閘道器、路由器、網路電話)
6790,永豐實,造紙,上游,紙漿、紙類原料
1904,正隆,造紙,上游,紙漿、紙類原料
1909,榮成,造紙,上游,紙漿、紙類原料
1905,華紙,造紙,上游,紙漿、紙類原料
6790,永豐實,造紙,中游,家庭用紙
1904,正隆,造紙,中游,家庭用紙
1907,永豐餘,造紙,中游,家庭用紙
1904,正隆,造紙,中游,工業用紙
1907,永豐餘,造紙,中游,工業用紙
1903,士紙,造紙,中游,工業用紙
1904,正隆,造紙,中游,文化用紙
1907,永豐餘,造紙,中游,文化用紙
1905,華紙,造紙,中游,文化用紙
6790,永豐實,造紙,下游,銷售、進出口業務
1904,正隆,造紙,下游,銷售、進出口業務
1907,永豐餘,造紙,下游,銷售、進出口業務
1906,寶隆,造紙,下游,銷售、進出口業務
1905,華紙,造紙,下游,銷售、進出口業務
3010,華立,連接器,上游,塑膠材料
3665,貿聯-KY,連接器,上游,塑膠材料
2476,鉅祥,連接器,上游,塑膠材料
4755,三福化,連接器,上游,塑膠材料
2476,鉅祥,連接器,上游,電鍍材料
1617,榮星,連接器,上游,金屬材料
2476,鉅祥,連接器,上游,金屬材料
3605,宏致,連接器,中游,連接器設計、組裝及製造
6165,浪凡,連接器,中游,連接器設計、組裝及製造
3023,信邦,連接器,中游,連接器設計、組裝及製造
3665,貿聯-KY,連接器,中游,連接器設計、組裝及製造
2352,佳世達,連接器,中游,連接器設計、組裝及製造
6115,鎰勝,連接器,中游,連接器設計、組裝及製造
2483,百容,連接器,中游,連接器設計、組裝及製造
6835,圓裕,連接器,中游,連接器設計、組裝及製造
2459,敦吉,連接器,中游,連接器設計、組裝及製造
3011,今皓,連接器,中游,連接器設計、組裝及製造
3003,健和興,連接器,中游,連接器設計、組裝及製造
2462,良得電,連接器,中游,連接器設計、組裝及製造
3501,維熹,連接器,中游,連接器設計、組裝及製造
3021,鴻名,連接器,中游,連接器設計、組裝及製造
3419,譁裕,連接器,中游,連接器設計、組裝及製造
2460,建通,連接器,中游,連接器設計、組裝及製造
8103,瀚荃,連接器,中游,連接器設計、組裝及製造
3432,台端,連接器,中游,連接器設計、組裝及製造
4943,康控-KY,連接器,中游,連接器設計、組裝及製造
2317,鴻海,連接器,中游,連接器設計、組裝及製造
6272,驊陞,連接器,中游,連接器設計、組裝及製造
6133,金橋,連接器,中游,連接器設計、組裝及製造
6205,詮欣,連接器,中游,連接器設計、組裝及製造
6197,佳必琪,連接器,中游,連接器設計、組裝及製造
3533,嘉澤,連接器,中游,連接器設計、組裝及製造
2392,正崴,連接器,中游,連接器設計、組裝及製造
2049,上銀,自動化,下游,工業型機器人
2409,友達,太陽能產業,上游,矽晶圓/矽晶片
2434,統懋,太陽能產業,上游,矽晶圓/矽晶片
3686,達能,太陽能產業,上游,矽晶圓/矽晶片
1717,長興,太陽能產業,上游,材料
5434,崇越,太陽能產業,上游,材料
3010,華立,太陽能產業,上游,材料
5234,達興材料,太陽能產業,上游,材料
1711,永光,太陽能產業,上游,材料
2406,國碩,太陽能產業,上游,材料
2409,友達,太陽能產業,中游,太陽能電池模組
3043,科風,太陽能產業,中游,太陽能電池模組
6477,安集,太陽能產業,中游,太陽能電池模組
3576,聯合再生,太陽能產業,中游,太陽能電池模組
4934,太極,太陽能產業,中游,太陽能電池模組
4949,有成精密,太陽能產業,中游,太陽能電池模組
6443,元晶,太陽能產業,中游,太陽能電池模組
3576,聯合再生,太陽能產業,中游,太陽能電池
4934,太極,太陽能產業,中游,太陽能電池
6443,元晶,太陽能產業,中游,太陽能電池
2409,友達,太陽能產業,下游,太陽能電廠
5434,崇越,太陽能產業,下游,太陽能電廠
3010,華立,太陽能產業,下游,太陽能電廠
8926,台汽電,太陽能產業,下游,太陽能電廠
1609,大亞,太陽能產業,下游,太陽能電廠
1513,中興電,太陽能產業,下游,太陽能電廠
8070,長華*,太陽能產業,下游,太陽能電廠
5871,中租-KY,太陽能產業,下游,太陽能電廠
3050,鈺德,太陽能產業,下游,太陽能電廠
6873,泓德能源,太陽能產業,下游,太陽能電廠
1605,華新,太陽能產業,下游,太陽能電廠
2308,台達電,太陽能產業,下游,太陽能電廠
1529,樂事綠能,太陽能產業,下游,太陽能電廠
3576,聯合再生,太陽能產業,下游,太陽能電廠
6869,雲豹能源,太陽能產業,下游,太陽能電廠
2406,國碩,太陽能產業,下游,太陽能電廠
3712,永崴投控,太陽能產業,下游,太陽能電廠
6806,森崴能源,太陽能產業,下游,太陽能電廠
2409,友達,太陽能產業,下游,太陽能發電設備/系統及系統工程
5434,崇越,太陽能產業,下游,太陽能發電設備/系統及系統工程
2371,大同,太陽能產業,下游,太陽能發電設備/系統及系統工程
3023,信邦,太陽能產業,下游,太陽能發電設備/系統及系統工程
2031,新光鋼,太陽能產業,下游,太陽能發電設備/系統及系統工程
3010,華立,太陽能產業,下游,太陽能發電設備/系統及系統工程
3665,貿聯-KY,太陽能產業,下游,太陽能發電設備/系統及系統工程
8926,台汽電,太陽能產業,下游,太陽能發電設備/系統及系統工程
1513,中興電,太陽能產業,下游,太陽能發電設備/系統及系統工程
8070,長華*,太陽能產業,下游,太陽能發電設備/系統及系統工程
5871,中租-KY,太陽能產業,下游,太陽能發電設備/系統及系統工程
6873,泓德能源,太陽能產業,下游,太陽能發電設備/系統及系統工程
1605,華新,太陽能產業,下游,太陽能發電設備/系統及系統工程
3043,科風,太陽能產業,下游,太陽能發電設備/系統及系統工程
6477,安集,太陽能產業,下游,太陽能發電設備/系統及系統工程
2308,台達電,太陽能產業,下游,太陽能發電設備/系統及系統工程
8374,羅昇,太陽能產業,下游,太陽能發電設備/系統及系統工程
1529,樂事綠能,太陽能產業,下游,太陽能發電設備/系統及系統工程
3576,聯合再生,太陽能產業,下游,太陽能發電設備/系統及系統工程
6869,雲豹能源,太陽能產業,下游,太陽能發電設備/系統及系統工程
6409,旭隼,太陽能產業,下游,太陽能發電設備/系統及系統工程
2406,國碩,太陽能產業,下游,太陽能發電設備/系統及系統工程
3712,永崴投控,太陽能產業,下游,太陽能發電設備/系統及系統工程
6994,富威電力,太陽能產業,下游,太陽能發電設備/系統及系統工程
6806,森崴能源,太陽能產業,下游,太陽能發電設備/系統及系統工程
6906,現觀科,人工智慧,運算資源,資料處理
6412,群電,人工智慧,運算資源,資料處理
2480,敦陽科,人工智慧,運算資源,資料處理
6112,邁達特,人工智慧,運算資源,資料處理
6658,聯策,人工智慧,運算資源,資料處理
2498,宏達電,人工智慧,運算資源,資料處理
6689,伊雲谷,人工智慧,運算資源,資料處理
6906,現觀科,人工智慧,運算資源,雲端平台
6412,群電,人工智慧,運算資源,雲端平台
2480,敦陽科,人工智慧,運算資源,雲端平台
6112,邁達特,人工智慧,運算資源,雲端平台
2498,宏達電,人工智慧,運算資源,雲端平台
3029,零壹,人工智慧,運算資源,雲端平台
6614,資拓宏宇,人工智慧,運算資源,雲端平台
6689,伊雲谷,人工智慧,運算資源,雲端平台
2495,普安,人工智慧,運算資源,雲端平台
6412,群電,人工智慧,運算資源,運算設備
2480,敦陽科,人工智慧,運算資源,運算設備
6669,緯穎,人工智慧,運算資源,運算設備
6112,邁達特,人工智慧,運算資源,運算設備
3029,零壹,人工智慧,運算資源,運算設備
3706,神達,人工智慧,運算資源,運算設備
2308,台達電,人工智慧,運算資源,運算設備
2495,普安,人工智慧,運算資源,運算設備
2357,華碩,人工智慧,核心技術,移動控制
1504,東元,人工智慧,核心技術,移動控制
8374,羅昇,人工智慧,核心技術,移動控制
6277,宏正,人工智慧,核心技術,自然語言處理
6112,邁達特,人工智慧,核心技術,自然語言處理
6614,資拓宏宇,人工智慧,核心技術,自然語言處理
7822,倍利科,人工智慧,核心技術,電腦視覺
6412,群電,人工智慧,核心技術,電腦視覺
3669,圓展,人工智慧,核心技術,電腦視覺
4585,達明,人工智慧,核心技術,電腦視覺
6112,邁達特,人工智慧,核心技術,電腦視覺
6658,聯策,人工智慧,核心技術,電腦視覺
2388,威盛,人工智慧,核心技術,電腦視覺
4952,凌通,人工智慧,核心技術,電腦視覺
6695,芯鼎,人工智慧,核心技術,電腦視覺
6614,資拓宏宇,人工智慧,核心技術,電腦視覺
2308,台達電,人工智慧,核心技術,電腦視覺
8374,羅昇,人工智慧,核心技術,電腦視覺
7822,倍利科,人工智慧,核心技術,機器學習
6412,群電,人工智慧,核心技術,機器學習
6277,宏正,人工智慧,核心技術,機器學習
4585,達明,人工智慧,核心技術,機器學習
6112,邁達特,人工智慧,核心技術,機器學習
6658,聯策,人工智慧,核心技術,機器學習
2498,宏達電,人工智慧,核心技術,機器學習
3029,零壹,人工智慧,核心技術,機器學習
2388,威盛,人工智慧,核心技術,機器學習
4952,凌通,人工智慧,核心技術,機器學習
6695,芯鼎,人工智慧,核心技術,機器學習
6614,資拓宏宇,人工智慧,核心技術,機器學習
2308,台達電,人工智慧,核心技術,機器學習
8374,羅昇,人工智慧,核心技術,機器學習
6689,伊雲谷,人工智慧,核心技術,機器學習
7822,倍利科,人工智慧,應用與服務,智慧設備
6412,群電,人工智慧,應用與服務,智慧設備
4585,達明,人工智慧,應用與服務,智慧設備
6658,聯策,人工智慧,應用與服務,智慧設備
2357,華碩,人工智慧,應用與服務,智慧設備
2308,台達電,人工智慧,應用與服務,智慧設備
8374,羅昇,人工智慧,應用與服務,智慧設備
7822,倍利科,人工智慧,應用與服務,領域解決方案
5203,訊連,人工智慧,應用與服務,領域解決方案
6412,群電,人工智慧,應用與服務,領域解決方案
2352,佳世達,人工智慧,應用與服務,領域解決方案
6112,邁達特,人工智慧,應用與服務,領域解決方案
2453,凌群,人工智慧,應用與服務,領域解決方案
2498,宏達電,人工智慧,應用與服務,領域解決方案
2388,威盛,人工智慧,應用與服務,領域解決方案
6614,資拓宏宇,人工智慧,應用與服務,領域解決方案
2308,台達電,人工智慧,應用與服務,領域解決方案
6689,伊雲谷,人工智慧,應用與服務,領域解決方案
6412,群電,人工智慧,應用與服務,顧問諮詢
2480,敦陽科,人工智慧,應用與服務,顧問諮詢
6112,邁達特,人工智慧,應用與服務,顧問諮詢
3029,零壹,人工智慧,應用與服務,顧問諮詢
6614,資拓宏宇,人工智慧,應用與服務,顧問諮詢
2308,台達電,人工智慧,應用與服務,顧問諮詢
6689,伊雲谷,人工智慧,應用與服務,顧問諮詢
6412,群電,人工智慧,應用與服務,系統整合
2480,敦陽科,人工智慧,應用與服務,系統整合
4585,達明,人工智慧,應用與服務,系統整合
6112,邁達特,人工智慧,應用與服務,系統整合
6658,聯策,人工智慧,應用與服務,系統整合
2453,凌群,人工智慧,應用與服務,系統整合
3029,零壹,人工智慧,應用與服務,系統整合
2471,資通,人工智慧,應用與服務,系統整合
6614,資拓宏宇,人工智慧,應用與服務,系統整合
2308,台達電,人工智慧,應用與服務,系統整合
8374,羅昇,人工智慧,應用與服務,系統整合
6689,伊雲谷,人工智慧,應用與服務,系統整合
2495,普安,人工智慧,應用與服務,系統整合
4739,康普,被動元件,上游,濾波器、振盪器材料(鉭酸鋰／鈮酸鋰晶圓／片、石英基板、金屬及陶瓷封裝材料)
2459,敦吉,被動元件,上游,電感器材料(如鐵氧體、導電漿墨)
6155,鈞寶,被動元件,上游,電感器材料(如鐵氧體、導電漿墨)
2492,華新科,被動元件,上游,電容器材料(如電蝕／化成鋁箔、介面瓷粉)
5434,崇越,被動元件,上游,電阻器材料(氧化鋁陶瓷基板、導電漿墨)
2459,敦吉,被動元件,中游,濾波器、振盪器
2327,國巨*,被動元件,中游,濾波器、振盪器
3042,晶技,被動元件,中游,濾波器、振盪器
3026,禾伸堂,被動元件,中游,濾波器、振盪器
2484,希華,被動元件,中游,濾波器、振盪器
2492,華新科,被動元件,中游,濾波器、振盪器
6155,鈞寶,被動元件,中游,濾波器、振盪器
5434,崇越,被動元件,中游,電感器
2327,國巨*,被動元件,中游,電感器
2308,台達電,被動元件,中游,電感器
2492,華新科,被動元件,中游,電感器
6155,鈞寶,被動元件,中游,電感器
2472,立隆電,被動元件,中游,電容器
3090,日電貿,被動元件,中游,電容器
2327,國巨*,被動元件,中游,電容器
6449,鈺邦,被動元件,中游,電容器
3026,禾伸堂,被動元件,中游,電容器
2308,台達電,被動元件,中游,電容器
2413,環科,被動元件,中游,電容器
2492,華新科,被動元件,中游,電容器
2375,凱美,被動元件,中游,電容器
2371,大同,被動元件,中游,電阻器
6224,聚鼎,被動元件,中游,電阻器
6834,天二科技,被動元件,中游,電阻器
2327,國巨*,被動元件,中游,電阻器
2478,大毅,被動元件,中游,電阻器
2308,台達電,被動元件,中游,電阻器
2492,華新科,被動元件,中游,電阻器
2428,興勤,被動元件,中游,電阻器
2480,敦陽科,金融科技,底層技術,人工智慧
6112,邁達特,金融科技,底層技術,人工智慧
2453,凌群,金融科技,底層技術,人工智慧
2480,敦陽科,金融科技,中介工具,數位身分
2453,凌群,金融科技,中介工具,數位身分
2480,敦陽科,金融科技,中介工具,資料聚合
2453,凌群,金融科技,中介工具,資料聚合
2480,敦陽科,金融科技,中介工具,資訊安全
6112,邁達特,金融科技,中介工具,資訊安全
2453,凌群,金融科技,中介工具,資訊安全
2480,敦陽科,金融科技,中介工具,數據分析
2453,凌群,金融科技,中介工具,數據分析
6614,資拓宏宇,金融科技,中介工具,數據分析
2453,凌群,金融科技,領域應用,加密資產
2453,凌群,金融科技,領域應用,理財投資
2453,凌群,金融科技,領域應用,監理法遵
2471,資通,金融科技,領域應用,監理法遵
6614,資拓宏宇,金融科技,領域應用,監理法遵
2453,凌群,金融科技,領域應用,數位銀行
6614,資拓宏宇,金融科技,領域應用,數位銀行
2453,凌群,金融科技,領域應用,支付
7722,LINEPAY,金融科技,領域應用,支付
2867,三商壽,金融科技,領域應用,保險
2453,凌群,金融科技,領域應用,保險
2834,臺企銀,金融,,租賃業
2812,台中銀,金融,,租賃業
1103,嘉泥,金融,,租賃業
5871,中租-KY,金融,,租賃業
6024,群益期,金融,,期貨業
2834,臺企銀,金融,,證券業
2812,台中銀,金融,,證券業
2838,聯邦銀,金融,,證券業
6005,群益證,金融,,證券業
2855,統一證,金融,,證券業
2888,新光金,金融,,金控業/銀行業/保險業
2891,中信金,金融,,金控業/銀行業/保險業
2887,台新新光金,金融,,金控業/銀行業/保險業
2886,兆豐金,金融,,金控業/銀行業/保險業
5876,上海商銀,金融,,金控業/銀行業/保險業
2883,凱基金,金融,,金控業/銀行業/保險業
2880,華南金,金融,,金控業/銀行業/保險業
2850,新產,金融,,金控業/銀行業/保險業
2836,高雄銀,金融,,金控業/銀行業/保險業
2834,臺企銀,金融,,金控業/銀行業/保險業
2890,永豐金,金融,,金控業/銀行業/保險業
2897,王道銀行,金融,,金控業/銀行業/保險業
2881,富邦金,金融,,金控業/銀行業/保險業
2845,遠東銀,金融,,金控業/銀行業/保險業
2812,台中銀,金融,,金控業/銀行業/保險業
2882,國泰金,金融,,金控業/銀行業/保險業
2892,第一金,金融,,金控業/銀行業/保險業
2820,華票,金融,,金控業/銀行業/保險業
2889,國票金,金融,,金控業/銀行業/保險業
2852,第一保,金融,,金控業/銀行業/保險業
2884,玉山金,金融,,金控業/銀行業/保險業
2867,三商壽,金融,,金控業/銀行業/保險業
5880,合庫金,金融,,金控業/銀行業/保險業
2838,聯邦銀,金融,,金控業/銀行業/保險業
2809,京城銀,金融,,金控業/銀行業/保險業
2801,彰銀,金融,,金控業/銀行業/保險業
2816,旺旺保,金融,,金控業/銀行業/保險業
2851,中再保,金融,,金控業/銀行業/保險業
2832,台產,金融,,金控業/銀行業/保險業
2849,安泰銀,金融,,金控業/銀行業/保險業
2885,元大金,金融,,金控業/銀行業/保險業
9937,全國,油電燃氣,,加油站
1434,福懋,油電燃氣,,加油站
6505,台塑化,油電燃氣,,加油站
2616,山隆,油電燃氣,,加油站
9931,欣高,油電燃氣,,天然瓦斯供應
9918,欣天然,油電燃氣,,天然瓦斯供應
9908,大台北,油電燃氣,,天然瓦斯供應
9926,新海,油電燃氣,,天然瓦斯供應
2371,大同,電機機械,上游,機械設備之沖壓零組件
2459,敦吉,電機機械,上游,機械設備之沖壓零組件
1303,南亞,電機機械,上游,機械設備之沖壓零組件
4555,氣立,電機機械,上游,油空壓元件
8996,高力,電機機械,上游,油空壓元件
2483,百容,電機機械,上游,電控元件
2459,敦吉,電機機械,上游,電控元件
1597,直得,電機機械,上游,電控元件
7750,新代,電機機械,上游,電控元件
1533,車王電,電機機械,上游,電控元件
4555,氣立,電機機械,上游,電控元件
1303,南亞,電機機械,上游,電控元件
1504,東元,電機機械,上游,電控元件
2308,台達電,電機機械,上游,電控元件
7788,松川精密,電機機械,上游,電控元件
1537,廣隆,電機機械,上游,五金元件及零配件
1560,中砂,電機機械,上游,五金元件及零配件
2233,宇隆,電機機械,上游,五金元件及零配件
1526,日馳,電機機械,上游,傳動元件
4576,大銀微系統,電機機械,上游,傳動元件
1597,直得,電機機械,上游,傳動元件
2248,華勝-KY,電機機械,上游,傳動元件
4583,台灣精銳,電機機械,上游,傳動元件
2049,上銀,電機機械,上游,傳動元件
1504,東元,電機機械,上游,傳動元件
4540,全球傳動,電機機械,上游,傳動元件
4590,富田-創,電機機械,上游,傳動元件
1590,亞德客-KY,電機機械,上游,傳動元件
1536,和大,電機機械,上游,傳動元件
2308,台達電,電機機械,上游,傳動元件
2233,宇隆,電機機械,上游,傳動元件
2371,大同,電機機械,上游,鋼鑄鐵元件
2483,百容,電機機械,上游,鋼鑄鐵元件
1532,勤美,電機機械,上游,鋼鑄鐵元件
1589,永冠-KY,電機機械,上游,鋼鑄鐵元件
4572,駐龍,電機機械,下游,金屬加工處理
1617,榮星,電機機械,下游,金屬加工處理
4564,元翎,電機機械,下游,金屬加工處理
1513,中興電,電機機械,下游,金屬加工處理
5288,豐祥-KY,電機機械,下游,金屬加工處理
1506,正道,電機機械,下游,金屬加工處理
8222,寶一,電機機械,下游,金屬加工處理
2233,宇隆,電機機械,下游,金屬加工處理
2371,大同,電機機械,下游,機電系統工程
1537,廣隆,電機機械,下游,機電系統工程
2352,佳世達,電機機械,下游,機電系統工程
1513,中興電,電機機械,下游,機電系統工程
1535,中宇,電機機械,下游,機電系統工程
2397,友通,電機機械,下游,機電系統工程
1519,華城,電機機械,下游,機電系統工程
1503,士電,電機機械,下游,機電系統工程
2464,盟立,電機機械,下游,機電系統工程
1514,亞力,電機機械,下游,機電系統工程
1504,東元,電機機械,下游,機電系統工程
8374,羅昇,電機機械,下游,機電系統工程
1529,樂事綠能,電機機械,下游,機電系統工程
3018,隆銘綠能,電機機械,下游,機電系統工程
2371,大同,電機機械,下游,冷凍空調設備及零件
4532,瑞智,電機機械,下游,冷凍空調設備及零件
1614,三洋電,電機機械,下游,冷凍空調設備及零件
2459,敦吉,電機機械,下游,冷凍空調設備及零件
1513,中興電,電機機械,下游,冷凍空調設備及零件
1506,正道,電機機械,下游,冷凍空調設備及零件
1503,士電,電機機械,下游,冷凍空調設備及零件
1504,東元,電機機械,下游,冷凍空調設備及零件
6606,建德工業,電機機械,下游,自動販賣機
1537,廣隆,電機機械,下游,車用機械傳動設備及零配件
1568,倉佑,電機機械,下游,車用機械傳動設備及零配件
1517,利奇,電機機械,下游,車用機械傳動設備及零配件
5306,桂盟,電機機械,下游,車用機械傳動設備及零配件
1506,正道,電機機械,下游,車用機械傳動設備及零配件
1563,巧新,電機機械,下游,車用機械傳動設備及零配件
1533,車王電,電機機械,下游,車用機械傳動設備及零配件
1503,士電,電機機械,下游,車用機械傳動設備及零配件
2254,巨鎧精密-創,電機機械,下游,車用機械傳動設備及零配件
4566,時碩工業,電機機械,下游,車用機械傳動設備及零配件
7736,虎山,電機機械,下游,車用機械傳動設備及零配件
7732,金興精密,電機機械,下游,車用機械傳動設備及零配件
1512,瑞利,電機機械,下游,車用機械傳動設備及零配件
2233,宇隆,電機機械,下游,車用機械傳動設備及零配件
2421,建準,電機機械,下游,車用機械傳動設備及零配件
2459,敦吉,電機機械,下游,輸送機械及零配件
4720,德淵,電機機械,下游,輸送機械及零配件
1503,士電,電機機械,下游,輸送機械及零配件
2464,盟立,電機機械,下游,輸送機械及零配件
2308,台達電,電機機械,下游,輸送機械及零配件
2233,宇隆,電機機械,下游,輸送機械及零配件
1527,鑽全,電機機械,下游,手工具機
2352,佳世達,電機機械,下游,手工具機
1538,正峰,電機機械,下游,手工具機
1315,達新,電機機械,下游,手工具機
1558,伸興,電機機械,下游,手工具機
1515,力山,電機機械,下游,手工具機
2397,友通,電機機械,下游,手工具機
1533,車王電,電機機械,下游,手工具機
1541,錩泰,電機機械,下游,手工具機
1539,巨庭,電機機械,下游,手工具機
8374,羅昇,電機機械,下游,手工具機
3167,大量,電機機械,下游,專用機械(如紡織成衣生產用機械、食品飲料生產用機械、農林用機械等)
1558,伸興,電機機械,下游,專用機械(如紡織成衣生產用機械、食品飲料生產用機械、農林用機械等)
1531,高林股,電機機械,下游,專用機械(如紡織成衣生產用機械、食品飲料生產用機械、農林用機械等)
1528,恩德,電機機械,下游,專用機械(如紡織成衣生產用機械、食品飲料生產用機械、農林用機械等)
2308,台達電,電機機械,下游,專用機械(如紡織成衣生產用機械、食品飲料生產用機械、農林用機械等)
1530,亞崴,電機機械,下游,金屬加工用機械
6606,建德工業,電機機械,下游,金屬加工用機械
1583,程泰,電機機械,下游,金屬加工用機械
1513,中興電,電機機械,下游,金屬加工用機械
4562,穎漢,電機機械,下游,金屬加工用機械
5007,三星,電機機械,下游,金屬加工用機械
1540,喬福,電機機械,下游,金屬加工用機械
1590,亞德客-KY,電機機械,下游,金屬加工用機械
4526,東台,電機機械,下游,金屬加工用機械
8454,富邦媒,電子商務,下游,網路購物消費
2608,嘉里大榮,電子商務,下游,物流業
2642,宅配通,電子商務,下游,物流業
2371,大同,軟體服務,,通路經銷
2427,三商電,軟體服務,,通路經銷
6214,精誠,軟體服務,,通路經銷
6112,邁達特,軟體服務,,通路經銷
2453,凌群,軟體服務,,通路經銷
3029,零壹,軟體服務,,通路經銷
6614,資拓宏宇,軟體服務,,通路經銷
7765,中華資安,軟體服務,,通路經銷
2468,華經,軟體服務,,通路經銷
2371,大同,軟體服務,,資料處理服務
2427,三商電,軟體服務,,資料處理服務
6906,現觀科,軟體服務,,資料處理服務
6214,精誠,軟體服務,,資料處理服務
6112,邁達特,軟體服務,,資料處理服務
6183,關貿,軟體服務,,資料處理服務
2453,凌群,軟體服務,,資料處理服務
6614,資拓宏宇,軟體服務,,資料處理服務
7765,中華資安,軟體服務,,資料處理服務
2468,華經,軟體服務,,資料處理服務
7822,倍利科,軟體服務,,系統整合服務
2371,大同,軟體服務,,系統整合服務
2427,三商電,軟體服務,,系統整合服務
6214,精誠,軟體服務,,系統整合服務
3130,一零四,軟體服務,,系統整合服務
2480,敦陽科,軟體服務,,系統整合服務
2352,佳世達,軟體服務,,系統整合服務
6277,宏正,軟體服務,,系統整合服務
3057,喬鼎,軟體服務,,系統整合服務
3021,鴻名,軟體服務,,系統整合服務
4585,達明,軟體服務,,系統整合服務
6112,邁達特,軟體服務,,系統整合服務
6183,關貿,軟體服務,,系統整合服務
2453,凌群,軟體服務,,系統整合服務
3029,零壹,軟體服務,,系統整合服務
2471,資通,軟體服務,,系統整合服務
6614,資拓宏宇,軟體服務,,系統整合服務
7765,中華資安,軟體服務,,系統整合服務
2468,華經,軟體服務,,系統整合服務
2360,致茂,軟體服務,,系統整合服務
7822,倍利科,軟體服務,,應用/系統軟體設計開發
2371,大同,軟體服務,,應用/系統軟體設計開發
5203,訊連,軟體服務,,應用/系統軟體設計開發
2427,三商電,軟體服務,,應用/系統軟體設計開發
6906,現觀科,軟體服務,,應用/系統軟體設計開發
6214,精誠,軟體服務,,應用/系統軟體設計開發
3130,一零四,軟體服務,,應用/系統軟體設計開發
2480,敦陽科,軟體服務,,應用/系統軟體設計開發
6277,宏正,軟體服務,,應用/系統軟體設計開發
1416,廣豐,軟體服務,,應用/系統軟體設計開發
3057,喬鼎,軟體服務,,應用/系統軟體設計開發
4585,達明,軟體服務,,應用/系統軟體設計開發
6112,邁達特,軟體服務,,應用/系統軟體設計開發
6183,關貿,軟體服務,,應用/系統軟體設計開發
2453,凌群,軟體服務,,應用/系統軟體設計開發
2471,資通,軟體服務,,應用/系統軟體設計開發
6614,資拓宏宇,軟體服務,,應用/系統軟體設計開發
7765,中華資安,軟體服務,,應用/系統軟體設計開發
2468,華經,軟體服務,,應用/系統軟體設計開發
2308,台達電,軟體服務,,應用/系統軟體設計開發
2038,海光,鋼鐵,上游,鋼胚
2002,中鋼,鋼鐵,上游,鋼胚
2028,威致,鋼鐵,上游,鋼胚
2027,大成鋼,鋼鐵,中游,製管
2030,彰源,鋼鐵,中游,製管
2034,允強,鋼鐵,中游,製管
2032,新鋼,鋼鐵,中游,裁剪加工
2030,彰源,鋼鐵,中游,裁剪加工
2034,允強,鋼鐵,中游,裁剪加工
2069,運錩,鋼鐵,中游,裁剪加工
2010,春源,鋼鐵,中游,裁剪加工
5538,東明-KY,鋼鐵,中游,不鏽鋼棒線盤元
2007,燁興,鋼鐵,中游,不鏽鋼棒線盤元
2034,允強,鋼鐵,中游,冷熱軋不鏽鋼板捲
2025,千興,鋼鐵,中游,冷熱軋不鏽鋼板捲
2006,東和鋼鐵,鋼鐵,中游,型鋼
2015,豐興,鋼鐵,中游,型鋼
2002,中鋼,鋼鐵,中游,棒線盤元
2007,燁興,鋼鐵,中游,棒線盤元
2024,志聯,鋼鐵,中游,棒線盤元
2015,豐興,鋼鐵,中游,棒線盤元
2028,威致,鋼鐵,中游,棒線盤元
2017,官田鋼,鋼鐵,中游,棒線盤元
2022,聚亨,鋼鐵,中游,棒線盤元
2012,春雨,鋼鐵,中游,棒線盤元
2006,東和鋼鐵,鋼鐵,中游,鋼筋
2038,海光,鋼鐵,中游,鋼筋
2015,豐興,鋼鐵,中游,鋼筋
2028,威致,鋼鐵,中游,鋼筋
2022,聚亨,鋼鐵,中游,鋼筋
2023,燁輝,鋼鐵,中游,冷熱軋鋼板捲
2014,中鴻,鋼鐵,中游,冷熱軋鋼板捲
2002,中鋼,鋼鐵,中游,冷熱軋鋼板捲
2008,高興昌,鋼鐵,中游,冷熱軋鋼板捲
2029,盛餘,鋼鐵,中游,冷熱軋鋼板捲
2013,中鋼構,鋼鐵,下游,鋼結構及建材
2211,長榮鋼,鋼鐵,下游,鋼結構及建材
2010,春源,鋼鐵,下游,鋼結構及建材
9958,世紀鋼,鋼鐵,下游,鋼結構及建材
2033,佳大,鋼鐵,下游,鋼纜
2027,大成鋼,鋼鐵,下游,螺絲螺帽
5538,東明-KY,鋼鐵,下游,螺絲螺帽
5007,三星,鋼鐵,下游,螺絲螺帽
2022,聚亨,鋼鐵,下游,螺絲螺帽
2012,春雨,鋼鐵,下游,螺絲螺帽
3004,豐達科,鋼鐵,下游,螺絲螺帽
9924,福興,鋼鐵,下游,鋼製品
5306,桂盟,鋼鐵,下游,鋼製品
2351,順德,鋼鐵,下游,鋼製品
2390,云辰,雲端運算,上游,冷卻設備
2301,光寶科,雲端運算,上游,冷卻設備
2308,台達電,雲端運算,上游,冷卻設備
2421,建準,雲端運算,上游,冷卻設備
2390,云辰,雲端運算,上游,電力設備
2459,敦吉,雲端運算,上游,電力設備
2301,光寶科,雲端運算,上游,電力設備
2308,台達電,雲端運算,上游,電力設備
2480,敦陽科,雲端運算,上游,網路
2390,云辰,雲端運算,上游,網路
2352,佳世達,雲端運算,上游,網路
3057,喬鼎,雲端運算,上游,網路
6112,邁達特,雲端運算,上游,網路
2382,廣達,雲端運算,上游,網路
3029,零壹,雲端運算,上游,網路
6614,資拓宏宇,雲端運算,上游,網路
7765,中華資安,雲端運算,上游,網路
3380,明泰,雲端運算,上游,網路
2480,敦陽科,雲端運算,上游,儲存
2390,云辰,雲端運算,上游,儲存
3057,喬鼎,雲端運算,上游,儲存
6112,邁達特,雲端運算,上游,儲存
2382,廣達,雲端運算,上游,儲存
3029,零壹,雲端運算,上游,儲存
3706,神達,雲端運算,上游,儲存
6614,資拓宏宇,雲端運算,上游,儲存
7765,中華資安,雲端運算,上游,儲存
2495,普安,雲端運算,上游,儲存
2480,敦陽科,雲端運算,上游,伺服器
2390,云辰,雲端運算,上游,伺服器
2352,佳世達,雲端運算,上游,伺服器
6669,緯穎,雲端運算,上游,伺服器
3057,喬鼎,雲端運算,上游,伺服器
6112,邁達特,雲端運算,上游,伺服器
2382,廣達,雲端運算,上游,伺服器
3029,零壹,雲端運算,上游,伺服器
3706,神達,雲端運算,上游,伺服器
6614,資拓宏宇,雲端運算,上游,伺服器
2308,台達電,雲端運算,上游,伺服器
2495,普安,雲端運算,上游,伺服器
8210,勤誠,雲端運算,上游,伺服器
2480,敦陽科,雲端運算,上游,電腦設備
2390,云辰,雲端運算,上游,電腦設備
2352,佳世達,雲端運算,上游,電腦設備
6669,緯穎,雲端運算,上游,電腦設備
3057,喬鼎,雲端運算,上游,電腦設備
6112,邁達特,雲端運算,上游,電腦設備
2382,廣達,雲端運算,上游,電腦設備
3029,零壹,雲端運算,上游,電腦設備
3706,神達,雲端運算,上游,電腦設備
6614,資拓宏宇,雲端運算,上游,電腦設備
7765,中華資安,雲端運算,上游,電腦設備
2308,台達電,雲端運算,上游,電腦設備
3380,明泰,雲端運算,上游,電腦設備
2495,普安,雲端運算,上游,電腦設備
8210,勤誠,雲端運算,上游,電腦設備
2480,敦陽科,雲端運算,中游,資安防護軟體
2390,云辰,雲端運算,中游,資安防護軟體
3057,喬鼎,雲端運算,中游,資安防護軟體
6112,邁達特,雲端運算,中游,資安防護軟體
3029,零壹,雲端運算,中游,資安防護軟體
6614,資拓宏宇,雲端運算,中游,資安防護軟體
7765,中華資安,雲端運算,中游,資安防護軟體
6689,伊雲谷,雲端運算,中游,資安防護軟體
2480,敦陽科,雲端運算,中游,雲端作業系統
2390,云辰,雲端運算,中游,雲端作業系統
3057,喬鼎,雲端運算,中游,雲端作業系統
6112,邁達特,雲端運算,中游,雲端作業系統
3029,零壹,雲端運算,中游,雲端作業系統
6614,資拓宏宇,雲端運算,中游,雲端作業系統
6689,伊雲谷,雲端運算,中游,雲端作業系統
2480,敦陽科,雲端運算,中游,虛擬化軟體
2390,云辰,雲端運算,中游,虛擬化軟體
3057,喬鼎,雲端運算,中游,虛擬化軟體
6112,邁達特,雲端運算,中游,虛擬化軟體
3029,零壹,雲端運算,中游,虛擬化軟體
6614,資拓宏宇,雲端運算,中游,虛擬化軟體
8374,羅昇,雲端運算,中游,虛擬化軟體
6689,伊雲谷,雲端運算,中游,虛擬化軟體
2480,敦陽科,雲端運算,中游,營運管理軟體
2390,云辰,雲端運算,中游,營運管理軟體
3057,喬鼎,雲端運算,中游,營運管理軟體
6112,邁達特,雲端運算,中游,營運管理軟體
6614,資拓宏宇,雲端運算,中游,營運管理軟體
7765,中華資安,雲端運算,中游,營運管理軟體
8374,羅昇,雲端運算,中游,營運管理軟體
6689,伊雲谷,雲端運算,中游,營運管理軟體
2480,敦陽科,雲端運算,中游,設備管理軟體
2390,云辰,雲端運算,中游,設備管理軟體
3057,喬鼎,雲端運算,中游,設備管理軟體
6112,邁達特,雲端運算,中游,設備管理軟體
3029,零壹,雲端運算,中游,設備管理軟體
6614,資拓宏宇,雲端運算,中游,設備管理軟體
2308,台達電,雲端運算,中游,設備管理軟體
8374,羅昇,雲端運算,中游,設備管理軟體
2480,敦陽科,雲端運算,下游,設備安裝服務
2390,云辰,雲端運算,下游,設備安裝服務
3057,喬鼎,雲端運算,下游,設備安裝服務
6112,邁達特,雲端運算,下游,設備安裝服務
2301,光寶科,雲端運算,下游,設備安裝服務
2453,凌群,雲端運算,下游,設備安裝服務
3029,零壹,雲端運算,下游,設備安裝服務
6614,資拓宏宇,雲端運算,下游,設備安裝服務
7765,中華資安,雲端運算,下游,設備安裝服務
2308,台達電,雲端運算,下游,設備安裝服務
2480,敦陽科,雲端運算,下游,顧問諮詢
2390,云辰,雲端運算,下游,顧問諮詢
3057,喬鼎,雲端運算,下游,顧問諮詢
6112,邁達特,雲端運算,下游,顧問諮詢
2301,光寶科,雲端運算,下游,顧問諮詢
3029,零壹,雲端運算,下游,顧問諮詢
6614,資拓宏宇,雲端運算,下游,顧問諮詢
7765,中華資安,雲端運算,下游,顧問諮詢
2308,台達電,雲端運算,下游,顧問諮詢
8374,羅昇,雲端運算,下游,顧問諮詢
6689,伊雲谷,雲端運算,下游,顧問諮詢
1229,聯華,雲端運算,下游,系統整合
2480,敦陽科,雲端運算,下游,系統整合
2390,云辰,雲端運算,下游,系統整合
2352,佳世達,雲端運算,下游,系統整合
6277,宏正,雲端運算,下游,系統整合
3057,喬鼎,雲端運算,下游,系統整合
6112,邁達特,雲端運算,下游,系統整合
2301,光寶科,雲端運算,下游,系統整合
2453,凌群,雲端運算,下游,系統整合
3029,零壹,雲端運算,下游,系統整合
2471,資通,雲端運算,下游,系統整合
6614,資拓宏宇,雲端運算,下游,系統整合
7765,中華資安,雲端運算,下游,系統整合
2308,台達電,雲端運算,下游,系統整合
8374,羅昇,雲端運算,下游,系統整合
6689,伊雲谷,雲端運算,下游,系統整合
2495,普安,雲端運算,下游,系統整合
2480,敦陽科,雲端運算,下游,SaaS
2390,云辰,雲端運算,下游,SaaS
3057,喬鼎,雲端運算,下游,SaaS
4904,遠傳,雲端運算,下游,SaaS
6112,邁達特,雲端運算,下游,SaaS
2301,光寶科,雲端運算,下游,SaaS
3029,零壹,雲端運算,下游,SaaS
2395,研華,雲端運算,下游,SaaS
6614,資拓宏宇,雲端運算,下游,SaaS
7765,中華資安,雲端運算,下游,SaaS
2308,台達電,雲端運算,下游,SaaS
6689,伊雲谷,雲端運算,下游,SaaS
2495,普安,雲端運算,下游,SaaS
2480,敦陽科,雲端運算,下游,PaaS
2390,云辰,雲端運算,下游,PaaS
3057,喬鼎,雲端運算,下游,PaaS
4904,遠傳,雲端運算,下游,PaaS
6112,邁達特,雲端運算,下游,PaaS
2301,光寶科,雲端運算,下游,PaaS
3029,零壹,雲端運算,下游,PaaS
2395,研華,雲端運算,下游,PaaS
6689,伊雲谷,雲端運算,下游,PaaS
2480,敦陽科,雲端運算,下游,IaaS
2390,云辰,雲端運算,下游,IaaS
3057,喬鼎,雲端運算,下游,IaaS
4904,遠傳,雲端運算,下游,IaaS
6112,邁達特,雲端運算,下游,IaaS
2301,光寶科,雲端運算,下游,IaaS
3029,零壹,雲端運算,下游,IaaS
2395,研華,雲端運算,下游,IaaS
6614,資拓宏宇,雲端運算,下游,IaaS
6689,伊雲谷,雲端運算,下游,IaaS
2495,普安,雲端運算,下游,IaaS
2480,敦陽科,雲端運算,下游,雲端應用服務
2390,云辰,雲端運算,下游,雲端應用服務
3057,喬鼎,雲端運算,下游,雲端應用服務
4904,遠傳,雲端運算,下游,雲端應用服務
6112,邁達特,雲端運算,下游,雲端應用服務
2301,光寶科,雲端運算,下游,雲端應用服務
3029,零壹,雲端運算,下游,雲端應用服務
2395,研華,雲端運算,下游,雲端應用服務
6614,資拓宏宇,雲端運算,下游,雲端應用服務
7765,中華資安,雲端運算,下游,雲端應用服務
2308,台達電,雲端運算,下游,雲端應用服務
6689,伊雲谷,雲端運算,下游,雲端應用服務
2495,普安,雲端運算,下游,雲端應用服務
3024,憶聲,電腦及週邊設備,上游,其他電腦及週邊設備之零組件
2371,大同,電腦及週邊設備,上游,其他電腦及週邊設備之零組件
3022,威強電,電腦及週邊設備,上游,其他電腦及週邊設備之零組件
2385,群光,電腦及週邊設備,上游,其他電腦及週邊設備之零組件
3338,泰碩,電腦及週邊設備,上游,其他電腦及週邊設備之零組件
3010,華立,電腦及週邊設備,上游,其他電腦及週邊設備之零組件
1537,廣隆,電腦及週邊設備,上游,其他電腦及週邊設備之零組件
3665,貿聯-KY,電腦及週邊設備,上游,其他電腦及週邊設備之零組件
6128,上福,電腦及週邊設備,上游,其他電腦及週邊設備之零組件
3296,勝德,電腦及週邊設備,上游,其他電腦及週邊設備之零組件
2444,兆勁,電腦及週邊設備,上游,其他電腦及週邊設備之零組件
2352,佳世達,電腦及週邊設備,上游,其他電腦及週邊設備之零組件
2483,百容,電腦及週邊設備,上游,其他電腦及週邊設備之零組件
2459,敦吉,電腦及週邊設備,上游,其他電腦及週邊設備之零組件
6283,淳安,電腦及週邊設備,上游,其他電腦及週邊設備之零組件
6224,聚鼎,電腦及週邊設備,上游,其他電腦及週邊設備之零組件
2417,圓剛,電腦及週邊設備,上游,其他電腦及週邊設備之零組件
3046,建碁,電腦及週邊設備,上游,其他電腦及週邊設備之零組件
8163,達方,電腦及週邊設備,上游,其他電腦及週邊設備之零組件
3679,新至陞,電腦及週邊設備,上游,其他電腦及週邊設備之零組件
5215,科嘉-KY,電腦及週邊設備,上游,其他電腦及週邊設備之零組件
2387,精元,電腦及週邊設備,上游,其他電腦及週邊設備之零組件
3058,立德,電腦及週邊設備,上游,其他電腦及週邊設備之零組件
2420,新巨,電腦及週邊設備,上游,其他電腦及週邊設備之零組件
3060,銘異,電腦及週邊設備,上游,其他電腦及週邊設備之零組件
2328,廣宇,電腦及週邊設備,上游,其他電腦及週邊設備之零組件
4915,致伸,電腦及週邊設備,上游,其他電腦及週邊設備之零組件
6743,安普新,電腦及週邊設備,上游,其他電腦及週邊設備之零組件
4545,銘鈺,電腦及週邊設備,上游,其他電腦及週邊設備之零組件
2439,美律,電腦及週邊設備,上游,其他電腦及週邊設備之零組件
8249,菱光,電腦及週邊設備,上游,其他電腦及週邊設備之零組件
2382,廣達,電腦及週邊設備,上游,其他電腦及週邊設備之零組件
4935,茂林-KY,電腦及週邊設備,上游,其他電腦及週邊設備之零組件
3026,禾伸堂,電腦及週邊設備,上游,其他電腦及週邊設備之零組件
2478,大毅,電腦及週邊設備,上游,其他電腦及週邊設備之零組件
3593,力銘,電腦及週邊設備,上游,其他電腦及週邊設備之零組件
8374,羅昇,電腦及週邊設備,上游,其他電腦及週邊設備之零組件
6689,伊雲谷,電腦及週邊設備,上游,其他電腦及週邊設備之零組件
2458,義隆,電腦及週邊設備,上游,其他電腦及週邊設備之零組件
2059,川湖,電腦及週邊設備,上游,其他電腦及週邊設備之零組件
3504,揚明光,電腦及週邊設備,上游,其他電腦及週邊設備之零組件
1711,永光,電腦及週邊設備,上游,其他電腦及週邊設備之零組件
2392,正崴,電腦及週邊設備,上游,其他電腦及週邊設備之零組件
6409,旭隼,電腦及週邊設備,上游,其他電腦及週邊設備之零組件
3701,大眾控,電腦及週邊設備,上游,其他電腦及週邊設備之零組件
2483,百容,電腦及週邊設備,上游,金屬、塑膠模具
2459,敦吉,電腦及週邊設備,上游,金屬、塑膠模具
3679,新至陞,電腦及週邊設備,上游,金屬、塑膠模具
4545,銘鈺,電腦及週邊設備,上游,金屬、塑膠模具
2317,鴻海,電腦及週邊設備,上游,金屬、塑膠模具
2354,鴻準,電腦及週邊設備,上游,金屬、塑膠模具
4976,佳凌,電腦及週邊設備,上游,金屬、塑膠模具
6235,華孚,電腦及週邊設備,上游,金屬、塑膠模具
1582,信錦,電腦及週邊設備,上游,金屬、塑膠模具
6205,詮欣,電腦及週邊設備,上游,金屬、塑膠模具
3504,揚明光,電腦及週邊設備,上游,金屬、塑膠模具
4999,鑫禾,電腦及週邊設備,上游,機構樞紐
6805,富世達,電腦及週邊設備,上游,機構樞紐
1582,信錦,電腦及週邊設備,上游,機構樞紐
3376,新日興,電腦及週邊設備,上游,機構樞紐
3092,鴻碩,電腦及週邊設備,上游,連接線
3023,信邦,電腦及週邊設備,上游,連接線
3665,貿聯-KY,電腦及週邊設備,上游,連接線
2440,太空梭,電腦及週邊設備,上游,連接線
6115,鎰勝,電腦及週邊設備,上游,連接線
2483,百容,電腦及週邊設備,上游,連接線
2459,敦吉,電腦及週邊設備,上游,連接線
3011,今皓,電腦及週邊設備,上游,連接線
2328,廣宇,電腦及週邊設備,上游,連接線
8103,瀚荃,電腦及週邊設備,上游,連接線
6205,詮欣,電腦及週邊設備,上游,連接線
2392,正崴,電腦及週邊設備,上游,連接線
3550,聯穎,電腦及週邊設備,上游,連接線
2349,錸德,電腦及週邊設備,上游,光碟片
2323,中環,電腦及週邊設備,上游,光碟片
3050,鈺德,電腦及週邊設備,上游,光碟片
2491,吉祥全,電腦及週邊設備,上游,光碟片
6742,澤米,電腦及週邊設備,上游,光學鏡片、鏡頭
6209,今國光,電腦及週邊設備,上游,光學鏡片、鏡頭
2483,百容,電腦及週邊設備,上游,光學鏡片、鏡頭
2459,敦吉,電腦及週邊設備,上游,光學鏡片、鏡頭
6668,中揚光,電腦及週邊設備,上游,光學鏡片、鏡頭
3406,玉晶光,電腦及週邊設備,上游,光學鏡片、鏡頭
3059,華晶科,電腦及週邊設備,上游,光學鏡片、鏡頭
3019,亞光,電腦及週邊設備,上游,光學鏡片、鏡頭
2317,鴻海,電腦及週邊設備,上游,光學鏡片、鏡頭
2374,佳能,電腦及週邊設備,上游,光學鏡片、鏡頭
3008,大立光,電腦及週邊設備,上游,光學鏡片、鏡頭
4976,佳凌,電腦及週邊設備,上游,光學鏡片、鏡頭
3504,揚明光,電腦及週邊設備,上游,光學鏡片、鏡頭
2417,圓剛,電腦及週邊設備,上游,多功能視訊卡
8271,宇瞻,電腦及週邊設備,上游,隨身碟、記憶卡讀卡機
2451,創見,電腦及週邊設備,上游,隨身碟、記憶卡讀卡機
6172,互億,電腦及週邊設備,上游,隨身碟、記憶卡讀卡機
3028,增你強,電腦及週邊設備,上游,隨身碟、記憶卡讀卡機
4967,十銓,電腦及週邊設備,上游,隨身碟、記憶卡讀卡機
2357,華碩,電腦及週邊設備,上游,隨身碟、記憶卡讀卡機
2357,華碩,電腦及週邊設備,上游,BIOS(嵌入式軟體)
3057,喬鼎,電腦及週邊設備,上游,磁碟儲存系統
2357,華碩,電腦及週邊設備,上游,磁碟儲存系統
2495,普安,電腦及週邊設備,上游,磁碟儲存系統
2357,華碩,電腦及週邊設備,上游,光碟機
2312,金寶,電腦及週邊設備,上游,硬碟機
2357,華碩,電腦及週邊設備,上游,硬碟機
2465,麗臺,電腦及週邊設備,上游,顯示卡
2417,圓剛,電腦及週邊設備,上游,顯示卡
2377,微星,電腦及週邊設備,上游,顯示卡
2376,技嘉,電腦及週邊設備,上游,顯示卡
2357,華碩,電腦及週邊設備,上游,顯示卡
2425,承啟,電腦及週邊設備,上游,顯示卡
3515,華擎,電腦及週邊設備,上游,顯示卡
6172,互億,電腦及週邊設備,上游,輸出入模組/介面卡
2377,微星,電腦及週邊設備,上游,輸出入模組/介面卡
2357,華碩,電腦及週邊設備,上游,輸出入模組/介面卡
3338,泰碩,電腦及週邊設備,上游,散熱片、風扇馬達、散熱模組
2459,敦吉,電腦及週邊設備,上游,散熱片、風扇馬達、散熱模組
6591,動力-KY,電腦及週邊設備,上游,散熱片、風扇馬達、散熱模組
6230,尼得科超眾,電腦及週邊設備,上游,散熱片、風扇馬達、散熱模組
2376,技嘉,電腦及週邊設備,上游,散熱片、風扇馬達、散熱模組
3017,奇鋐,電腦及週邊設備,上游,散熱片、風扇馬達、散熱模組
2354,鴻準,電腦及週邊設備,上游,散熱片、風扇馬達、散熱模組
4912,聯德控股-KY,電腦及週邊設備,上游,散熱片、風扇馬達、散熱模組
2308,台達電,電腦及週邊設備,上游,散熱片、風扇馬達、散熱模組
6831,邁科,電腦及週邊設備,上游,散熱片、風扇馬達、散熱模組
2421,建準,電腦及週邊設備,上游,散熱片、風扇馬達、散熱模組
3015,全漢,電腦及週邊設備,上游,電池
3026,禾伸堂,電腦及週邊設備,上游,電池
6172,互億,電腦及週邊設備,上游,網路卡
2357,華碩,電腦及週邊設備,上游,網路卡
3005,神基,電腦及週邊設備,上游,電源供應器
2385,群光,電腦及週邊設備,上游,電源供應器
6412,群電,電腦及週邊設備,上游,電源供應器
1471,首利,電腦及週邊設備,上游,電源供應器
2483,百容,電腦及週邊設備,上游,電源供應器
6117,迎廣,電腦及週邊設備,上游,電源供應器
3058,立德,電腦及週邊設備,上游,電源供應器
2420,新巨,電腦及週邊設備,上游,電源供應器
3015,全漢,電腦及週邊設備,上游,電源供應器
3308,聯德,電腦及週邊設備,上游,電源供應器
2301,光寶科,電腦及週邊設備,上游,電源供應器
2376,技嘉,電腦及週邊設備,上游,電源供應器
2431,聯昌,電腦及週邊設備,上游,電源供應器
6282,康舒,電腦及週邊設備,上游,電源供應器
2308,台達電,電腦及週邊設備,上游,電源供應器
2413,環科,電腦及週邊設備,上游,電源供應器
2457,飛宏,電腦及週邊設備,上游,電源供應器
3032,偉訓,電腦及週邊設備,上游,電源供應器
2360,致茂,電腦及週邊設備,上游,電源供應器
3005,神基,電腦及週邊設備,上游,機殼
2474,可成,電腦及週邊設備,上游,機殼
1471,首利,電腦及週邊設備,上游,機殼
4938,和碩,電腦及週邊設備,上游,機殼
3607,谷崧,電腦及週邊設備,上游,機殼
6117,迎廣,電腦及週邊設備,上游,機殼
3518,柏騰,電腦及週邊設備,上游,機殼
3015,全漢,電腦及週邊設備,上游,機殼
2301,光寶科,電腦及週邊設備,上游,機殼
3013,晟銘電,電腦及週邊設備,上游,機殼
2376,技嘉,電腦及週邊設備,上游,機殼
2317,鴻海,電腦及週邊設備,上游,機殼
2354,鴻準,電腦及週邊設備,上游,機殼
6235,華孚,電腦及週邊設備,上游,機殼
3032,偉訓,電腦及週邊設備,上游,機殼
4916,事欣科,電腦及週邊設備,上游,機殼
8210,勤誠,電腦及週邊設備,上游,機殼
2399,映泰,電腦及週邊設備,上游,主機板
3022,威強電,電腦及週邊設備,上游,主機板
2483,百容,電腦及週邊設備,上游,主機板
4938,和碩,電腦及週邊設備,上游,主機板
2377,微星,電腦及週邊設備,上游,主機板
2312,金寶,電腦及週邊設備,上游,主機板
2376,技嘉,電腦及週邊設備,上游,主機板
2331,精英,電腦及週邊設備,上游,主機板
2317,鴻海,電腦及週邊設備,上游,主機板
2388,威盛,電腦及週邊設備,上游,主機板
2357,華碩,電腦及週邊設備,上游,主機板
2425,承啟,電腦及週邊設備,上游,主機板
3515,華擎,電腦及週邊設備,上游,主機板
8271,宇瞻,電腦及週邊設備,上游,記憶體
2451,創見,電腦及週邊設備,上游,記憶體
2344,華邦電,電腦及週邊設備,上游,記憶體
4967,十銓,電腦及週邊設備,上游,記憶體
3135,凌航,電腦及週邊設備,上游,記憶體
2408,南亞科,電腦及週邊設備,上游,記憶體
3024,憶聲,電腦及週邊設備,上游,顯示器模組
3038,全台,電腦及週邊設備,上游,顯示器模組
6189,豐藝,電腦及週邊設備,上游,顯示器模組
2376,技嘉,電腦及週邊設備,上游,顯示器模組
3038,全台,電腦及週邊設備,上游,面板
2459,敦吉,電腦及週邊設備,上游,面板
6189,豐藝,電腦及週邊設備,上游,面板
6189,豐藝,電腦及週邊設備,上游,晶片組
2388,威盛,電腦及週邊設備,上游,晶片組
2388,威盛,電腦及週邊設備,上游,中央處理器
2371,大同,電腦及週邊設備,下游,安全監控系統
6131,鈞泰,電腦及週邊設備,下游,安全監控系統
3454,晶睿,電腦及週邊設備,下游,安全監控系統
2352,佳世達,電腦及週邊設備,下游,安全監控系統
2483,百容,電腦及週邊設備,下游,安全監控系統
2424,隴華,電腦及週邊設備,下游,安全監控系統
2417,圓剛,電腦及週邊設備,下游,安全監控系統
3057,喬鼎,電腦及週邊設備,下游,安全監控系統
3356,奇偶,電腦及週邊設備,下游,安全監控系統
2301,光寶科,電腦及週邊設備,下游,安全監控系統
1503,士電,電腦及週邊設備,下游,安全監控系統
2317,鴻海,電腦及週邊設備,下游,安全監控系統
3002,歐格,電腦及週邊設備,下游,安全監控系統
5484,慧友,電腦及週邊設備,下游,安全監控系統
2308,台達電,電腦及週邊設備,下游,安全監控系統
2495,普安,電腦及週邊設備,下游,安全監控系統
2371,大同,電腦及週邊設備,下游,印表機、傳真機、掃瞄器、多功能事務機、投影機
2305,全友,電腦及週邊設備,下游,印表機、傳真機、掃瞄器、多功能事務機、投影機
6225,天瀚,電腦及週邊設備,下游,印表機、傳真機、掃瞄器、多功能事務機、投影機
2430,燦坤,電腦及週邊設備,下游,印表機、傳真機、掃瞄器、多功能事務機、投影機
2352,佳世達,電腦及週邊設備,下游,印表機、傳真機、掃瞄器、多功能事務機、投影機
2483,百容,電腦及週邊設備,下游,印表機、傳真機、掃瞄器、多功能事務機、投影機
2353,宏碁,電腦及週邊設備,下游,印表機、傳真機、掃瞄器、多功能事務機、投影機
2312,金寶,電腦及週邊設備,下游,印表機、傳真機、掃瞄器、多功能事務機、投影機
4915,致伸,電腦及週邊設備,下游,印表機、傳真機、掃瞄器、多功能事務機、投影機
3019,亞光,電腦及週邊設備,下游,印表機、傳真機、掃瞄器、多功能事務機、投影機
2317,鴻海,電腦及週邊設備,下游,印表機、傳真機、掃瞄器、多功能事務機、投影機
2380,虹光,電腦及週邊設備,下游,印表機、傳真機、掃瞄器、多功能事務機、投影機
3712,永崴投控,電腦及週邊設備,下游,印表機、傳真機、掃瞄器、多功能事務機、投影機
2364,倫飛,電腦及週邊設備,下游,其他電腦及週邊設備
6201,亞弘電,電腦及週邊設備,下游,其他電腦及週邊設備
2371,大同,電腦及週邊設備,下游,其他電腦及週邊設備
6225,天瀚,電腦及週邊設備,下游,其他電腦及週邊設備
3494,誠研,電腦及週邊設備,下游,其他電腦及週邊設備
3022,威強電,電腦及週邊設備,下游,其他電腦及週邊設備
9912,偉聯,電腦及週邊設備,下游,其他電腦及週邊設備
2430,燦坤,電腦及週邊設備,下游,其他電腦及週邊設備
3669,圓展,電腦及週邊設備,下游,其他電腦及週邊設備
2352,佳世達,電腦及週邊設備,下游,其他電腦及週邊設備
6277,宏正,電腦及週邊設備,下游,其他電腦及週邊設備
2324,仁寶,電腦及週邊設備,下游,其他電腦及週邊設備
2483,百容,電腦及週邊設備,下游,其他電腦及週邊設備
2417,圓剛,電腦及週邊設備,下游,其他電腦及週邊設備
3057,喬鼎,電腦及週邊設備,下游,其他電腦及週邊設備
3046,建碁,電腦及週邊設備,下游,其他電腦及週邊設備
2353,宏碁,電腦及週邊設備,下游,其他電腦及週邊設備
2377,微星,電腦及週邊設備,下游,其他電腦及週邊設備
2420,新巨,電腦及週邊設備,下游,其他電腦及週邊設備
2397,友通,電腦及週邊設備,下游,其他電腦及週邊設備
6579,研揚,電腦及週邊設備,下游,其他電腦及週邊設備
2405,輔信,電腦及週邊設備,下游,其他電腦及週邊設備
2323,中環,電腦及週邊設備,下游,其他電腦及週邊設備
8114,振樺電,電腦及週邊設備,下游,其他電腦及週邊設備
4915,致伸,電腦及週邊設備,下游,其他電腦及週邊設備
3231,緯創,電腦及週邊設備,下游,其他電腦及週邊設備
2301,光寶科,電腦及週邊設備,下游,其他電腦及週邊設備
2376,技嘉,電腦及週邊設備,下游,其他電腦及週邊設備
3617,碩天,電腦及週邊設備,下游,其他電腦及週邊設備
2331,精英,電腦及週邊設備,下游,其他電腦及週邊設備
2317,鴻海,電腦及週邊設備,下游,其他電腦及週邊設備
5258,虹堡,電腦及週邊設備,下游,其他電腦及週邊設備
2357,華碩,電腦及週邊設備,下游,其他電腦及週邊設備
3002,歐格,電腦及週邊設備,下游,其他電腦及週邊設備
3706,神達,電腦及週邊設備,下游,其他電腦及週邊設備
2365,昆盈,電腦及週邊設備,下游,其他電腦及週邊設備
2464,盟立,電腦及週邊設備,下游,其他電腦及週邊設備
2425,承啟,電腦及週邊設備,下游,其他電腦及週邊設備
6908,宏碁遊戲-創,電腦及週邊設備,下游,其他電腦及週邊設備
4916,事欣科,電腦及週邊設備,下游,其他電腦及週邊設備
2371,大同,電腦及週邊設備,下游,伺服器
2430,燦坤,電腦及週邊設備,下游,伺服器
2352,佳世達,電腦及週邊設備,下游,伺服器
2324,仁寶,電腦及週邊設備,下游,伺服器
6669,緯穎,電腦及週邊設備,下游,伺服器
7711,永擎,電腦及週邊設備,下游,伺服器
2353,宏碁,電腦及週邊設備,下游,伺服器
2377,微星,電腦及週邊設備,下游,伺服器
2301,光寶科,電腦及週邊設備,下游,伺服器
2376,技嘉,電腦及週邊設備,下游,伺服器
2317,鴻海,電腦及週邊設備,下游,伺服器
2357,華碩,電腦及週邊設備,下游,伺服器
3706,神達,電腦及週邊設備,下游,伺服器
2425,承啟,電腦及週邊設備,下游,伺服器
3515,華擎,電腦及週邊設備,下游,伺服器
2364,倫飛,電腦及週邊設備,下游,精簡型電腦
2426,鼎元,電腦及週邊設備,下游,精簡型電腦
2430,燦坤,電腦及週邊設備,下游,精簡型電腦
2465,麗臺,電腦及週邊設備,下游,精簡型電腦
2483,百容,電腦及週邊設備,下游,精簡型電腦
2376,技嘉,電腦及週邊設備,下游,精簡型電腦
2357,華碩,電腦及週邊設備,下游,精簡型電腦
2308,台達電,電腦及週邊設備,下游,精簡型電腦
2364,倫飛,電腦及週邊設備,下游,工業電腦
3022,威強電,電腦及週邊設備,下游,工業電腦
3005,神基,電腦及週邊設備,下游,工業電腦
2352,佳世達,電腦及週邊設備,下游,工業電腦
2324,仁寶,電腦及週邊設備,下游,工業電腦
2483,百容,電腦及週邊設備,下游,工業電腦
3416,融程電,電腦及週邊設備,下游,工業電腦
6414,樺漢,電腦及週邊設備,下游,工業電腦
3652,精聯,電腦及週邊設備,下游,工業電腦
2377,微星,電腦及週邊設備,下游,工業電腦
2397,友通,電腦及週邊設備,下游,工業電腦
6579,研揚,電腦及週邊設備,下游,工業電腦
2405,輔信,電腦及週邊設備,下游,工業電腦
6166,凌華,電腦及週邊設備,下游,工業電腦
2376,技嘉,電腦及週邊設備,下游,工業電腦
6928,攸泰科技,電腦及週邊設備,下游,工業電腦
6206,飛捷,電腦及週邊設備,下游,工業電腦
3002,歐格,電腦及週邊設備,下游,工業電腦
2395,研華,電腦及週邊設備,下游,工業電腦
3515,華擎,電腦及週邊設備,下游,工業電腦
4916,事欣科,電腦及週邊設備,下游,工業電腦
3701,大眾控,電腦及週邊設備,下游,工業電腦
2371,大同,電腦及週邊設備,下游,桌上型電腦
2430,燦坤,電腦及週邊設備,下游,桌上型電腦
4938,和碩,電腦及週邊設備,下游,桌上型電腦
2353,宏碁,電腦及週邊設備,下游,桌上型電腦
2377,微星,電腦及週邊設備,下游,桌上型電腦
2405,輔信,電腦及週邊設備,下游,桌上型電腦
3231,緯創,電腦及週邊設備,下游,桌上型電腦
2376,技嘉,電腦及週邊設備,下游,桌上型電腦
2331,精英,電腦及週邊設備,下游,桌上型電腦
2317,鴻海,電腦及週邊設備,下游,桌上型電腦
2357,華碩,電腦及週邊設備,下游,桌上型電腦
2308,台達電,電腦及週邊設備,下游,桌上型電腦
2364,倫飛,電腦及週邊設備,下游,筆記型電腦
2371,大同,電腦及週邊設備,下游,筆記型電腦
3005,神基,電腦及週邊設備,下游,筆記型電腦
2430,燦坤,電腦及週邊設備,下游,筆記型電腦
2324,仁寶,電腦及週邊設備,下游,筆記型電腦
2483,百容,電腦及週邊設備,下游,筆記型電腦
4938,和碩,電腦及週邊設備,下游,筆記型電腦
2362,藍天,電腦及週邊設備,下游,筆記型電腦
2356,英業達,電腦及週邊設備,下游,筆記型電腦
2353,宏碁,電腦及週邊設備,下游,筆記型電腦
2377,微星,電腦及週邊設備,下游,筆記型電腦
3231,緯創,電腦及週邊設備,下游,筆記型電腦
2376,技嘉,電腦及週邊設備,下游,筆記型電腦
2331,精英,電腦及週邊設備,下游,筆記型電腦
2317,鴻海,電腦及週邊設備,下游,筆記型電腦
2382,廣達,電腦及週邊設備,下游,筆記型電腦
2357,華碩,電腦及週邊設備,下游,筆記型電腦
2308,台達電,電腦及週邊設備,下游,筆記型電腦
3037,欣興,電腦及週邊設備,下游,PS5/Xbox 供應鏈
2379,瑞昱,電腦及週邊設備,下游,PS5/Xbox 供應鏈
6412,群電,電腦及週邊設備,下游,PS5/Xbox 供應鏈
2454,聯發科,電腦及週邊設備,下游,PS5/Xbox 供應鏈
4938,和碩,電腦及週邊設備,下游,PS5/Xbox 供應鏈
8046,南電,電腦及週邊設備,下游,PS5/Xbox 供應鏈
2317,鴻海,電腦及週邊設備,下游,PS5/Xbox 供應鏈
2354,鴻準,電腦及週邊設備,下游,PS5/Xbox 供應鏈
4919,新唐,電腦及週邊設備,下游,PS5/Xbox 供應鏈
2330,台積電,電腦及週邊設備,下游,PS5/Xbox 供應鏈
5469,瀚宇博,電腦及週邊設備,下游,PS5/Xbox 供應鏈
2308,台達電,電腦及週邊設備,下游,PS5/Xbox 供應鏈
6197,佳必琪,電腦及週邊設備,下游,PS5/Xbox 供應鏈
2392,正崴,電腦及週邊設備,下游,PS5/Xbox 供應鏈
3653,健策,電腦及週邊設備,下游,PS5/Xbox 供應鏈
6936,永鴻生技,其他,,農業科技業
2459,敦吉,其他,,農業科技業
6952,大武山,其他,,農業科技業
6776,展碁國際,其他,,農業科技業
4764,雙鍵,其他,,農業科技業
2459,敦吉,其他,,特殊照明業
1611,中電,其他,,特殊照明業
6776,展碁國際,其他,,特殊照明業
2308,台達電,其他,,特殊照明業
2466,冠西電,其他,,其他
8438,昶昕,其他,,其他
6901,鑽石投資,其他,,其他
9944,新麗,其他,,其他
2102,泰豐,其他,,其他
2348,海悅,其他,,其他
8481,政伸,其他,,其他
2106,建大,其他,,其他
8411,福貞-KY,其他,,其他
6655,科定,其他,,其他
2496,卓越,其他,,其他
9911,櫻花,其他,,其他
8480,泰昇-KY,其他,,其他
8427,基勝-KY,其他,,其他
4141,龍燈-KY,其他,,其他
2358,廷鑫,其他,,其他
9927,泰銘,其他,,其他
9925,新保,其他,,其他
9919,康那香,其他,,其他
9917,中保科,其他,,其他
6958,日盛台駿,其他,,其他
6914,阜爾運通,其他,,其他
6790,永豐實,其他,,其他
6592,和潤企業,其他,,其他
2904,匯僑,其他,,其他
2461,光群雷,其他,,其他
1726,永記,其他,,其他
1516,川飛,其他,,其他
4164,承業醫,其他,,其他
6754,匯僑設計,其他,,其他
9940,信義,其他,,其他
1437,勤益控,其他,,其他
1617,榮星,其他,,其他
1604,聲寶,其他,,其他
2913,農林,其他,,其他
1416,廣豐,其他,,其他
8463,潤泰材,其他,,其他
1609,大亞,其他,,其他
9935,慶豐富,其他,,其他
9934,成霖,其他,,其他
1612,宏泰,其他,,其他
9902,台火,其他,,其他
2634,漢翔,其他,,其他
6464,台數科,其他,,其他
9907,統一實,其他,,其他
5306,桂盟,其他,,其他
1611,中電,其他,,其他
3003,健和興,其他,,其他
9941,裕融,其他,,其他
1708,東鹼,其他,,其他
2062,橋椿,其他,,其他
2208,台船,其他,,其他
4536,拓凱,其他,,其他
1616,億泰,其他,,其他
1603,華電,其他,,其他
2514,龍邦,其他,,其他
2540,愛山林,其他,,其他
9905,大華,其他,,其他
1342,八貫,其他,,其他
1722,台肥,其他,,其他
1598,岱宇,其他,,其他
3557,嘉威,其他,,其他
9904,寶成,其他,,其他
1718,中纖,其他,,其他
8478,東哥遊艇,其他,,其他
9938,百和,其他,,其他
6192,巨路,其他,,其他
1626,艾美特-KY,其他,,其他
9802,鈺齊-KY,其他,,其他
1615,大山,其他,,其他
1608,華榮,其他,,其他
1618,合機,其他,,其他
6753,龍德造船,其他,,其他
6776,展碁國際,其他,,其他
1710,東聯,其他,,其他
8464,億豐,其他,,其他
6585,鼎基,其他,,其他
3543,州巧,其他,,其他
1443,立益物流,其他,,其他
9910,豐泰,其他,,其他
8033,雷虎,其他,,其他
6908,宏碁遊戲-創,其他,,其他
1213,大飲,其他,,其他
1736,喬山,其他,,其他
1435,中福,其他,,其他
6830,汎銓,其他,,其他電子產品及電子服務產業
6706,惠特,其他,,其他電子產品及電子服務產業
2497,怡利電,其他,,其他電子產品及電子服務產業
6201,亞弘電,其他,,其他電子產品及電子服務產業
2371,大同,其他,,其他電子產品及電子服務產業
3038,全台,其他,,其他電子產品及電子服務產業
5283,禾聯碩,其他,,其他電子產品及電子服務產業
6196,帆宣,其他,,其他電子產品及電子服務產業
2488,漢平,其他,,其他電子產品及電子服務產業
2477,美隆電,其他,,其他電子產品及電子服務產業
6698,旭暉應材,其他,,其他電子產品及電子服務產業
2423,固緯,其他,,其他電子產品及電子服務產業
2390,云辰,其他,,其他電子產品及電子服務產業
6277,宏正,其他,,其他電子產品及電子服務產業
2433,互盛電,其他,,其他電子產品及電子服務產業
1614,三洋電,其他,,其他電子產品及電子服務產業
4588,玖鼎電力,其他,,其他電子產品及電子服務產業
2414,精技,其他,,其他電子產品及電子服務產業
2459,敦吉,其他,,其他電子產品及電子服務產業
2415,錩新,其他,,其他電子產品及電子服務產業
2482,連宇,其他,,其他電子產品及電子服務產業
2404,漢唐,其他,,其他電子產品及電子服務產業
2373,震旦行,其他,,其他電子產品及電子服務產業
6139,亞翔,其他,,其他電子產品及電子服務產業
3679,新至陞,其他,,其他電子產品及電子服務產業
3003,健和興,其他,,其他電子產品及電子服務產業
4585,達明,其他,,其他電子產品及電子服務產業
8201,無敵,其他,,其他電子產品及電子服務產業
2312,金寶,其他,,其他電子產品及電子服務產業
5225,東科-KY,其他,,其他電子產品及電子服務產業
6743,安普新,其他,,其他電子產品及電子服務產業
2301,光寶科,其他,,其他電子產品及電子服務產業
8072,陞泰,其他,,其他電子產品及電子服務產業
3055,蔚華科,其他,,其他電子產品及電子服務產業
2354,鴻準,其他,,其他電子產品及電子服務產業
3002,歐格,其他,,其他電子產品及電子服務產業
3311,閎暉,其他,,其他電子產品及電子服務產業
4935,茂林-KY,其他,,其他電子產品及電子服務產業
8021,尖點,其他,,其他電子產品及電子服務產業
6776,展碁國際,其他,,其他電子產品及電子服務產業
6691,洋基工程,其他,,其他電子產品及電子服務產業
3040,遠見,其他,,其他電子產品及電子服務產業
3043,科風,其他,,其他電子產品及電子服務產業
8374,羅昇,其他,,其他電子產品及電子服務產業
6689,伊雲谷,其他,,其他電子產品及電子服務產業
2359,所羅門,其他,,其他電子產品及電子服務產業
2059,川湖,其他,,其他電子產品及電子服務產業
4764,雙鍵,其他,,其他電子產品及電子服務產業
6908,宏碁遊戲-創,其他,,其他電子產品及電子服務產業
6944,兆聯實業,其他,,其他電子產品及電子服務產業
6215,和椿,其他,,其他電子產品及電子服務產業
2360,致茂,其他,,其他電子產品及電子服務產業
6409,旭隼,其他,,其他電子產品及電子服務產業
3712,永崴投控,其他,,其他電子產品及電子服務產業
2466,冠西電,其他,,環保潔能服務產業
9930,中聯資源,其他,,環保潔能服務產業
6641,基士德-KY,其他,,環保潔能服務產業
8341,日友,其他,,環保潔能服務產業
6951,青新-創,其他,,環保潔能服務產業
6771,平和環保-創,其他,,環保潔能服務產業
8473,山林水,其他,,環保潔能服務產業
6581,鋼聯,其他,,環保潔能服務產業
3703,欣陸,其他,,環保潔能服務產業
6923,中台,其他,,環保潔能服務產業
8422,可寧衛*,其他,,環保潔能服務產業
6776,展碁國際,其他,,環保潔能服務產業
8476,台境*,其他,,環保潔能服務產業
9955,佳龍,其他,,環保潔能服務產業
6944,兆聯實業,其他,,環保潔能服務產業
5292,華懋,其他,,環保潔能服務產業
6994,富威電力,其他,,環保潔能服務產業
9929,秋雨,其他,,文化印刷業
1907,永豐餘,其他,,文化印刷業
6776,展碁國際,其他,,文化印刷業
8261,富鼎,能源元件,上游,原材料
3010,華立,能源元件,上游,原材料
8215,明基材,能源元件,上游,原材料
3665,貿聯-KY,能源元件,上游,原材料
2352,佳世達,能源元件,上游,原材料
6278,台表科,能源元件,上游,原材料
5234,達興材料,能源元件,上游,原材料
1723,中碳,能源元件,上游,原材料
4739,康普,能源元件,上游,原材料
1589,永冠-KY,能源元件,上游,原材料
6278,台表科,能源元件,中游,電池芯
2308,台達電,能源元件,中游,電池芯
6558,興能高,能源元件,中游,電池芯
2360,致茂,能源元件,中游,電池芯
2459,敦吉,能源元件,下游,電池模組
6278,台表科,能源元件,下游,電池模組
3015,全漢,能源元件,下游,電池模組
2439,美律,能源元件,下游,電池模組
3026,禾伸堂,能源元件,下游,電池模組
2308,台達電,能源元件,下游,電池模組
2360,致茂,能源元件,下游,電池模組
6838,台新藥,食品生技,上游,原料
4108,懷特,食品生技,上游,原料
1760,寶齡富錦,食品生技,中游,加工製成品
1795,美時,食品生技,中游,加工製成品
6838,台新藥,食品生技,中游,加工製成品
1707,葡萄王,食品生技,中游,加工製成品
7780,大研生醫*,食品生技,下游,保健食品代理銷售及通路
1760,寶齡富錦,食品生技,下游,保健食品代理銷售及通路
1795,美時,食品生技,下游,保健食品代理銷售及通路
4137,麗豐-KY,食品生技,下游,保健食品代理銷售及通路
1731,美吾華,食品生技,下游,保健食品代理銷售及通路
1720,生達,食品生技,下游,保健食品代理銷售及通路
3164,景岳,食品生技,下游,保健食品代理銷售及通路
6838,台新藥,食品生技,下游,保健食品代理銷售及通路
1707,葡萄王,食品生技,下游,保健食品代理銷售及通路
3054,立萬利,食品生技,下游,保健食品代理銷售及通路
2481,強茂,電動車輛產業,上游,IC
8261,富鼎,電動車輛產業,上游,IC
6251,定穎,電動車輛產業,上游,IC
3016,嘉晶,電動車輛產業,上游,IC
2481,強茂,電動車輛產業,上游,鋰電池材料
8261,富鼎,電動車輛產業,上游,鋰電池材料
3010,華立,電動車輛產業,上游,鋰電池材料
8215,明基材,電動車輛產業,上游,鋰電池材料
1537,廣隆,電動車輛產業,上游,鋰電池材料
6251,定穎,電動車輛產業,上游,鋰電池材料
2352,佳世達,電動車輛產業,上游,鋰電池材料
2415,錩新,電動車輛產業,上游,鋰電池材料
1611,中電,電動車輛產業,上游,鋰電池材料
6278,台表科,電動車輛產業,上游,鋰電池材料
5234,達興材料,電動車輛產業,上游,鋰電池材料
1723,中碳,電動車輛產業,上游,鋰電池材料
4739,康普,電動車輛產業,上游,鋰電池材料
1605,華新,電動車輛產業,上游,鋰電池材料
3016,嘉晶,電動車輛產業,上游,鋰電池材料
4551,智伸科,電動車輛產業,中游,其他
1568,倉佑,電動車輛產業,中游,其他
1587,吉茂,電動車輛產業,中游,其他
1533,車王電,電動車輛產業,中游,其他
3231,緯創,電動車輛產業,中游,其他
2317,鴻海,電動車輛產業,中游,其他
2241,艾姆勒,電動車輛產業,中游,其他
1536,和大,電動車輛產業,中游,其他
2421,建準,電動車輛產業,中游,其他
2392,正崴,電動車輛產業,中游,其他
3023,信邦,電動車輛產業,中游,充電系統
2352,佳世達,電動車輛產業,中游,充電系統
3003,健和興,電動車輛產業,中游,充電系統
5285,界霖,電動車輛產業,中游,充電系統
2301,光寶科,電動車輛產業,中游,充電系統
1519,華城,電動車輛產業,中游,充電系統
6282,康舒,電動車輛產業,中游,充電系統
2308,台達電,電動車輛產業,中游,充電系統
2483,百容,電動車輛產業,中游,動力馬達
1503,士電,電動車輛產業,中游,動力馬達
1504,東元,電動車輛產業,中游,動力馬達
6288,聯嘉,電動車輛產業,中游,大功率鋰電池芯/模組、電池管理系統、動力馬達等零組件
2371,大同,電動車輛產業,中游,大功率鋰電池芯/模組、電池管理系統、動力馬達等零組件
6271,同欣電,電動車輛產業,中游,大功率鋰電池芯/模組、電池管理系統、動力馬達等零組件
6285,啟碁,電動車輛產業,中游,大功率鋰電池芯/模組、電池管理系統、動力馬達等零組件
3023,信邦,電動車輛產業,中游,大功率鋰電池芯/模組、電池管理系統、動力馬達等零組件
2106,建大,電動車輛產業,中游,大功率鋰電池芯/模組、電池管理系統、動力馬達等零組件
3665,貿聯-KY,電動車輛產業,中游,大功率鋰電池芯/模組、電池管理系統、動力馬達等零組件
4551,智伸科,電動車輛產業,中游,大功率鋰電池芯/模組、電池管理系統、動力馬達等零組件
2352,佳世達,電動車輛產業,中游,大功率鋰電池芯/模組、電池管理系統、動力馬達等零組件
1568,倉佑,電動車輛產業,中游,大功率鋰電池芯/模組、電池管理系統、動力馬達等零組件
2483,百容,電動車輛產業,中游,大功率鋰電池芯/模組、電池管理系統、動力馬達等零組件
2459,敦吉,電動車輛產業,中游,大功率鋰電池芯/模組、電池管理系統、動力馬達等零組件
3003,健和興,電動車輛產業,中游,大功率鋰電池芯/模組、電池管理系統、動力馬達等零組件
3501,維熹,電動車輛產業,中游,大功率鋰電池芯/模組、電池管理系統、動力馬達等零組件
6278,台表科,電動車輛產業,中游,大功率鋰電池芯/模組、電池管理系統、動力馬達等零組件
3058,立德,電動車輛產業,中游,大功率鋰電池芯/模組、電池管理系統、動力馬達等零組件
2207,和泰車,電動車輛產業,中游,大功率鋰電池芯/模組、電池管理系統、動力馬達等零組件
1533,車王電,電動車輛產業,中游,大功率鋰電池芯/模組、電池管理系統、動力馬達等零組件
3015,全漢,電動車輛產業,中游,大功率鋰電池芯/模組、電池管理系統、動力馬達等零組件
2401,凌陽,電動車輛產業,中游,大功率鋰電池芯/模組、電池管理系統、動力馬達等零組件
3231,緯創,電動車輛產業,中游,大功率鋰電池芯/模組、電池管理系統、動力馬達等零組件
2301,光寶科,電動車輛產業,中游,大功率鋰電池芯/模組、電池管理系統、動力馬達等零組件
2376,技嘉,電動車輛產業,中游,大功率鋰電池芯/模組、電池管理系統、動力馬達等零組件
1519,華城,電動車輛產業,中游,大功率鋰電池芯/模組、電池管理系統、動力馬達等零組件
1503,士電,電動車輛產業,中游,大功率鋰電池芯/模組、電池管理系統、動力馬達等零組件
3019,亞光,電動車輛產業,中游,大功率鋰電池芯/模組、電池管理系統、動力馬達等零組件
2317,鴻海,電動車輛產業,中游,大功率鋰電池芯/模組、電池管理系統、動力馬達等零組件
1605,華新,電動車輛產業,中游,大功率鋰電池芯/模組、電池管理系統、動力馬達等零組件
1504,東元,電動車輛產業,中游,大功率鋰電池芯/模組、電池管理系統、動力馬達等零組件
6282,康舒,電動車輛產業,中游,大功率鋰電池芯/模組、電池管理系統、動力馬達等零組件
2241,艾姆勒,電動車輛產業,中游,大功率鋰電池芯/模組、電池管理系統、動力馬達等零組件
1536,和大,電動車輛產業,中游,大功率鋰電池芯/模組、電池管理系統、動力馬達等零組件
2308,台達電,電動車輛產業,中游,大功率鋰電池芯/模組、電池管理系統、動力馬達等零組件
2457,飛宏,電動車輛產業,中游,大功率鋰電池芯/模組、電池管理系統、動力馬達等零組件
8131,福懋科,電動車輛產業,中游,大功率鋰電池芯/模組、電池管理系統、動力馬達等零組件
7788,松川精密,電動車輛產業,中游,大功率鋰電池芯/模組、電池管理系統、動力馬達等零組件
6781,AES-KY,電動車輛產業,中游,大功率鋰電池芯/模組、電池管理系統、動力馬達等零組件
2421,建準,電動車輛產業,中游,大功率鋰電池芯/模組、電池管理系統、動力馬達等零組件
2360,致茂,電動車輛產業,中游,大功率鋰電池芯/模組、電池管理系統、動力馬達等零組件
2392,正崴,電動車輛產業,中游,大功率鋰電池芯/模組、電池管理系統、動力馬達等零組件
6202,盛群,電動車輛產業,中游,大功率鋰電池芯/模組、電池管理系統、動力馬達等零組件
8261,富鼎,電動車輛產業,下游,電動汽車、電動機車、電動自行車
9921,巨大,電動車輛產業,下游,電動汽車、電動機車、電動自行車
8163,達方,電動車輛產業,下游,電動汽車、電動機車、電動自行車
6278,台表科,電動車輛產業,下游,電動汽車、電動機車、電動自行車
2207,和泰車,電動車輛產業,下游,電動汽車、電動機車、電動自行車
9914,美利達,電動車輛產業,下游,電動汽車、電動機車、電動自行車
3015,全漢,電動車輛產業,下游,電動汽車、電動機車、電動自行車
2201,裕隆,電動車輛產業,下游,電動汽車、電動機車、電動自行車
2204,中華,電動車輛產業,下游,電動汽車、電動機車、電動自行車
4952,凌通,電動車輛產業,下游,電動汽車、電動機車、電動自行車
6202,盛群,電動車輛產業,下游,電動汽車、電動機車、電動自行車
1612,宏泰,汽電共生,上游,電纜
1615,大山,汽電共生,上游,電纜
1618,合機,汽電共生,上游,電纜
1623,大東電,汽電共生,上游,電纜
1519,華城,汽電共生,上游,變壓器
1519,華城,汽電共生,上游,配電系統
1514,亞力,汽電共生,上游,配電系統
6192,巨路,汽電共生,中游,系統整合
9933,中鼎,汽電共生,中游,營造設置
8926,台汽電,汽電共生,中游,營造設置
8926,台汽電,汽電共生,下游,發電營運
6192,巨路,汽電共生,下游,設備維護
1326,台化,紡織,上游,石化原料(例如純對苯二甲酸、乙二醇、己內醯胺、丙烯腈等)
1314,中石化,紡織,上游,石化原料(例如純對苯二甲酸、乙二醇、己內醯胺、丙烯腈等)
1301,台塑,紡織,上游,石化原料(例如純對苯二甲酸、乙二醇、己內醯胺、丙烯腈等)
1402,遠東新,紡織,上游,石化原料(例如純對苯二甲酸、乙二醇、己內醯胺、丙烯腈等)
1303,南亞,紡織,上游,石化原料(例如純對苯二甲酸、乙二醇、己內醯胺、丙烯腈等)
1710,東聯,紡織,上游,石化原料(例如純對苯二甲酸、乙二醇、己內醯胺、丙烯腈等)
1449,佳和,紡織,中游,織布
1451,年興,紡織,中游,織布
1474,弘裕,紡織,中游,織布
1465,偉全,紡織,中游,織布
1447,力鵬,紡織,中游,織布
1326,台化,紡織,中游,織布
1460,宏遠,紡織,中游,織布
1434,福懋,紡織,中游,織布
1464,得力,紡織,中游,織布
4426,利勤,紡織,中游,織布
1454,台富,紡織,中游,織布
1445,大宇,紡織,中游,織布
1468,昶和,紡織,中游,織布
1446,宏和,紡織,中游,織布
1476,儒鴻,紡織,中游,織布
1419,新紡,紡織,中游,織布
1456,怡華,紡織,中游,織布
1449,佳和,紡織,中游,紡紗
1453,大將,紡織,中游,紡紗
1451,年興,紡織,中游,紡紗
1441,大東,紡織,中游,紡紗
1413,宏洲,紡織,中游,紡紗
1447,力鵬,紡織,中游,紡紗
1326,台化,紡織,中游,紡紗
1440,南紡,紡織,中游,紡紗
1460,宏遠,紡織,中游,紡紗
1434,福懋,紡織,中游,紡紗
1464,得力,紡織,中游,紡紗
1454,台富,紡織,中游,紡紗
1457,宜進,紡織,中游,紡紗
1445,大宇,紡織,中游,紡紗
1414,東和,紡織,中游,紡紗
1456,怡華,紡織,中游,紡紗
1468,昶和,紡織,中游,化學助劑
1713,國化,紡織,中游,化學助劑
4739,康普,紡織,中游,化學助劑
1727,中華化,紡織,中游,化學助劑
4764,雙鍵,紡織,中游,化學助劑
1423,利華,紡織,中游,天然纖維產品(例如純棉、純羊毛等)
1456,怡華,紡織,中游,天然纖維產品(例如純棉、純羊毛等)
1452,宏益,紡織,中游,人造纖維產品(例如尼龍纖維、聚酯纖維、嫘縈纖維等)
4440,宜新實業,紡織,中游,人造纖維產品(例如尼龍纖維、聚酯纖維、嫘縈纖維等)
1418,東華,紡織,中游,人造纖維產品(例如尼龍纖維、聚酯纖維、嫘縈纖維等)
1444,力麗,紡織,中游,人造纖維產品(例如尼龍纖維、聚酯纖維、嫘縈纖維等)
1413,宏洲,紡織,中游,人造纖維產品(例如尼龍纖維、聚酯纖維、嫘縈纖維等)
1465,偉全,紡織,中游,人造纖維產品(例如尼龍纖維、聚酯纖維、嫘縈纖維等)
1459,聯發,紡織,中游,人造纖維產品(例如尼龍纖維、聚酯纖維、嫘縈纖維等)
1447,力鵬,紡織,中游,人造纖維產品(例如尼龍纖維、聚酯纖維、嫘縈纖維等)
1326,台化,紡織,中游,人造纖維產品(例如尼龍纖維、聚酯纖維、嫘縈纖維等)
1440,南紡,紡織,中游,人造纖維產品(例如尼龍纖維、聚酯纖維、嫘縈纖維等)
1464,得力,紡織,中游,人造纖維產品(例如尼龍纖維、聚酯纖維、嫘縈纖維等)
1409,新纖,紡織,中游,人造纖維產品(例如尼龍纖維、聚酯纖維、嫘縈纖維等)
1455,集盛,紡織,中游,人造纖維產品(例如尼龍纖維、聚酯纖維、嫘縈纖維等)
1457,宜進,紡織,中游,人造纖維產品(例如尼龍纖維、聚酯纖維、嫘縈纖維等)
1468,昶和,紡織,中游,人造纖維產品(例如尼龍纖維、聚酯纖維、嫘縈纖維等)
1402,遠東新,紡織,中游,人造纖維產品(例如尼龍纖維、聚酯纖維、嫘縈纖維等)
1303,南亞,紡織,中游,人造纖維產品(例如尼龍纖維、聚酯纖維、嫘縈纖維等)
1466,聚隆,紡織,中游,人造纖維產品(例如尼龍纖維、聚酯纖維、嫘縈纖維等)
1456,怡華,紡織,中游,人造纖維產品(例如尼龍纖維、聚酯纖維、嫘縈纖維等)
9944,新麗,紡織,下游,成衣及其它家居紡織類品
1451,年興,紡織,下游,成衣及其它家居紡織類品
9919,康那香,紡織,下游,成衣及其它家居紡織類品
1467,南緯,紡織,下游,成衣及其它家居紡織類品
1417,嘉裕,紡織,下游,成衣及其它家居紡織類品
1315,達新,紡織,下游,成衣及其它家居紡織類品
2929,淘帝-KY,紡織,下游,成衣及其它家居紡織類品
4438,廣越,紡織,下游,成衣及其它家居紡織類品
1460,宏遠,紡織,下游,成衣及其它家居紡織類品
8429,金麗-KY,紡織,下游,成衣及其它家居紡織類品
1454,台富,紡織,下游,成衣及其它家居紡織類品
1468,昶和,紡織,下游,成衣及其它家居紡織類品
1446,宏和,紡織,下游,成衣及其它家居紡織類品
1402,遠東新,紡織,下游,成衣及其它家居紡織類品
1473,台南,紡織,下游,成衣及其它家居紡織類品
4414,如興,紡織,下游,成衣及其它家居紡織類品
4441,振大環球,紡織,下游,成衣及其它家居紡織類品
6504,南六,紡織,下游,成衣及其它家居紡織類品
1476,儒鴻,紡織,下游,成衣及其它家居紡織類品
8404,百和興業-KY,紡織,下游,成衣及其它家居紡織類品
1477,聚陽,紡織,下游,成衣及其它家居紡織類品
1449,佳和,紡織,下游,染整
1451,年興,紡織,下游,染整
1467,南緯,紡織,下游,染整
1463,強盛新,紡織,下游,染整
1475,業旺,紡織,下游,染整
1432,大魯閣,紡織,下游,染整
1447,力鵬,紡織,下游,染整
1326,台化,紡織,下游,染整
1460,宏遠,紡織,下游,染整
1434,福懋,紡織,下游,染整
1464,得力,紡織,下游,染整
1410,南染,紡織,下游,染整
1457,宜進,紡織,下游,染整
1468,昶和,紡織,下游,染整
1402,遠東新,紡織,下游,染整
1303,南亞,紡織,下游,染整
1419,新紡,紡織,下游,染整
1470,大統新創,紡織,下游,染整
1229,聯華,食品,上游,澱粉、調味料
1737,臺鹽,食品,上游,澱粉、調味料
1220,台榮,食品,上游,澱粉、調味料
1233,天仁,食品,上游,茶葉
2913,農林,食品,上游,茶葉
1225,福懋油,食品,上游,油脂
1216,統一,食品,上游,油脂
1229,聯華,食品,上游,油脂
1218,泰山,食品,上游,油脂
1232,大統益,食品,上游,油脂
1219,福壽,食品,上游,油脂
1702,南僑,食品,上游,油脂
1225,福懋油,食品,上游,原物料
1216,統一,食品,上游,原物料
1215,卜蜂,食品,上游,原物料
1210,大成,食品,上游,原物料
1232,大統益,食品,上游,原物料
1235,興泰,食品,上游,原物料
1220,台榮,食品,上游,原物料
1217,愛之味,食品,中游,飲料
1218,泰山,食品,中游,飲料
1234,黑松,食品,中游,飲料
1215,卜蜂,食品,中游,加工食品
1229,聯華,食品,中游,加工食品
1210,大成,食品,中游,加工食品
9917,中保科,食品,中游,加工食品
7791,皇家可口,食品,中游,加工食品
8940,新天地,食品,下游,餐飲連鎖
7705,三商餐飲,食品,下游,餐飲連鎖
9917,中保科,食品,下游,餐飲連鎖
1233,天仁,食品,下游,餐飲連鎖
2753,八方雲集,食品,下游,餐飲連鎖
1702,南僑,食品,下游,餐飲連鎖
2723,美食-KY,食品,下游,餐飲連鎖
2727,王品,食品,下游,餐飲連鎖
1216,統一,食品,,其他加工食品
1203,味王,食品,,其他加工食品
1231,聯華食,食品,,其他加工食品
2753,八方雲集,食品,,其他加工食品
1236,宏亞,食品,,其他加工食品
1201,味全,食品,,其他加工食品
1702,南僑,食品,,其他加工食品
1227,佳格,食品,,其他加工食品
2497,怡利電,汽車,上游,其他
2340,台亞,汽車,上游,其他
9942,茂順,汽車,上游,其他
4551,智伸科,汽車,上游,其他
1568,倉佑,汽車,上游,其他
2459,敦吉,汽車,上游,其他
6283,淳安,汽車,上游,其他
3679,新至陞,汽車,上游,其他
1506,正道,汽車,上游,其他
1587,吉茂,汽車,上游,其他
1525,江申,汽車,上游,其他
2248,華勝-KY,汽車,上游,其他
1533,車王電,汽車,上游,其他
2228,劍麟,汽車,上游,其他
2301,光寶科,汽車,上游,其他
1503,士電,汽車,上游,其他
3311,閎暉,汽車,上游,其他
3706,神達,汽車,上游,其他
4976,佳凌,汽車,上游,其他
6605,帝寶,汽車,上游,其他
4590,富田-創,汽車,上游,其他
2241,艾姆勒,汽車,上游,其他
1536,和大,汽車,上游,其他
2308,台達電,汽車,上游,其他
1512,瑞利,汽車,上游,其他
2239,英利-KY,汽車,上游,其他
7788,松川精密,汽車,上游,其他
1338,廣華-KY,汽車,上游,其他
1339,昭輝,汽車,上游,保險桿
2248,華勝-KY,汽車,上游,保險桿
1319,東陽,汽車,上游,保險桿
2239,英利-KY,汽車,上游,保險桿
2248,華勝-KY,汽車,上游,引擎蓋
1319,東陽,汽車,上游,引擎蓋
2248,華勝-KY,汽車,上游,鋁合金鋼圈
1563,巧新,汽車,上游,鋁合金鋼圈
2248,華勝-KY,汽車,上游,鈑金
1524,耿鼎,汽車,上游,鈑金
1319,東陽,汽車,上游,鈑金
2101,南港,汽車,上游,輪胎
2102,泰豐,汽車,上游,輪胎
2106,建大,汽車,上游,輪胎
2105,正新,汽車,上游,輪胎
2248,華勝-KY,汽車,上游,輪胎
2340,台亞,汽車,上游,車燈
1538,正峰,汽車,上游,車燈
2459,敦吉,汽車,上游,車燈
1521,大億,汽車,上游,車燈
2248,華勝-KY,汽車,上游,車燈
2301,光寶科,汽車,上游,車燈
1522,堤維西,汽車,上游,車燈
2254,巨鎧精密-創,汽車,上游,車燈
6605,帝寶,汽車,上游,車燈
3437,榮創,汽車,上游,車燈
2206,三陽工業,汽車,中游,整車組裝、修理及技術服務
2227,裕日車,汽車,中游,整車組裝、修理及技術服務
2201,裕隆,汽車,中游,整車組裝、修理及技術服務
2204,中華,汽車,中游,整車組裝、修理及技術服務
2231,為升,汽車,中游,整車組裝、修理及技術服務
2206,三陽工業,汽車,下游,銷售、進出口業務
2227,裕日車,汽車,下游,銷售、進出口業務
2247,汎德永業,汽車,下游,銷售、進出口業務
2207,和泰車,汽車,下游,銷售、進出口業務
5871,中租-KY,汽車,下游,銷售、進出口業務
2301,光寶科,汽車,下游,銷售、進出口業務
2204,中華,汽車,下游,銷售、進出口業務
2618,長榮航,交通運輸及航運,,海陸空大眾運輸
2646,星宇航空,交通運輸及航運,,海陸空大眾運輸
2633,台灣高鐵,交通運輸及航運,,海陸空大眾運輸
2607,榮運,交通運輸及航運,,海陸空大眾運輸
2610,華航,交通運輸及航運,,海陸空大眾運輸
2645,長榮航太,交通運輸及航運,,海陸空大眾運輸
2612,中航,交通運輸及航運,,海陸空大眾運輸
6757,台灣虎航,交通運輸及航運,,海陸空大眾運輸
5607,遠雄港,交通運輸及航運,,貨櫃運輸集散及倉儲
9917,中保科,交通運輸及航運,,貨櫃運輸集散及倉儲
2611,志信,交通運輸及航運,,貨櫃運輸集散及倉儲
2607,榮運,交通運輸及航運,,貨櫃運輸集散及倉儲
1103,嘉泥,交通運輸及航運,,貨櫃運輸集散及倉儲
2613,中櫃,交通運輸及航運,,貨櫃運輸集散及倉儲
2612,中航,交通運輸及航運,,貨櫃運輸集散及倉儲
2630,亞航,交通運輸及航運,,貨櫃運輸集散及倉儲
2616,山隆,交通運輸及航運,,貨櫃運輸集散及倉儲
9917,中保科,交通運輸及航運,,海陸空貨運承攬
2608,嘉里大榮,交通運輸及航運,,海陸空貨運承攬
2636,台驊控股,交通運輸及航運,,海陸空貨運承攬
2642,宅配通,交通運輸及航運,,海陸空貨運承攬
2607,榮運,交通運輸及航運,,海陸空貨運承攬
2612,中航,交通運輸及航運,,海陸空貨運承攬
2605,新興,交通運輸及航運,,散裝航運
8367,建新國際,交通運輸及航運,,散裝航運
2617,台航,交通運輸及航運,,散裝航運
2601,益航,交通運輸及航運,,散裝航運
5608,四維航,交通運輸及航運,,散裝航運
2612,中航,交通運輸及航運,,散裝航運
2606,裕民,交通運輸及航運,,散裝航運
2637,慧洋-KY,交通運輸及航運,,散裝航運
8367,建新國際,交通運輸及航運,,貨櫃航運
2607,榮運,交通運輸及航運,,貨櫃航運
2603,長榮,交通運輸及航運,,貨櫃航運
2609,陽明,交通運輸及航運,,貨櫃航運
2615,萬海,交通運輸及航運,,貨櫃航運
3665,貿聯-KY,醫療器材,上游,金屬零件
5284,jpp-KY,醫療器材,上游,金屬零件
5288,豐祥-KY,醫療器材,上游,金屬零件
6838,台新藥,醫療器材,上游,金屬零件
3543,州巧,醫療器材,上游,金屬零件
3010,華立,醫療器材,上游,塑化材料
3665,貿聯-KY,醫療器材,上游,塑化材料
2459,敦吉,醫療器材,上游,塑化材料
2476,鉅祥,醫療器材,上游,塑化材料
6838,台新藥,醫療器材,上游,塑化材料
3543,州巧,醫療器材,上游,塑化材料
2308,台達電,醫療器材,上游,塑化材料
3010,華立,醫療器材,上游,電子零組件、塑膠零件、五金零件
3665,貿聯-KY,醫療器材,上游,電子零組件、塑膠零件、五金零件
2459,敦吉,醫療器材,上游,電子零組件、塑膠零件、五金零件
5284,jpp-KY,醫療器材,上游,電子零組件、塑膠零件、五金零件
2476,鉅祥,醫療器材,上游,電子零組件、塑膠零件、五金零件
5288,豐祥-KY,醫療器材,上游,電子零組件、塑膠零件、五金零件
6838,台新藥,醫療器材,上游,電子零組件、塑膠零件、五金零件
3543,州巧,醫療器材,上游,電子零組件、塑膠零件、五金零件
2308,台達電,醫療器材,上游,電子零組件、塑膠零件、五金零件
4106,雃博,醫療器材,中游,其他
6918,愛派司,醫療器材,中游,其他
6838,台新藥,醫療器材,中游,其他
7799,禾榮科,醫療器材,中游,其他
6796,晉弘,醫療器材,中游,其他
6934,心誠鎂,醫療器材,中游,其他
3543,州巧,醫療器材,中游,其他
2308,台達電,醫療器材,中游,其他
3038,全台,醫療器材,中游,顯示器
2352,佳世達,醫療器材,中游,顯示器
5284,jpp-KY,醫療器材,中游,顯示器
6838,台新藥,醫療器材,中游,顯示器
1760,寶齡富錦,醫療器材,中游,生物檢測
2465,麗臺,醫療器材,中游,生物檢測
4133,亞諾法,醫療器材,中游,生物檢測
5284,jpp-KY,醫療器材,中游,生物檢測
6955,邦睿生技-創,醫療器材,中游,生物檢測
6838,台新藥,醫療器材,中游,生物檢測
6598,ABC-KY,醫療器材,中游,生物檢測
2301,光寶科,醫療器材,中游,生物檢測
4737,華廣,醫療器材,中游,生物檢測
6861,睿生光電,醫療器材,中游,生物檢測
6645,金萬林-創,醫療器材,中游,生物檢測
2308,台達電,醫療器材,中游,生物檢測
1760,寶齡富錦,醫療器材,中游,醫療耗材
1786,科妍,醫療器材,中游,醫療耗材
4155,訊映,醫療器材,中游,醫療耗材
9919,康那香,醫療器材,中游,醫療耗材
2352,佳世達,醫療器材,中游,醫療耗材
1733,五鼎,醫療器材,中游,醫療耗材
5284,jpp-KY,醫療器材,中游,醫療耗材
6955,邦睿生技-創,醫療器材,中游,醫療耗材
1783,和康生,醫療器材,中游,醫療耗材
6838,台新藥,醫療器材,中游,醫療耗材
2301,光寶科,醫療器材,中游,醫療耗材
6504,南六,醫療器材,中游,醫療耗材
6645,金萬林-創,醫療器材,中游,醫療耗材
3543,州巧,醫療器材,中游,醫療耗材
9919,康那香,醫療器材,中游,衛生用品
5284,jpp-KY,醫療器材,中游,衛生用品
4438,廣越,醫療器材,中游,衛生用品
6838,台新藥,醫療器材,中游,衛生用品
6504,南六,醫療器材,中游,衛生用品
6491,晶碩,醫療器材,中游,隱型眼鏡、光學鏡片
5284,jpp-KY,醫療器材,中游,隱型眼鏡、光學鏡片
6838,台新藥,醫療器材,中游,隱型眼鏡、光學鏡片
4771,望隼,醫療器材,中游,隱型眼鏡、光學鏡片
6782,視陽,醫療器材,中游,隱型眼鏡、光學鏡片
5284,jpp-KY,醫療器材,中游,人工關節
6838,台新藥,醫療器材,中游,人工關節
6201,亞弘電,醫療器材,中游,體溫計、血壓計
4736,泰博,醫療器材,中游,體溫計、血壓計
1733,五鼎,醫療器材,中游,體溫計、血壓計
2483,百容,醫療器材,中游,體溫計、血壓計
5284,jpp-KY,醫療器材,中游,體溫計、血壓計
6838,台新藥,醫療器材,中游,體溫計、血壓計
1760,寶齡富錦,醫療器材,中游,醫療器材研發、設計、製造
6491,晶碩,醫療器材,中游,醫療器材研發、設計、製造
6201,亞弘電,醫療器材,中游,醫療器材研發、設計、製造
1786,科妍,醫療器材,中游,醫療器材研發、設計、製造
3038,全台,醫療器材,中游,醫療器材研發、設計、製造
4155,訊映,醫療器材,中游,醫療器材研發、設計、製造
4106,雃博,醫療器材,中游,醫療器材研發、設計、製造
6918,愛派司,醫療器材,中游,醫療器材研發、設計、製造
9919,康那香,醫療器材,中游,醫療器材研發、設計、製造
4736,泰博,醫療器材,中游,醫療器材研發、設計、製造
2352,佳世達,醫療器材,中游,醫療器材研發、設計、製造
1733,五鼎,醫療器材,中游,醫療器材研發、設計、製造
2465,麗臺,醫療器材,中游,醫療器材研發、設計、製造
4133,亞諾法,醫療器材,中游,醫療器材研發、設計、製造
2483,百容,醫療器材,中游,醫療器材研發、設計、製造
5284,jpp-KY,醫療器材,中游,醫療器材研發、設計、製造
4438,廣越,醫療器材,中游,醫療器材研發、設計、製造
6955,邦睿生技-創,醫療器材,中游,醫療器材研發、設計、製造
1783,和康生,醫療器材,中游,醫療器材研發、設計、製造
6838,台新藥,醫療器材,中游,醫療器材研發、設計、製造
6598,ABC-KY,醫療器材,中游,醫療器材研發、設計、製造
4771,望隼,醫療器材,中游,醫療器材研發、設計、製造
2301,光寶科,醫療器材,中游,醫療器材研發、設計、製造
4737,華廣,醫療器材,中游,醫療器材研發、設計、製造
7799,禾榮科,醫療器材,中游,醫療器材研發、設計、製造
6796,晉弘,醫療器材,中游,醫療器材研發、設計、製造
6861,睿生光電,醫療器材,中游,醫療器材研發、設計、製造
6934,心誠鎂,醫療器材,中游,醫療器材研發、設計、製造
6504,南六,醫療器材,中游,醫療器材研發、設計、製造
6645,金萬林-創,醫療器材,中游,醫療器材研發、設計、製造
3543,州巧,醫療器材,中游,醫療器材研發、設計、製造
6782,視陽,醫療器材,中游,醫療器材研發、設計、製造
2308,台達電,醫療器材,中游,醫療器材研發、設計、製造
4104,佳醫,醫療器材,下游,醫療院所、醫療器材專賣店、藥局等通路
2352,佳世達,醫療器材,下游,醫療院所、醫療器材專賣店、藥局等通路
4164,承業醫,醫療器材,下游,醫療院所、醫療器材專賣店、藥局等通路
5284,jpp-KY,醫療器材,下游,醫療院所、醫療器材專賣店、藥局等通路
6931,青松健康,醫療器材,下游,醫療院所、醫療器材專賣店、藥局等通路
6838,台新藥,醫療器材,下游,醫療院所、醫療器材專賣店、藥局等通路
6598,ABC-KY,醫療器材,下游,醫療院所、醫療器材專賣店、藥局等通路
3543,州巧,醫療器材,下游,醫療院所、醫療器材專賣店、藥局等通路
2371,大同,醫療器材,下游,醫療器材代理
4104,佳醫,醫療器材,下游,醫療器材代理
6918,愛派司,醫療器材,下游,醫療器材代理
9917,中保科,醫療器材,下游,醫療器材代理
2352,佳世達,醫療器材,下游,醫療器材代理
4164,承業醫,醫療器材,下游,醫療器材代理
5284,jpp-KY,醫療器材,下游,醫療器材代理
6931,青松健康,醫療器材,下游,醫療器材代理
6838,台新藥,醫療器材,下游,醫療器材代理
4720,德淵,醫療器材,下游,醫療器材代理
6614,資拓宏宇,醫療器材,下游,醫療器材代理
6645,金萬林-創,醫療器材,下游,醫療器材代理
3543,州巧,醫療器材,下游,醫療器材代理
2308,台達電,醫療器材,下游,醫療器材代理
2371,大同,醫療器材,下游,醫療器材代理銷售及通路
4104,佳醫,醫療器材,下游,醫療器材代理銷售及通路
6918,愛派司,醫療器材,下游,醫療器材代理銷售及通路
9917,中保科,醫療器材,下游,醫療器材代理銷售及通路
2352,佳世達,醫療器材,下游,醫療器材代理銷售及通路
4164,承業醫,醫療器材,下游,醫療器材代理銷售及通路
5284,jpp-KY,醫療器材,下游,醫療器材代理銷售及通路
6931,青松健康,醫療器材,下游,醫療器材代理銷售及通路
6838,台新藥,醫療器材,下游,醫療器材代理銷售及通路
4720,德淵,醫療器材,下游,醫療器材代理銷售及通路
6598,ABC-KY,醫療器材,下游,醫療器材代理銷售及通路
6614,資拓宏宇,醫療器材,下游,醫療器材代理銷售及通路
6645,金萬林-創,醫療器材,下游,醫療器材代理銷售及通路
3543,州巧,醫療器材,下游,醫療器材代理銷售及通路
2308,台達電,醫療器材,下游,醫療器材代理銷售及通路
6201,亞弘電,貿易百貨,上游,製造商
2371,大同,貿易百貨,上游,製造商
6225,天瀚,貿易百貨,上游,製造商
4930,燦星網,貿易百貨,上游,製造商
1614,三洋電,貿易百貨,上游,製造商
2929,淘帝-KY,貿易百貨,上游,製造商
8429,金麗-KY,貿易百貨,上游,製造商
4807,日成-KY,貿易百貨,上游,製造商
5434,崇越,貿易百貨,中游,貿易商、代理商、經銷商
2371,大同,貿易百貨,中游,貿易商、代理商、經銷商
2939,永邑-KY,貿易百貨,中游,貿易商、代理商、經銷商
8454,富邦媒,貿易百貨,中游,貿易商、代理商、經銷商
1817,凱撒衛,貿易百貨,中游,貿易商、代理商、經銷商
5906,台南-KY,貿易百貨,中游,貿易商、代理商、經銷商
4930,燦星網,貿易百貨,中游,貿易商、代理商、經銷商
1614,三洋電,貿易百貨,中游,貿易商、代理商、經銷商
2906,高林,貿易百貨,中游,貿易商、代理商、經銷商
1730,花仙子,貿易百貨,中游,貿易商、代理商、經銷商
2913,農林,貿易百貨,中游,貿易商、代理商、經銷商
2908,特力,貿易百貨,中游,貿易商、代理商、經銷商
2915,潤泰全,貿易百貨,中游,貿易商、代理商、經銷商
1220,台榮,貿易百貨,中游,貿易商、代理商、經銷商
4807,日成-KY,貿易百貨,中游,貿易商、代理商、經銷商
1528,恩德,貿易百貨,中游,貿易商、代理商、經銷商
1419,新紡,貿易百貨,中游,貿易商、代理商、經銷商
3229,晟鈦,貿易百貨,中游,貿易商、代理商、經銷商
3024,憶聲,貿易百貨,下游,零售通路
2371,大同,貿易百貨,下游,零售通路
2945,三商家購,貿易百貨,下游,零售通路
2912,統一超,貿易百貨,下游,零售通路
5907,大洋-KY,貿易百貨,下游,零售通路
2430,燦坤,貿易百貨,下游,零售通路
2903,遠百,貿易百貨,下游,零售通路
2901,欣欣,貿易百貨,下游,零售通路
1614,三洋電,貿易百貨,下游,零售通路
8443,阿瘦,貿易百貨,下游,零售通路
2913,農林,貿易百貨,下游,零售通路
1532,勤美,貿易百貨,下游,零售通路
2915,潤泰全,貿易百貨,下游,零售通路
2910,統領,貿易百貨,下游,零售通路
2905,三商,貿易百貨,下游,零售通路
6281,全國電,貿易百貨,下游,零售通路
2911,麗嬰房,貿易百貨,下游,零售通路
2601,益航,貿易百貨,下游,零售通路
2614,東森,貿易百貨,下游,零售通路
9946,三發地產,貿易百貨,下游,零售通路
1419,新紡,貿易百貨,下游,零售通路
6885,全福生技,製藥,上游,原材料
1786,科妍,製藥,上游,原材料
6541,泰福-KY,製藥,上游,原材料
6919,康霈*,製藥,上游,原材料
6446,藥華藥,製藥,上游,原材料
6838,台新藥,製藥,上游,原材料
6657,華安,製藥,上游,原材料
4764,雙鍵,製藥,上游,原材料
1789,神隆,製藥,中游,中藥材、西藥原料藥
4142,國光生,製藥,中游,中藥材、西藥原料藥
4119,旭富,製藥,中游,中藥材、西藥原料藥
4746,台耀,製藥,中游,中藥材、西藥原料藥
1762,中化生,製藥,中游,中藥材、西藥原料藥
6838,台新藥,製藥,中游,中藥材、西藥原料藥
4108,懷特,製藥,中游,中藥材、西藥原料藥
1711,永光,製藥,中游,中藥材、西藥原料藥
4104,佳醫,製藥,下游,醫療院所
6838,台新藥,製藥,下游,醫療院所
1760,寶齡富錦,製藥,下游,藥品代理銷售及通路
4104,佳醫,製藥,下游,藥品代理銷售及通路
1731,美吾華,製藥,下游,藥品代理銷售及通路
6838,台新藥,製藥,下游,藥品代理銷售及通路
6472,保瑞,製藥,下游,藥品代理銷售及通路
1760,寶齡富錦,製藥,下游,中、西藥製劑
6885,全福生技,製藥,下游,中、西藥製劑
1786,科妍,製藥,下游,中、西藥製劑
3705,永信,製藥,下游,中、西藥製劑
1795,美時,製藥,下游,中、西藥製劑
6589,台康生技,製藥,下游,中、西藥製劑
1720,生達,製藥,下游,中、西藥製劑
1752,南光,製藥,下游,中、西藥製劑
1734,杏輝,製藥,下游,中、西藥製劑
6838,台新藥,製藥,下游,中、西藥製劑
4108,懷特,製藥,下游,中、西藥製劑
3716,中化控股,製藥,下游,中、西藥製劑
6550,北極星藥業-KY,製藥,下游,中、西藥製劑
6472,保瑞,製藥,下游,中、西藥製劑
1109,信大,水泥,上游,石灰石
1108,幸福,水泥,上游,石灰石
1101,台泥,水泥,上游,石灰石
1109,信大,水泥,中游,水泥成品
1108,幸福,水泥,中游,水泥成品
1101,台泥,水泥,中游,水泥成品
8463,潤泰材,水泥,中游,水泥成品
1104,環泥,水泥,中游,水泥成品
1103,嘉泥,水泥,中游,水泥成品
1110,東泥,水泥,中游,水泥成品
1109,信大,水泥,中游,水泥熟料
1108,幸福,水泥,中游,水泥熟料
1101,台泥,水泥,中游,水泥熟料
1102,亞泥,水泥,中游,水泥熟料
8463,潤泰材,水泥,中游,水泥熟料
1109,信大,水泥,中游,水泥生料
1108,幸福,水泥,中游,水泥生料
1101,台泥,水泥,中游,水泥生料
8463,潤泰材,水泥,中游,水泥生料
1109,信大,水泥,下游,預拌混凝土
1108,幸福,水泥,下游,預拌混凝土
1101,台泥,水泥,下游,預拌混凝土
2504,國產,水泥,下游,預拌混凝土
1104,環泥,水泥,下游,預拌混凝土
2597,潤弘,建材營造,上游,工程設計
9945,潤泰新,建材營造,上游,工程設計
2371,大同,建材營造,上游,機電工程
2597,潤弘,建材營造,上游,機電工程
1472,三洋實業,建材營造,上游,機電工程
9945,潤泰新,建材營造,上游,機電工程
1503,士電,建材營造,上游,機電工程
1504,東元,建材營造,上游,機電工程
2308,台達電,建材營造,上游,機電工程
3018,隆銘綠能,建材營造,上游,機電工程
2031,新光鋼,建材營造,上游,結構工程
2597,潤弘,建材營造,上游,結構工程
1472,三洋實業,建材營造,上游,結構工程
9945,潤泰新,建材營造,上游,結構工程
2010,春源,建材營造,上游,結構工程
2031,新光鋼,建材營造,上游,基礎工程
2597,潤弘,建材營造,上游,基礎工程
1817,凱撒衛,建材營造,上游,建材原料
2597,潤弘,建材營造,上游,建材原料
2020,美亞,建材營造,上游,建材原料
8463,潤泰材,建材營造,上游,建材原料
1612,宏泰,建材營造,上游,建材原料
2504,國產,建材營造,上游,建材原料
5515,建國,建材營造,上游,建材原料
1806,冠軍,建材營造,上游,建材原料
1603,華電,建材營造,上游,建材原料
5534,長虹,建材營造,上游,建材原料
1810,和成,建材營造,上游,建材原料
1802,台玻,建材營造,上游,建材原料
3149,正達,建材營造,上游,建材原料
1809,中釉,建材營造,上游,建材原料
9933,中鼎,建材營造,中游,工程承攬
1472,三洋實業,建材營造,中游,工程承攬
9917,中保科,建材營造,中游,工程承攬
2535,達欣工,建材營造,中游,工程承攬
3052,夆典,建材營造,中游,工程承攬
3703,欣陸,建材營造,中游,工程承攬
2511,太子,建材營造,中游,工程承攬
1603,華電,建材營造,中游,工程承攬
1402,遠東新,建材營造,中游,工程承攬
2527,宏璟,建材營造,中游,工程承攬
9958,世紀鋼,建材營造,中游,工程承攬
1805,寶徠,建材營造,中游,建設業
2528,皇普,建材營造,中游,建設業
1439,雋揚,建材營造,中游,建設業
1453,大將,建材營造,中游,建設業
2545,皇翔,建材營造,中游,建設業
5522,遠雄,建材營造,中游,建設業
5531,鄉林,建材營造,中游,建設業
3266,昇陽,建材營造,中游,建設業
2547,日勝生,建材營造,中游,建設業
2520,冠德,建材營造,中游,建設業
1438,三地開發,建材營造,中游,建設業
2534,宏盛,建材營造,中游,建設業
2535,達欣工,建材營造,中游,建設業
6177,達麗,建材營造,中游,建設業
5533,皇鼎,建材營造,中游,建設業
2424,隴華,建材營造,中游,建設業
2020,美亞,建材營造,中游,建設業
1416,廣豐,建材營造,中游,建設業
3052,夆典,建材營造,中游,建設業
1532,勤美,建材營造,中游,建設業
2537,聯上發,建材營造,中游,建設業
2538,基泰,建材營造,中游,建設業
1442,名軒,建材營造,中游,建設業
5525,順天,建材營造,中游,建設業
3703,欣陸,建材營造,中游,建設業
1513,中興電,建材營造,中游,建設業
2509,全坤建,建材營造,中游,建設業
2910,統領,建材營造,中游,建設業
2539,櫻花建,建材營造,中游,建設業
2511,太子,建材營造,中游,建設業
5519,隆大,建材營造,中游,建設業
9945,潤泰新,建材營造,中游,建設業
2548,華固,建材營造,中游,建設業
9906,欣巴巴,建材營造,中游,建設業
1436,華友聯,建材營造,中游,建設業
3056,富華新,建材營造,中游,建設業
2506,太設,建材營造,中游,建設業
1103,嘉泥,建材營造,中游,建設業
2514,龍邦,建材營造,中游,建設業
2536,宏普,建材營造,中游,建設業
2542,興富發,建材營造,中游,建設業
2501,國建,建材營造,中游,建設業
1808,潤隆,建材營造,中游,建設業
2524,京城,建材營造,中游,建設業
2442,新美齊,建材營造,中游,建設業
2505,國揚,建材營造,中游,建設業
1402,遠東新,建材營造,中游,建設業
2515,中工,建材營造,中游,建設業
2527,宏璟,建材營造,中游,建設業
1605,華新,建材營造,中游,建設業
2923,鼎固-KY,建材營造,中游,建設業
9946,三發地產,建材營造,中游,建設業
2530,華建,建材營造,中游,建設業
1456,怡華,建材營造,中游,建設業
5521,工信,建材營造,中游,營造業
2597,潤弘,建材營造,中游,營造業
1472,三洋實業,建材營造,中游,營造業
2546,根基,建材營造,中游,營造業
2535,達欣工,建材營造,中游,營造業
3703,欣陸,建材營造,中游,營造業
2511,太子,建材營造,中游,營造業
5519,隆大,建材營造,中游,營造業
9945,潤泰新,建材營造,中游,營造業
5515,建國,建材營造,中游,營造業
2543,皇昌,建材營造,中游,營造業
2515,中工,建材營造,中游,營造業
2516,新建,建材營造,中游,營造業
2371,大同,建材營造,下游,物業管理
9917,中保科,建材營造,下游,物業管理
1513,中興電,建材營造,下游,物業管理
2511,太子,建材營造,下游,物業管理
9945,潤泰新,建材營造,下游,物業管理
2923,鼎固-KY,建材營造,下游,物業管理
2597,潤弘,建材營造,下游,裝潢業
6754,匯僑設計,建材營造,下游,裝潢業
9945,潤泰新,建材營造,下游,裝潢業
1809,中釉,建材營造,下游,個人、民間企業、政府機構
9921,巨大,休閒娛樂,,自行車業
5306,桂盟,休閒娛樂,,自行車業
9914,美利達,休閒娛樂,,自行車業
2722,夏都,休閒娛樂,,旅館服務業
2702,華園,休閒娛樂,,旅館服務業
2707,晶華,休閒娛樂,,旅館服務業
2748,雲品,休閒娛樂,,旅館服務業
2739,寒舍,休閒娛樂,,旅館服務業
2704,國賓,休閒娛樂,,旅館服務業
2705,六福,休閒娛樂,,旅館服務業
2712,遠雄來,休閒娛樂,,旅館服務業
2706,第一店,休閒娛樂,,旅館服務業
9943,好樂迪,休閒娛樂,,娛樂服務業
1432,大魯閣,休閒娛樂,,娛樂服務業
2705,六福,休閒娛樂,,娛樂服務業
2701,萬企,休閒娛樂,,娛樂服務業
2731,雄獅,休閒娛樂,,旅遊服務業
5706,鳳凰,休閒娛樂,,旅遊服務業
8481,政伸,休閒娛樂,,高爾夫球具業
6670,復盛應用,休閒娛樂,,高爾夫球具業
4994,傳奇,休閒娛樂,,遊戲業
1515,力山,休閒娛樂,,健身業
1598,岱宇,休閒娛樂,,健身業
8462,柏文,休閒娛樂,,健身業
1736,喬山,休閒娛樂,,健身業
8463,潤泰材,風力發電,上游,水下基礎
2013,中鋼構,風力發電,上游,水下基礎
2072,世紀風電,風力發電,上游,水下基礎
1589,永冠-KY,風力發電,上游,水下基礎
2371,大同,風力發電,上游設備製造業,電力系統
3023,信邦,風力發電,上游設備製造業,電力系統
1513,中興電,風力發電,上游設備製造業,電力系統
1519,華城,風力發電,上游設備製造業,電力系統
1503,士電,風力發電,上游設備製造業,電力系統
1514,亞力,風力發電,上游設備製造業,電力系統
1504,東元,風力發電,上游設備製造業,電力系統
2308,台達電,風力發電,上游設備製造業,電力系統
1609,大亞,風力發電,上游設備製造業,電纜
1612,宏泰,風力發電,上游設備製造業,電纜
1618,合機,風力發電,上游設備製造業,電纜
1623,大東電,風力發電,上游設備製造業,電纜
1605,華新,風力發電,上游設備製造業,電纜
9958,世紀鋼,風力發電,上游設備製造業,電纜
3708,上緯投控,風力發電,上游設備製造業,樹酯
2031,新光鋼,風力發電,上游設備製造業,鋼材
2002,中鋼,風力發電,上游設備製造業,鋼材
2013,中鋼構,風力發電,上游設備製造業,鋼材
9958,世紀鋼,風力發電,上游設備製造業,鋼材
8367,建新國際,風力發電,中游,運輸工程
2617,台航,風力發電,中游,運輸工程
2208,台船,風力發電,中游,運輸工程
2609,陽明,風力發電,中游,運輸工程
9933,中鼎,風力發電,中游整合服務業,風場營造
8926,台汽電,風力發電,中游整合服務業,風場營造
1513,中興電,風力發電,中游整合服務業,風場營造
2208,台船,風力發電,中游整合服務業,風場營造
1519,華城,風力發電,中游整合服務業,風場營造
7786,東方風能,風力發電,中游整合服務業,風場營造
1529,樂事綠能,風力發電,中游整合服務業,風場營造
2072,世紀風電,風力發電,中游整合服務業,風場營造
3712,永崴投控,風力發電,中游整合服務業,風場營造
2002,中鋼,風力發電,下游發電業,發電營運
1444,力麗,風力發電,下游發電業,發電營運
1102,亞泥,風力發電,下游發電業,發電營運
8926,台汽電,風力發電,下游發電業,發電營運
6873,泓德能源,風力發電,下游發電業,發電營運
6869,雲豹能源,風力發電,下游發電業,發電營運
3708,上緯投控,風力發電,下游發電業,發電營運
9958,世紀鋼,風力發電,下游發電業,發電營運
3712,永崴投控,風力發電,下游發電業,發電營運
6794,向榮生技,再生醫療,上游,幹細胞收集儲存
6838,台新藥,再生醫療,上游,幹細胞收集儲存
6794,向榮生技,再生醫療,中游,幹細胞開發
6838,台新藥,再生醫療,中游,幹細胞開發
6794,向榮生技,再生醫療,下游,臨床實驗、移植技術、疾病治療
6838,台新藥,再生醫療,下游,臨床實驗、移植技術、疾病治療
6550,北極星藥業-KY,再生醫療,下游,臨床實驗、移植技術、疾病治療
2496,卓越,文化創意業,,補教與線上學習
6625,必應,文化創意業,,流行音樂及文化內容產業
8487,愛爾達-創,文化創意業,,廣告／廣播電視／電影產業
9928,中視,文化創意業,,廣告／廣播電視／電影產業
