stock_id,stock_name,asset_type,asset_class,region,strategy,themes,tracking_index,is_leveraged,is_inverse,is_active,confidence
0051,元大中型100,ETF,EQUITY,TAIWAN,MARKET_CAP,,臺灣中型100指數,False,False,False,HIGH
0052,富邦科技,ETF,EQUITY,TAIWAN,SECTOR,科技,臺灣資訊科技指數,False,False,False,HIGH
0053,元大電子,ETF,EQUITY,TAIWAN,SECTOR,電子,電子類加權股價指數,False,False,False,HIGH
0055,元大MSCI金融,ETF,EQUITY,TAIWAN,SECTOR,金融,MSCI台灣金融指數,False,False,False,HIGH
0056,元大高股息,ETF,EQUITY,TAIWAN,HIGH_DIVIDEND,,臺灣高股息指數,False,False,False,HIGH
0057,富邦摩台,ETF,EQUITY,TAIWAN,MARKET_CAP,,,False,False,False,MEDIUM
0061,元大寶滬深,ETF,EQUITY,CHINA,MARKET_CAP,,,False,False,False,MEDIUM
006203,元大MSCI台灣,ETF,EQUITY,TAIWAN,MARKET_CAP,,,False,False,False,MEDIUM
006204,永豐臺灣加權,ETF,EQUITY,TAIWAN,MARKET_CAP,,,False,False,False,MEDIUM
006205,富邦上証,ETF,EQUITY,TAIWAN,MARKET_CAP,,,False,False,False,MEDIUM
00400A,主動國泰動能高息,ETF,EQUITY,TAIWAN,ACTIVE,,,False,False,True,MEDIUM
006206,元大上證50,ETF,EQUITY,CHINA,MARKET_CAP,,,False,False,False,MEDIUM
006207,復華滬深,ETF,EQUITY,CHINA,MARKET_CAP,,,False,False,False,MEDIUM
006208,富邦台50,ETF,EQUITY,TAIWAN,MARKET_CAP,,臺灣50指數,False,False,False,HIGH
00625K,富邦上証+R,ETF,EQUITY,TAIWAN,MARKET_CAP,,,False,False,False,MEDIUM
00631L,元大台灣50正2,ETF,EQUITY,TAIWAN,LEVERAGED,,臺灣50指數,True,False,False,HIGH
00632R,元大台灣50反1,ETF,EQUITY,TAIWAN,INVERSE,,臺灣50指數,False,True,False,HIGH
00633L,富邦上証正2,ETF,EQUITY,TAIWAN,LEVERAGED,,,True,False,False,MEDIUM
00634R,富邦上証反1,ETF,EQUITY,TAIWAN,INVERSE,,,False,True,False,MEDIUM
00635U,期元大S&P黃金,ETF,COMMODITY,US,MARKET_CAP,,,False,False,False,MEDIUM
00636,國泰中國A50,ETF,EQUITY,CHINA,MARKET_CAP,,,False,False,False,MEDIUM
00636K,國泰中國A50+U,ETF,EQUITY,CHINA,MARKET_CAP,,,False,False,False,MEDIUM
00637L,元大滬深300正2,ETF,EQUITY,CHINA,LEVERAGED,,,True,False,False,MEDIUM
00638R,元大滬深300反1,ETF,EQUITY,CHINA,INVERSE,,,False,True,False,MEDIUM
00639,富邦深100,ETF,EQUITY,TAIWAN,MARKET_CAP,,,False,False,False,MEDIUM
00640L,富邦日本正2,ETF,EQUITY,JAPAN,LEVERAGED,,,True,False,False,MEDIUM
00641R,富邦日本反1,ETF,EQUITY,JAPAN,INVERSE,,,False,True,False,MEDIUM
00642U,期元大S&P石油,ETF,COMMODITY,US,MARKET_CAP,,,False,False,False,MEDIUM
00643,群益深証中小,ETF,EQUITY,CHINA,MARKET_CAP,,,False,False,False,MEDIUM
00643K,群益深証中小+R,ETF,EQUITY,CHINA,MARKET_CAP,,,False,False,False,MEDIUM
00645,富邦日本,ETF,EQUITY,JAPAN,MARKET_CAP,,,False,False,False,MEDIUM
00646,元大S&P500,ETF,EQUITY,US,MARKET_CAP,,,False,False,False,MEDIUM
00647L,元大S&P500正2,ETF,EQUITY,US,LEVERAGED,,,True,False,False,MEDIUM
009819,中信數據及電力,ETF,EQUITY,TAIWAN,THEMATIC,,,False,False,False,MEDIUM
009820,元大納斯達克精選,ETF,EQUITY,TAIWAN,MARKET_CAP,,,False,False,False,MEDIUM
00401A,主動摩根台灣鑫收,ETF,EQUITY,TAIWAN,ACTIVE,,,False,False,True,MEDIUM
00648R,元大S&P500反1,ETF,EQUITY,US,INVERSE,,,False,True,False,MEDIUM
00999A,主動野村臺灣高息,ETF,EQUITY,TAIWAN,ACTIVE,,,False,False,True,MEDIUM
00650L,復華香港正2,ETF,EQUITY,TAIWAN,LEVERAGED,,,True,False,False,MEDIUM
00651R,復華香港反1,ETF,EQUITY,TAIWAN,INVERSE,,,False,True,False,MEDIUM
00652,富邦印度,ETF,EQUITY,INDIA,MARKET_CAP,,,False,False,False,MEDIUM
00775B,台新投等債15+,ETF,BOND,TAIWAN,MARKET_CAP,,,False,False,False,MEDIUM
00904,台新臺灣半導體30,ETF,EQUITY,TAIWAN,THEMATIC,半導體,,False,False,False,MEDIUM
00653L,富邦印度正2,ETF,EQUITY,INDIA,LEVERAGED,,,True,False,False,MEDIUM
00654R,富邦印度反1,ETF,EQUITY,INDIA,INVERSE,,,False,True,False,MEDIUM
00655L,國泰中國A50正2,ETF,EQUITY,CHINA,LEVERAGED,,,True,False,False,MEDIUM
00656R,國泰中國A50反1,ETF,EQUITY,CHINA,INVERSE,,,False,True,False,MEDIUM
00657,國泰日經225,ETF,EQUITY,JAPAN,MARKET_CAP,,,False,False,False,MEDIUM
00657K,國泰日經225+U,ETF,EQUITY,JAPAN,MARKET_CAP,,,False,False,False,MEDIUM
00660,元大歐洲50,ETF,EQUITY,EUROPE,MARKET_CAP,,,False,False,False,MEDIUM
00661,元大日經225,ETF,EQUITY,JAPAN,MARKET_CAP,,,False,False,False,MEDIUM
00662,富邦NASDAQ,ETF,EQUITY,US,MARKET_CAP,,,False,False,False,MEDIUM
00663L,國泰臺灣加權正2,ETF,EQUITY,TAIWAN,LEVERAGED,,,True,False,False,MEDIUM
00664R,國泰臺灣加權反1,ETF,EQUITY,TAIWAN,INVERSE,,,False,True,False,MEDIUM
00665L,富邦恒生國企正2,ETF,EQUITY,CHINA,LEVERAGED,,,True,False,False,MEDIUM
00666R,富邦恒生國企反1,ETF,EQUITY,CHINA,INVERSE,,,False,True,False,MEDIUM
00668,國泰美國道瓊,ETF,EQUITY,US,MARKET_CAP,,,False,False,False,MEDIUM
00668K,國泰美國道瓊+U,ETF,EQUITY,US,MARKET_CAP,,,False,False,False,MEDIUM
00669R,國泰美國道瓊反1,ETF,EQUITY,US,INVERSE,,,False,True,False,MEDIUM
00670L,富邦NASDAQ正2,ETF,EQUITY,US,LEVERAGED,,,True,False,False,MEDIUM
00671R,富邦NASDAQ反1,ETF,EQUITY,US,INVERSE,,,False,True,False,MEDIUM
00673R,期元大S&P原油反1,ETF,COMMODITY,US,INVERSE,,,False,True,False,MEDIUM
00674R,期元大S&P黃金反1,ETF,COMMODITY,US,INVERSE,,,False,True,False,MEDIUM
00675L,富邦臺灣加權正2,ETF,EQUITY,TAIWAN,LEVERAGED,,,True,False,False,MEDIUM
00676R,富邦臺灣加權反1,ETF,EQUITY,TAIWAN,INVERSE,,,False,True,False,MEDIUM
00678,群益那斯達克生技,ETF,EQUITY,US,THEMATIC,生技,,False,False,False,MEDIUM
00680L,元大美債20正2,ETF,BOND,US,LEVERAGED,,,True,False,False,MEDIUM
00681R,元大美債20反1,ETF,BOND,US,INVERSE,,,False,True,False,MEDIUM
00682U,期元大美元指數,ETF,CURRENCY,US,MARKET_CAP,,,False,False,False,MEDIUM
00683L,期元大美元指正2,ETF,CURRENCY,US,LEVERAGED,,,True,False,False,MEDIUM
00684R,期元大美元指反1,ETF,CURRENCY,US,INVERSE,,,False,True,False,MEDIUM
00685L,群益臺灣加權正2,ETF,EQUITY,TAIWAN,LEVERAGED,,,True,False,False,MEDIUM
00686R,群益臺灣加權反1,ETF,EQUITY,TAIWAN,INVERSE,,,False,True,False,MEDIUM
00688L,國泰20年美債正2,ETF,BOND,US,LEVERAGED,,,True,False,False,MEDIUM
00699R,元大美債7-10反1,ETF,BOND,US,INVERSE,,,False,True,False,MEDIUM
00703,台新MSCI中國,ETF,EQUITY,CHINA,MARKET_CAP,,,False,False,False,MEDIUM
00704L,台新MSCI台灣正2,ETF,EQUITY,TAIWAN,LEVERAGED,,,True,False,False,MEDIUM
00705R,台新MSCI台灣反1,ETF,EQUITY,TAIWAN,INVERSE,,,False,True,False,MEDIUM
00707R,期元大S&P日圓反1,ETF,EQUITY,US,INVERSE,,,False,True,False,MEDIUM
00708L,期元大S&P黃金正2,ETF,COMMODITY,US,LEVERAGED,,,True,False,False,MEDIUM
00709,富邦歐洲,ETF,EQUITY,EUROPE,MARKET_CAP,,,False,False,False,MEDIUM
00710B,復華彭博非投等債,ETF,BOND,TAIWAN,MARKET_CAP,,,False,False,False,MEDIUM
00711B,復華彭博新興債,ETF,BOND,EMERGING_MARKETS,MARKET_CAP,,,False,False,False,MEDIUM
00712,復華富時不動產,ETF,EQUITY,TAIWAN,MARKET_CAP,不動產,,False,False,False,MEDIUM
00713,元大台灣高息低波,ETF,EQUITY,TAIWAN,HIGH_DIVIDEND,,臺灣指數公司高股息低波動指數,False,False,False,HIGH
00714,群益道瓊美國地產,ETF,EQUITY,US,MARKET_CAP,,,False,False,False,MEDIUM
00715L,期街口布蘭特正2,ETF,COMMODITY,TAIWAN,LEVERAGED,,,True,False,False,MEDIUM
00716R,華頓S&P布蘭特反1,ETF,COMMODITY,US,INVERSE,,,False,True,False,MEDIUM
00717,富邦美國特別股,ETF,EQUITY,US,MARKET_CAP,特別股,,False,False,False,MEDIUM
00728,第一金工業30,ETF,EQUITY,TAIWAN,MARKET_CAP,,,False,False,False,MEDIUM
00730,富邦臺灣優質高息,ETF,EQUITY,TAIWAN,HIGH_DIVIDEND,,,False,False,False,MEDIUM
00731,復華富時高息低波,ETF,EQUITY,TAIWAN,HIGH_DIVIDEND,,,False,False,False,MEDIUM
00733,富邦臺灣中小,ETF,EQUITY,TAIWAN,MARKET_CAP,,,False,False,False,MEDIUM
00735,國泰臺韓科技,ETF,EQUITY,TAIWAN,THEMATIC,,,False,False,False,MEDIUM
00736,國泰新興市場,ETF,EQUITY,EMERGING_MARKETS,MARKET_CAP,,,False,False,False,MEDIUM
00737,國泰AI機器人,ETF,EQUITY,TAIWAN,THEMATIC,AI|機器人,,False,False,False,MEDIUM
00738U,期元大道瓊白銀,ETF,COMMODITY,US,MARKET_CAP,,,False,False,False,MEDIUM
00739,元大MSCI A股,ETF,EQUITY,CHINA,MARKET_CAP,,,False,False,False,MEDIUM
00770,國泰北美科技,ETF,EQUITY,TAIWAN,THEMATIC,,,False,False,False,MEDIUM
00771,元大US高息特別股,ETF,EQUITY,TAIWAN,HIGH_DIVIDEND,特別股,,False,False,False,MEDIUM
0080,恒中國,ETF,EQUITY,CHINA,MARKET_CAP,,,False,False,False,MEDIUM
0081,恒香港,ETF,EQUITY,HONG_KONG,MARKET_CAP,,,False,False,False,MEDIUM
008201,BP上證50,ETF,EQUITY,CHINA,MARKET_CAP,,,False,False,False,MEDIUM
00852L,國泰美國道瓊正2,ETF,EQUITY,US,LEVERAGED,,,True,False,False,MEDIUM
00861,元大全球未來通訊,ETF,EQUITY,GLOBAL,THEMATIC,未來通訊,,False,False,False,MEDIUM
00865B,國泰US短期公債,ETF,BOND,TAIWAN,MARKET_CAP,,,False,False,False,MEDIUM
00875,國泰網路資安,ETF,EQUITY,TAIWAN,THEMATIC,資安,,False,False,False,MEDIUM
00876,元大全球5G,ETF,EQUITY,GLOBAL,THEMATIC,5G,,False,False,False,MEDIUM
00878,國泰永續高股息,ETF,EQUITY,TAIWAN,HIGH_DIVIDEND,,MSCI台灣ESG永續高股息精選30指數,False,False,False,HIGH
00881,國泰台灣科技龍頭,ETF,EQUITY,TAIWAN,SECTOR,科技,臺灣科技優息指數,False,False,False,HIGH
00882,中信中國高股息,ETF,EQUITY,CHINA,HIGH_DIVIDEND,,,False,False,False,MEDIUM
00885,富邦越南,ETF,EQUITY,VIETNAM,MARKET_CAP,,,False,False,False,MEDIUM
00891,中信關鍵半導體,ETF,EQUITY,TAIWAN,SECTOR,半導體,臺灣指數公司特選台灣上市上櫃半導體30指數,False,False,False,HIGH
00892,富邦台灣半導體,ETF,EQUITY,TAIWAN,SECTOR,半導體,臺灣指數公司特選台灣上市上櫃半導體30指數,False,False,False,HIGH
00893,國泰智能電動車,ETF,EQUITY,TAIWAN,THEMATIC,電動車,,False,False,False,MEDIUM
00894,中信小資高價30,ETF,EQUITY,TAIWAN,MARKET_CAP,,,False,False,False,MEDIUM
00895,富邦未來車,ETF,EQUITY,TAIWAN,THEMATIC,未來車,,False,False,False,MEDIUM
00896,中信綠能及電動車,ETF,EQUITY,TAIWAN,THEMATIC,電動車|綠能,,False,False,False,MEDIUM
00897,富邦基因免疫生技,ETF,EQUITY,TAIWAN,THEMATIC,生技|基因|免疫,,False,False,False,MEDIUM
00898,國泰基因免疫革命,ETF,EQUITY,TAIWAN,THEMATIC,基因|免疫,,False,False,False,MEDIUM
00899,FT潔淨能源,ETF,EQUITY,TAIWAN,THEMATIC,潔淨能源,,False,False,False,MEDIUM
00900,富邦特選高股息30,ETF,EQUITY,TAIWAN,HIGH_DIVIDEND,,,False,False,False,MEDIUM
00901,永豐智能車供應鏈,ETF,EQUITY,TAIWAN,MARKET_CAP,,,False,False,False,MEDIUM
00902,中信電池及儲能,ETF,EQUITY,TAIWAN,THEMATIC,儲能,,False,False,False,MEDIUM
00903,富邦元宇宙,ETF,EQUITY,TAIWAN,THEMATIC,元宇宙,,False,False,False,MEDIUM
00905,FT臺灣Smart,ETF,EQUITY,TAIWAN,MARKET_CAP,,,False,False,False,MEDIUM
00907,永豐優息存股,ETF,EQUITY,TAIWAN,HIGH_DIVIDEND,,,False,False,False,MEDIUM
00908,富邦入息REITs+,ETF,EQUITY,TAIWAN,HIGH_DIVIDEND,REITs,,False,False,False,MEDIUM
00909,國泰數位支付服務,ETF,EQUITY,TAIWAN,THEMATIC,數位支付,,False,False,False,MEDIUM
00910,第一金太空衛星,ETF,EQUITY,TAIWAN,THEMATIC,太空|衛星,,False,False,False,MEDIUM
00911,兆豐洲際半導體,ETF,EQUITY,ASIA,THEMATIC,半導體,,False,False,False,MEDIUM
00403A,主動統一升級50,ETF,EQUITY,TAIWAN,ACTIVE,,,False,False,True,MEDIUM
00402A,主動安聯美國科技,ETF,EQUITY,US,ACTIVE,,,False,False,True,MEDIUM
00404A,主動聯博動能50,ETF,EQUITY,TAIWAN,ACTIVE,,,False,False,True,MEDIUM
00405A,主動富邦台灣龍耀,ETF,EQUITY,TAIWAN,ACTIVE,,,False,False,True,MEDIUM
00406A,主動中信台灣收益,ETF,EQUITY,TAIWAN,ACTIVE,,,False,False,True,MEDIUM
00410A,主動永豐科技趨勢,ETF,EQUITY,TAIWAN,ACTIVE,,,False,False,True,MEDIUM
00991B,貝萊德A級公司債,ETF,BOND,TAIWAN,MARKET_CAP,,,False,False,False,MEDIUM
009821,野村稀土關鍵資源,ETF,EQUITY,TAIWAN,THEMATIC,稀土,,False,False,False,MEDIUM
009826,貝萊德世界股票,ETF,EQUITY,GLOBAL,MARKET_CAP,,,False,False,False,MEDIUM
00407A,主動凱基台灣,ETF,EQUITY,TAIWAN,ACTIVE,,,False,False,True,MEDIUM
009824,群益美國科技巨頭,ETF,EQUITY,US,THEMATIC,,,False,False,False,MEDIUM
00408A,主動第一金優股息,ETF,EQUITY,TAIWAN,ACTIVE,,,False,False,True,MEDIUM
00912,中信臺灣智慧50,ETF,EQUITY,TAIWAN,MARKET_CAP,,,False,False,False,MEDIUM
009805,台新美國電力基建,ETF,EQUITY,US,THEMATIC,,,False,False,False,MEDIUM
00913,兆豐台灣晶圓製造,ETF,EQUITY,TAIWAN,THEMATIC,晶圓,,False,False,False,MEDIUM
00915,凱基優選高股息30,ETF,EQUITY,TAIWAN,HIGH_DIVIDEND,,,False,False,False,MEDIUM
00916,國泰全球品牌50,ETF,EQUITY,GLOBAL,MARKET_CAP,,,False,False,False,MEDIUM
00917,中信特選金融,ETF,EQUITY,TAIWAN,MARKET_CAP,金融,,False,False,False,MEDIUM
00918,大華優利高填息30,ETF,EQUITY,TAIWAN,MARKET_CAP,,,False,False,False,MEDIUM
00919,群益台灣精選高息,ETF,EQUITY,TAIWAN,HIGH_DIVIDEND,,臺灣指數公司特選臺灣上市上櫃精選高股息指數,False,False,False,HIGH
00920,富邦ESG綠色電力,ETF,EQUITY,TAIWAN,ESG,,,False,False,False,MEDIUM
00921,兆豐龍頭等權重,ETF,EQUITY,TAIWAN,MARKET_CAP,,,False,False,False,MEDIUM
00922,國泰台灣領袖50,ETF,EQUITY,TAIWAN,MARKET_CAP,,,False,False,False,MEDIUM
00923,群益台ESG低碳50,ETF,EQUITY,TAIWAN,ESG,,,False,False,False,MEDIUM
00925,新光標普電動車,ETF,EQUITY,TAIWAN,THEMATIC,電動車,,False,False,False,MEDIUM
00944,野村趨勢動能高息,ETF,EQUITY,TAIWAN,HIGH_DIVIDEND,,,False,False,False,MEDIUM
00945B,凱基美國非投等債,ETF,BOND,US,MARKET_CAP,,,False,False,False,MEDIUM
00946,群益科技高息成長,ETF,EQUITY,TAIWAN,HIGH_DIVIDEND,,,False,False,False,MEDIUM
00947,台新臺灣IC設計,ETF,EQUITY,TAIWAN,THEMATIC,IC設計,,False,False,False,MEDIUM
00949,復華日本龍頭,ETF,EQUITY,JAPAN,MARKET_CAP,,,False,False,False,MEDIUM
00951,台新日本半導體,ETF,EQUITY,JAPAN,THEMATIC,半導體,,False,False,False,MEDIUM
00952,凱基台灣AI50,ETF,EQUITY,TAIWAN,THEMATIC,AI,,False,False,False,MEDIUM
00953B,群益優選非投等債,ETF,BOND,TAIWAN,MARKET_CAP,,,False,False,False,MEDIUM
00954,中信日本半導體,ETF,EQUITY,JAPAN,THEMATIC,半導體,,False,False,False,MEDIUM
00956,中信日經高股息,ETF,EQUITY,JAPAN,HIGH_DIVIDEND,,,False,False,False,MEDIUM
00964,中信亞太高股息,ETF,EQUITY,ASIA,HIGH_DIVIDEND,,,False,False,False,MEDIUM
00965,元大航太防衛科技,ETF,EQUITY,TAIWAN,THEMATIC,航太防衛,,False,False,False,MEDIUM
00971,野村美國研發龍頭,ETF,EQUITY,US,MARKET_CAP,,,False,False,False,MEDIUM
00972,野村日本動能高息,ETF,EQUITY,JAPAN,HIGH_DIVIDEND,,,False,False,False,MEDIUM
009800,中信NASDAQ,ETF,EQUITY,US,MARKET_CAP,,,False,False,False,MEDIUM
009801,中信美國創新科技,ETF,EQUITY,US,THEMATIC,,,False,False,False,MEDIUM
009802,富邦旗艦50,ETF,EQUITY,TAIWAN,MARKET_CAP,,,False,False,False,MEDIUM
009803,玉山市值動能50,ETF,EQUITY,TAIWAN,GROWTH,,,False,False,False,MEDIUM
009804,聯邦台精彩50,ETF,EQUITY,TAIWAN,MARKET_CAP,,,False,False,False,MEDIUM
009808,華南永昌優選50,ETF,EQUITY,TAIWAN,MARKET_CAP,,,False,False,False,MEDIUM
009809,富邦淨零ESG50,ETF,EQUITY,TAIWAN,ESG,,,False,False,False,MEDIUM
00980A,主動野村臺灣優選,ETF,EQUITY,TAIWAN,ACTIVE,,,False,False,True,MEDIUM
009810,玉山全球藍籌100,ETF,EQUITY,GLOBAL,MARKET_CAP,,,False,False,False,MEDIUM
009811,統一美國50,ETF,EQUITY,US,MARKET_CAP,,,False,False,False,MEDIUM
009812,野村日本東證,ETF,EQUITY,JAPAN,MARKET_CAP,,,False,False,False,MEDIUM
009813,貝萊德標普卓越50,ETF,EQUITY,TAIWAN,MARKET_CAP,,,False,False,False,MEDIUM
009816,凱基台灣TOP50,ETF,EQUITY,TAIWAN,MARKET_CAP,,,False,False,False,MEDIUM
009817,國泰日本不動產,ETF,EQUITY,JAPAN,MARKET_CAP,不動產,,False,False,False,MEDIUM
009818,華南永昌NASDAQxT,ETF,EQUITY,US,MARKET_CAP,,,False,False,False,MEDIUM
00981A,主動統一台股增長,ETF,EQUITY,TAIWAN,ACTIVE,,,False,False,True,MEDIUM
00981T,平衡凱基雙核收息,ETF,MULTI_ASSET,TAIWAN,ACTIVE,,,False,False,True,MEDIUM
00982A,主動群益台灣強棒,ETF,EQUITY,TAIWAN,ACTIVE,,,False,False,True,MEDIUM
00982D,主動富邦動態入息,ETF,EQUITY,TAIWAN,ACTIVE,,,False,False,True,MEDIUM
00982T,平衡兆豐台美動能,ETF,MULTI_ASSET,TAIWAN,ACTIVE,,,False,False,True,MEDIUM
00983A,主動中信ARK創新,ETF,EQUITY,US,ACTIVE,,,False,False,True,MEDIUM
00983D,主動富邦複合收益,ETF,MULTI_ASSET,TAIWAN,ACTIVE,,,False,False,True,MEDIUM
00984A,主動安聯台灣高息,ETF,EQUITY,TAIWAN,ACTIVE,,,False,False,True,MEDIUM
00984D,主動聯博全球非投,ETF,EQUITY,GLOBAL,ACTIVE,,,False,False,True,MEDIUM
00985A,主動野村台灣50,ETF,EQUITY,TAIWAN,ACTIVE,,,False,False,True,MEDIUM
00985B,群益ESG投等債0-5,ETF,BOND,TAIWAN,ESG,,,False,False,False,MEDIUM
00986A,主動台新龍頭成長,ETF,EQUITY,TAIWAN,ACTIVE,,,False,False,True,MEDIUM
00987A,主動台新優勢成長,ETF,EQUITY,TAIWAN,ACTIVE,,,False,False,True,MEDIUM
00988A,主動統一全球創新,ETF,EQUITY,GLOBAL,ACTIVE,,,False,False,True,MEDIUM
00989A,主動摩根美國科技,ETF,EQUITY,US,ACTIVE,,,False,False,True,MEDIUM
00990A,主動元大AI新經濟,ETF,EQUITY,TAIWAN,ACTIVE,AI,,False,False,True,MEDIUM
00991A,主動復華未來50,ETF,EQUITY,TAIWAN,ACTIVE,,,False,False,True,MEDIUM
00992A,主動群益科技創新,ETF,EQUITY,TAIWAN,ACTIVE,,,False,False,True,MEDIUM
00993A,主動安聯台灣,ETF,EQUITY,TAIWAN,ACTIVE,,,False,False,True,MEDIUM
00994A,主動第一金台股優,ETF,EQUITY,TAIWAN,ACTIVE,,,False,False,True,MEDIUM
00995A,主動中信台灣卓越,ETF,EQUITY,TAIWAN,ACTIVE,,,False,False,True,MEDIUM
00996A,主動兆豐台灣豐收,ETF,EQUITY,TAIWAN,ACTIVE,,,False,False,True,MEDIUM
020000,富邦特選蘋果N,ETN,EQUITY,TAIWAN,MARKET_CAP,,,False,False,False,MEDIUM
020011,統一微波高息20N,ETN,EQUITY,TAIWAN,HIGH_DIVIDEND,,,False,False,False,MEDIUM
020012,富邦行動通訊N,ETN,EQUITY,TAIWAN,THEMATIC,,,False,False,False,MEDIUM
020015,統一MSCI美低波N,ETN,EQUITY,TAIWAN,LOW_VOLATILITY,,,False,False,False,MEDIUM
020016,統一MSCI美科技N,ETN,EQUITY,TAIWAN,THEMATIC,,,False,False,False,MEDIUM
020018,統一價值成長30N,ETN,EQUITY,TAIWAN,GROWTH,,,False,False,False,MEDIUM
020019,統一特選台灣5GN,ETN,EQUITY,TAIWAN,THEMATIC,5G,,False,False,False,MEDIUM
02001L,富邦蘋果正二N,ETN,EQUITY,TAIWAN,LEVERAGED,,,True,False,False,MEDIUM
02001R,富邦蘋果反一N,ETN,EQUITY,TAIWAN,INVERSE,,,False,True,False,MEDIUM
02001S,策元大加權策略N,ETN,EQUITY,TAIWAN,MARKET_CAP,,,False,False,False,MEDIUM
020020,元大台股領航N,ETN,EQUITY,TAIWAN,MARKET_CAP,,,False,False,False,MEDIUM
020028,元大特選電動車N,ETN,EQUITY,TAIWAN,THEMATIC,電動車,,False,False,False,MEDIUM
020029,元大ESG高股息N,ETN,EQUITY,TAIWAN,HIGH_DIVIDEND,,,False,False,False,MEDIUM
00729R,第一金工業30反1,ETF,EQUITY,TAIWAN,INVERSE,,,False,True,False,MEDIUM
00732,國泰RMB短期報酬,ETF,CURRENCY,CHINA,MARKET_CAP,,,False,False,False,MEDIUM
00742,新光內需收益,ETF,EQUITY,TAIWAN,MARKET_CAP,,,False,False,False,MEDIUM
00743,國泰中國A150,ETF,EQUITY,CHINA,MARKET_CAP,,,False,False,False,MEDIUM
00766L,台新MSCI中國正2,ETF,EQUITY,CHINA,LEVERAGED,,,True,False,False,MEDIUM
00767,FH美國金融股,ETF,EQUITY,US,MARKET_CAP,金融,,False,False,False,MEDIUM
00774B,新光中國政金綠債,ETF,BOND,CHINA,MARKET_CAP,,,False,False,False,MEDIUM
00774C,新光中政金綠債+R,ETF,BOND,CHINA,MARKET_CAP,,,False,False,False,MEDIUM
00776,新光ICE美國權值,ETF,EQUITY,US,MARKET_CAP,,,False,False,False,MEDIUM
00866,新光Shiller CAPE,ETF,EQUITY,JAPAN,MARKET_CAP,,,False,False,False,MEDIUM
00906,大華元宇宙科技50,ETF,EQUITY,TAIWAN,THEMATIC,元宇宙,,False,False,False,MEDIUM
020002,元富新中國N,ETN,EQUITY,CHINA,MARKET_CAP,,,False,False,False,MEDIUM
020004,兆豐電菁英30N,ETN,EQUITY,TAIWAN,MARKET_CAP,,,False,False,False,MEDIUM
020005,永豐外資50N,ETN,EQUITY,TAIWAN,MARKET_CAP,,,False,False,False,MEDIUM
020006,永昌中小300N,ETN,EQUITY,TAIWAN,MARKET_CAP,,,False,False,False,MEDIUM
020007,凱基臺灣500N,ETN,EQUITY,TAIWAN,MARKET_CAP,,,False,False,False,MEDIUM
020008,元大特股高息N,ETN,EQUITY,TAIWAN,HIGH_DIVIDEND,,,False,False,False,MEDIUM
020022,元大電動車N,ETN,EQUITY,TAIWAN,THEMATIC,電動車,,False,False,False,MEDIUM
0054,元大台商50,ETF,EQUITY,TAIWAN,MARKET_CAP,,,False,False,False,MEDIUM
0058,富邦發達,ETF,EQUITY,TAIWAN,MARKET_CAP,,,False,False,False,MEDIUM
0059,富邦金融,ETF,EQUITY,TAIWAN,MARKET_CAP,金融,,False,False,False,MEDIUM
0060,新台灣,ETF,EQUITY,TAIWAN,MARKET_CAP,,,False,False,False,MEDIUM
00649,FH香港,ETF,EQUITY,TAIWAN,MARKET_CAP,,,False,False,False,MEDIUM
00658L,國泰日本正2,ETF,EQUITY,JAPAN,LEVERAGED,,,True,False,False,MEDIUM
00659R,國泰日本反1,ETF,EQUITY,JAPAN,INVERSE,,,False,True,False,MEDIUM
00667,元大韓國,ETF,EQUITY,KOREA,MARKET_CAP,,,False,False,False,MEDIUM
00672L,元大S&P原油正2,ETF,COMMODITY,US,LEVERAGED,,,True,False,False,MEDIUM
00677U,期富邦VIX,ETF,EQUITY,TAIWAN,MARKET_CAP,,,False,False,False,MEDIUM
00691R,兆豐藍籌30反1,ETF,EQUITY,TAIWAN,INVERSE,,,False,True,False,MEDIUM
00698L,元大美債7-10正2,ETF,BOND,US,LEVERAGED,,,True,False,False,MEDIUM
0050,元大台灣50,ETF,EQUITY,TAIWAN,MARKET_CAP,,臺灣50指數,False,False,False,HIGH
00763U,期街口道瓊銅,ETF,COMMODITY,US,MARKET_CAP,,,False,False,False,MEDIUM
00752,中信中國50,ETF,EQUITY,CHINA,MARKET_CAP,,,False,False,False,MEDIUM
00753L,中信中國50正2,ETF,EQUITY,CHINA,LEVERAGED,,,True,False,False,MEDIUM
00757,統一FANG+,ETF,EQUITY,US,MARKET_CAP,,,False,False,False,MEDIUM
00762,元大全球AI,ETF,EQUITY,GLOBAL,THEMATIC,AI,,False,False,False,MEDIUM
00783,富邦中証500,ETF,EQUITY,TAIWAN,MARKET_CAP,,,False,False,False,MEDIUM
00830,國泰費城半導體,ETF,EQUITY,US,SECTOR,半導體,NYSE Philadelphia Semiconductor Index,False,False,False,HIGH
00850,元大臺灣ESG永續,ETF,EQUITY,TAIWAN,ESG,,臺灣永續指數,False,False,False,HIGH
00851,台新全球AI,ETF,EQUITY,GLOBAL,THEMATIC,AI,,False,False,False,MEDIUM
00689R,國泰20年美債反1,ETF,BOND,US,INVERSE,,,False,True,False,MEDIUM
00690,兆豐藍籌30,ETF,EQUITY,TAIWAN,MARKET_CAP,,,False,False,False,MEDIUM
00692,富邦公司治理,ETF,EQUITY,TAIWAN,ESG,,台灣公司治理100指數,False,False,False,HIGH
00693U,期街口S&P黃豆,ETF,COMMODITY,US,MARKET_CAP,,,False,False,False,MEDIUM
00700,富邦恒生國企,ETF,EQUITY,CHINA,MARKET_CAP,,,False,False,False,MEDIUM
00701,國泰股利精選30,ETF,EQUITY,TAIWAN,HIGH_DIVIDEND,,,False,False,False,MEDIUM
00702,國泰標普低波高息,ETF,EQUITY,TAIWAN,HIGH_DIVIDEND,,,False,False,False,MEDIUM
00706L,期元大S&P日圓正2,ETF,EQUITY,US,LEVERAGED,,,True,False,False,MEDIUM
00924,復華S&P500成長,ETF,EQUITY,US,GROWTH,,,False,False,False,MEDIUM
00927,群益半導體收益,ETF,EQUITY,TAIWAN,THEMATIC,半導體,,False,False,False,MEDIUM
00960,野村全球航運龍頭,ETF,EQUITY,GLOBAL,MARKET_CAP,,,False,False,False,MEDIUM
00961,FT臺灣永續高息,ETF,EQUITY,TAIWAN,HIGH_DIVIDEND,,,False,False,False,MEDIUM
00962,台新AI優息動能,ETF,EQUITY,TAIWAN,HIGH_DIVIDEND,AI,,False,False,False,MEDIUM
00963,中信全球高股息,ETF,EQUITY,GLOBAL,HIGH_DIVIDEND,,,False,False,False,MEDIUM
020030,統一智慧電動車N,ETN,EQUITY,TAIWAN,THEMATIC,電動車,,False,False,False,MEDIUM
020031,統一IC設計臺灣N,ETN,EQUITY,TAIWAN,THEMATIC,IC設計,,False,False,False,MEDIUM
020032,元大綠能N,ETN,EQUITY,TAIWAN,THEMATIC,綠能,,False,False,False,MEDIUM
020034,元大IC設計N,ETN,EQUITY,TAIWAN,THEMATIC,IC設計,,False,False,False,MEDIUM
020036,元大金融配息N,ETN,EQUITY,TAIWAN,MARKET_CAP,金融,,False,False,False,MEDIUM
020037,元大金融高股息N,ETN,EQUITY,TAIWAN,HIGH_DIVIDEND,金融,,False,False,False,MEDIUM
020038,元大ESG配息N,ETN,EQUITY,TAIWAN,ESG,,,False,False,False,MEDIUM
020039,元大加權N,ETN,EQUITY,TAIWAN,MARKET_CAP,,,False,False,False,MEDIUM
00926,凱基全球菁英55,ETF,EQUITY,GLOBAL,MARKET_CAP,,,False,False,False,MEDIUM
00929,復華台灣科技優息,ETF,EQUITY,TAIWAN,HIGH_DIVIDEND,科技,臺灣指數公司特選臺灣上市上櫃科技優息指數,False,False,False,HIGH
00930,永豐ESG低碳高息,ETF,EQUITY,TAIWAN,HIGH_DIVIDEND,,,False,False,False,MEDIUM
00932,兆豐永續高息等權,ETF,EQUITY,TAIWAN,HIGH_DIVIDEND,,,False,False,False,MEDIUM
00934,中信成長高股息,ETF,EQUITY,TAIWAN,HIGH_DIVIDEND,,臺灣指數公司中信成長高股息精選30指數,False,False,False,HIGH
00935,野村臺灣新科技50,ETF,EQUITY,TAIWAN,THEMATIC,,,False,False,False,MEDIUM
00936,台新永續高息中小,ETF,EQUITY,TAIWAN,HIGH_DIVIDEND,,,False,False,False,MEDIUM
00938,凱基優選30,ETF,EQUITY,TAIWAN,MARKET_CAP,,,False,False,False,MEDIUM
00939,統一台灣高息動能,ETF,EQUITY,TAIWAN,HIGH_DIVIDEND,,,False,False,False,MEDIUM
00940,元大台灣價值高息,ETF,EQUITY,TAIWAN,HIGH_DIVIDEND,,,False,False,False,MEDIUM
00941,中信上游半導體,ETF,EQUITY,TAIWAN,THEMATIC,半導體,,False,False,False,MEDIUM
00943,兆豐電子高息等權,ETF,EQUITY,TAIWAN,HIGH_DIVIDEND,,,False,False,False,MEDIUM
00997A,主動群益美國增長,ETF,EQUITY,US,ACTIVE,,,False,False,True,MEDIUM
