stock_id,stock_name,asset_type,source_industry
0051,元大中型100,ETF,ETF
0052,富邦科技,ETF,ETF
0053,元大電子,ETF,ETF
0055,元大MSCI金融,ETF,ETF
0056,元大高股息,ETF,ETF
0057,富邦摩台,ETF,ETF
0061,元大寶滬深,ETF,ETF
006203,元大MSCI台灣,ETF,ETF
1704,榮化,COMMON_STOCK,化學工業
3573,穎台,COMMON_STOCK,光電業
2473,思源,COMMON_STOCK,半導體業
2469,力信,COMMON_STOCK,電子工業
006204,永豐臺灣加權,ETF,ETF
2494,廣業科,COMMON_STOCK,通信網路業
006205,富邦上証,ETF,ETF
00400A,主動國泰動能高息,ETF,ETF
006206,元大上證50,ETF,ETF
006207,復華滬深,ETF,ETF
006208,富邦台50,ETF,ETF
00625K,富邦上証+R,ETF,ETF
00631L,元大台灣50正2,ETF,ETF
00632R,元大台灣50反1,ETF,ETF
00633L,富邦上証正2,ETF,ETF
00634R,富邦上証反1,ETF,ETF
00635U,期元大S&P黃金,ETF,ETF
00636,國泰中國A50,ETF,ETF
00636K,國泰中國A50+U,ETF,ETF
00637L,元大滬深300正2,ETF,ETF
00638R,元大滬深300反1,ETF,ETF
00639,富邦深100,ETF,ETF
00640L,富邦日本正2,ETF,ETF
00641R,富邦日本反1,ETF,ETF
00642U,期元大S&P石油,ETF,ETF
00643,群益深証中小,ETF,ETF
00643K,群益深証中小+R,ETF,ETF
00645,富邦日本,ETF,ETF
00646,元大S&P500,ETF,ETF
00647L,元大S&P500正2,ETF,ETF
009819,中信數據及電力,ETF,ETF
009820,元大納斯達克精選,ETF,ETF
2341,英群,COMMON_STOCK,電子工業
7760,享溫馨,COMMON_STOCK,休閒娛樂
00401A,主動摩根台灣鑫收,ETF,ETF
00648R,元大S&P500反1,ETF,ETF
3614,誠致,COMMON_STOCK,電子工業
1724,台硝,COMMON_STOCK,化學工業
6119,大傳,COMMON_STOCK,電子工業
6781,AES-KY,COMMON_STOCK,電子工業
00999A,主動野村臺灣高息,ETF,ETF
2315,神達,COMMON_STOCK,電腦及週邊設備業
4148,全宇生技-KY,COMMON_STOCK,化學生技醫療
3061,璨圓,COMMON_STOCK,電子工業
2336,致伸,COMMON_STOCK,電腦及週邊設備業
2456,奇力新,COMMON_STOCK,電子零組件業
2463,研揚,COMMON_STOCK,電腦及週邊設備業
3009,奇美電,COMMON_STOCK,電子工業
3080,威力盟,COMMON_STOCK,電子工業
00650L,復華香港正2,ETF,ETF
2452,乾坤,COMMON_STOCK,電子工業
00651R,復華香港反1,ETF,ETF
00652,富邦印度,ETF,ETF
3367,英華達,COMMON_STOCK,其他電子業
3534,雷凌,COMMON_STOCK,電子工業
3584,介面,COMMON_STOCK,光電業
3598,奕力,COMMON_STOCK,半導體業
5280,F-敦泰,COMMON_STOCK,電子工業
4178,永笙-KY,COMMON_STOCK,再生醫療
4763,材料*-KY,COMMON_STOCK,化學工業
6862,三集瑞-KY,COMMON_STOCK,電子工業
6933,AMAX-KY,COMMON_STOCK,電腦及週邊設備業
2475,華映,COMMON_STOCK,光電業
2499,東貝,COMMON_STOCK,光電業
3561,昇陽光電,COMMON_STOCK,光電業
3599,旺能,COMMON_STOCK,電子工業
5264,鎧勝-KY,COMMON_STOCK,電腦及週邊設備業
5305,敦南,COMMON_STOCK,半導體業
7768,頌勝科技,COMMON_STOCK,半導體
00775B,台新投等債15+,ETF,ETF
00904,台新臺灣半導體30,ETF,ETF
7631,聚賢研發-創,COMMON_STOCK,平面顯示器
8112A,至上甲特,PREFERRED_STOCK,半導體
00653L,富邦印度正2,ETF,ETF
00654R,富邦印度反1,ETF,ETF
00655L,國泰中國A50正2,ETF,ETF
00656R,國泰中國A50反1,ETF,ETF
00657,國泰日經225,ETF,ETF
00657K,國泰日經225+U,ETF,ETF
00660,元大歐洲50,ETF,ETF
00661,元大日經225,ETF,ETF
00662,富邦NASDAQ,ETF,ETF
00663L,國泰臺灣加權正2,ETF,ETF
00664R,國泰臺灣加權反1,ETF,ETF
00665L,富邦恒生國企正2,ETF,ETF
00666R,富邦恒生國企反1,ETF,ETF
00668,國泰美國道瓊,ETF,ETF
00668K,國泰美國道瓊+U,ETF,ETF
00669R,國泰美國道瓊反1,ETF,ETF
00670L,富邦NASDAQ正2,ETF,ETF
00671R,富邦NASDAQ反1,ETF,ETF
00673R,期元大S&P原油反1,ETF,ETF
00674R,期元大S&P黃金反1,ETF,ETF
00675L,富邦臺灣加權正2,ETF,ETF
00676R,富邦臺灣加權反1,ETF,ETF
00678,群益那斯達克生技,ETF,ETF
00680L,元大美債20正2,ETF,ETF
00681R,元大美債20反1,ETF,ETF
00682U,期元大美元指數,ETF,ETF
00683L,期元大美元指正2,ETF,ETF
00684R,期元大美元指反1,ETF,ETF
00685L,群益臺灣加權正2,ETF,ETF
00686R,群益臺灣加權反1,ETF,ETF
00688L,國泰20年美債正2,ETF,ETF
00699R,元大美債7-10反1,ETF,ETF
00703,台新MSCI中國,ETF,ETF
00704L,台新MSCI台灣正2,ETF,ETF
00705R,台新MSCI台灣反1,ETF,ETF
00707R,期元大S&P日圓反1,ETF,ETF
00708L,期元大S&P黃金正2,ETF,ETF
00709,富邦歐洲,ETF,ETF
00710B,復華彭博非投等債,ETF,ETF
00711B,復華彭博新興債,ETF,ETF
00712,復華富時不動產,ETF,ETF
00713,元大台灣高息低波,ETF,ETF
00714,群益道瓊美國地產,ETF,ETF
00715L,期街口布蘭特正2,ETF,ETF
00716R,華頓S&P布蘭特反1,ETF,ETF
00717,富邦美國特別股,ETF,ETF
00728,第一金工業30,ETF,ETF
00730,富邦臺灣優質高息,ETF,ETF
00731,復華富時高息低波,ETF,ETF
00733,富邦臺灣中小,ETF,ETF
00735,國泰臺韓科技,ETF,ETF
00736,國泰新興市場,ETF,ETF
00737,國泰AI機器人,ETF,ETF
00738U,期元大道瓊白銀,ETF,ETF
00739,元大MSCI A股,ETF,ETF
00770,國泰北美科技,ETF,ETF
00771,元大US高息特別股,ETF,ETF
0080,恒中國,ETF,ETF
0081,恒香港,ETF,ETF
008201,BP上證50,ETF,ETF
00852L,國泰美國道瓊正2,ETF,ETF
00861,元大全球未來通訊,ETF,ETF
00865B,國泰US短期公債,ETF,ETF
00875,國泰網路資安,ETF,ETF
00876,元大全球5G,ETF,ETF
00878,國泰永續高股息,ETF,ETF
00881,國泰台灣科技龍頭,ETF,ETF
00882,中信中國高股息,ETF,ETF
00885,富邦越南,ETF,ETF
00891,中信關鍵半導體,ETF,ETF
00892,富邦台灣半導體,ETF,ETF
00893,國泰智能電動車,ETF,ETF
00894,中信小資高價30,ETF,ETF
00895,富邦未來車,ETF,ETF
00896,中信綠能及電動車,ETF,ETF
00897,富邦基因免疫生技,ETF,ETF
00898,國泰基因免疫革命,ETF,ETF
00899,FT潔淨能源,ETF,ETF
00900,富邦特選高股息30,ETF,ETF
00901,永豐智能車供應鏈,ETF,ETF
00902,中信電池及儲能,ETF,ETF
00903,富邦元宇宙,ETF,ETF
00905,FT臺灣Smart,ETF,ETF
00907,永豐優息存股,ETF,ETF
00908,富邦入息REITs+,ETF,ETF
00909,國泰數位支付服務,ETF,ETF
00910,第一金太空衛星,ETF,ETF
00911,兆豐洲際半導體,ETF,ETF
1101B,台泥乙特,PREFERRED_STOCK,水泥
4195,基米-創,COMMON_STOCK,醫療器材
1103,嘉泥,COMMON_STOCK,交通運輸及航運
00403A,主動統一升級50,ETF,ETF
7818,溢泰實業,COMMON_STOCK,其他
1201,味全,COMMON_STOCK,食品
1203,味王,COMMON_STOCK,食品
7803,雲象科技-創,COMMON_STOCK,人工智慧
4582,聚恆-創,COMMON_STOCK,電機機械
1227,佳格,COMMON_STOCK,食品
1231,聯華食,COMMON_STOCK,食品
7827,漢康-KY創,COMMON_STOCK,製藥
1236,宏亞,COMMON_STOCK,食品
1256,鮮活果汁-KY,COMMON_STOCK,食品
1312A,國喬特,PREFERRED_STOCK,石化及塑橡膠
00402A,主動安聯美國科技,ETF,ETF
00404A,主動聯博動能50,ETF,ETF
00405A,主動富邦台灣龍耀,ETF,ETF
00406A,主動中信台灣收益,ETF,ETF
009821,野村稀土關鍵資源,ETF,ETF
1522A,堤維西甲特,PREFERRED_STOCK,汽車
00407A,主動凱基台灣,ETF,ETF
009824,群益美國科技巨頭,ETF,ETF
8078,華寶,COMMON_STOCK,通信網路業
1710,東聯,COMMON_STOCK,紡織
3519,綠能,COMMON_STOCK,半導體業
6145,勁永,COMMON_STOCK,電子通路業
6863,永道-KY,COMMON_STOCK,電子工業
6921,嘉雨思-創,COMMON_STOCK,電子工業
00408A,主動第一金優股息,ETF,ETF
2391,合勤,COMMON_STOCK,電子工業
8008,建興電,COMMON_STOCK,電腦及週邊設備業
8199,廣鎵,COMMON_STOCK,電子工業
5236,凌陽創新,COMMON_STOCK,人工智慧
2002A,中鋼特,PREFERRED_STOCK,鋼鐵
2009,第一銅,COMMON_STOCK,鋼鐵
2208,台船,COMMON_STOCK,風力發電
2301,光寶科,COMMON_STOCK,雲端運算
2348A,海悅甲特,PREFERRED_STOCK,其他
2363,矽統,COMMON_STOCK,半導體
2415,錩新,COMMON_STOCK,鋼鐵
2421,建準,COMMON_STOCK,電機機械
2514,龍邦,COMMON_STOCK,建材營造
2601,益航,COMMON_STOCK,貿易百貨
2607,榮運,COMMON_STOCK,交通運輸及航運
2612,中航,COMMON_STOCK,交通運輸及航運
2616,山隆,COMMON_STOCK,交通運輸及航運
2836A,高雄銀甲特,PREFERRED_STOCK,金融
2838A,聯邦銀甲特,PREFERRED_STOCK,金融
2856,元富證,COMMON_STOCK,金融
2881A,富邦特,PREFERRED_STOCK,金融
2881B,富邦金乙特,PREFERRED_STOCK,金融
2881C,富邦金丙特,PREFERRED_STOCK,金融
2882A,國泰特,PREFERRED_STOCK,金融
2882B,國泰金乙特,PREFERRED_STOCK,金融
2883B,凱基金乙特,PREFERRED_STOCK,金融
2887C,新丙特,PREFERRED_STOCK,金融
2887E,台新新光戊特一,PREFERRED_STOCK,金融
2887F,台新新光戊特二,PREFERRED_STOCK,金融
2887G,台新新光庚特一,PREFERRED_STOCK,金融
2887H,台新新光庚特二,PREFERRED_STOCK,金融
2887I,台新新光辛特,PREFERRED_STOCK,金融
2887Z1,台新新光己特,COMMON_STOCK,金融
2888A,新光金甲特,PREFERRED_STOCK,金融
2888B,新光金乙特,PREFERRED_STOCK,金融
2891A,中信特,PREFERRED_STOCK,金融
2891B,中信金乙特,PREFERRED_STOCK,金融
2891C,中信金丙特,PREFERRED_STOCK,金融
2897A,王道銀甲特,PREFERRED_STOCK,金融
2897B,王道銀乙特,PREFERRED_STOCK,金融
2913,農林,COMMON_STOCK,貿易百貨
3036A,文曄甲特,PREFERRED_STOCK,半導體
3702A,大聯大甲特,PREFERRED_STOCK,半導體
2915,潤泰全,COMMON_STOCK,貿易百貨
4164,承業醫,COMMON_STOCK,醫療器材
4994,傳奇,COMMON_STOCK,休閒娛樂
5871A,中租-KY甲特,PREFERRED_STOCK,金融
6184,大豐電,COMMON_STOCK,文化創意業
6722,輝創,COMMON_STOCK,汽車
6754,匯僑設計,COMMON_STOCK,建材營造
00912,中信臺灣智慧50,ETF,ETF
009805,台新美國電力基建,ETF,ETF
6937,天虹,COMMON_STOCK,平面顯示器
6944,兆聯實業,COMMON_STOCK,其他
6958A,日盛台駿甲特,PREFERRED_STOCK,其他
7610,聯友金屬-創,COMMON_STOCK,其他
7721,微程式,COMMON_STOCK,電子商務
8367,建新國際,COMMON_STOCK,交通運輸及航運
8411,福貞-KY,COMMON_STOCK,鋼鐵
8462,柏文,COMMON_STOCK,休閒娛樂
8463,潤泰材,COMMON_STOCK,水泥
8481,政伸,COMMON_STOCK,休閒娛樂
9907,統一實,COMMON_STOCK,鋼鐵
9928,中視,COMMON_STOCK,文化創意業
9941A,裕融甲特,PREFERRED_STOCK,其他
9944,新麗,COMMON_STOCK,紡織
00913,兆豐台灣晶圓製造,ETF,ETF
00915,凱基優選高股息30,ETF,ETF
00916,國泰全球品牌50,ETF,ETF
00917,中信特選金融,ETF,ETF
00918,大華優利高填息30,ETF,ETF
00919,群益台灣精選高息,ETF,ETF
00920,富邦ESG綠色電力,ETF,ETF
00921,兆豐龍頭等權重,ETF,ETF
00922,國泰台灣領袖50,ETF,ETF
00923,群益台ESG低碳50,ETF,ETF
00925,新光標普電動車,ETF,ETF
00944,野村趨勢動能高息,ETF,ETF
00945B,凱基美國非投等債,ETF,ETF
00946,群益科技高息成長,ETF,ETF
00947,台新臺灣IC設計,ETF,ETF
00949,復華日本龍頭,ETF,ETF
00951,台新日本半導體,ETF,ETF
00952,凱基台灣AI50,ETF,ETF
00953B,群益優選非投等債,ETF,ETF
00954,中信日本半導體,ETF,ETF
00956,中信日經高股息,ETF,ETF
00964,中信亞太高股息,ETF,ETF
00965,元大航太防衛科技,ETF,ETF
00971,野村美國研發龍頭,ETF,ETF
00972,野村日本動能高息,ETF,ETF
009800,中信NASDAQ,ETF,ETF
009801,中信美國創新科技,ETF,ETF
009802,富邦旗艦50,ETF,ETF
009803,玉山市值動能50,ETF,ETF
009804,聯邦台精彩50,ETF,ETF
009808,華南永昌優選50,ETF,ETF
009809,富邦淨零ESG50,ETF,ETF
00980A,主動野村臺灣優選,ETF,ETF
009810,玉山全球藍籌100,ETF,ETF
009811,統一美國50,ETF,ETF
009812,野村日本東證,ETF,ETF
009813,貝萊德標普卓越50,ETF,ETF
009816,凱基台灣TOP50,ETF,ETF
009817,國泰日本不動產,ETF,ETF
009818,華南永昌NASDAQxT,ETF,ETF
00981A,主動統一台股增長,ETF,ETF
00981T,平衡凱基雙核收息,ETF,ETF
00982A,主動群益台灣強棒,ETF,ETF
00982D,主動富邦動態入息,ETF,ETF
00982T,平衡兆豐台美動能,ETF,ETF
00983A,主動中信ARK創新,ETF,ETF
00983D,主動富邦複合收益,ETF,ETF
00984A,主動安聯台灣高息,ETF,ETF
00984D,主動聯博全球非投,ETF,ETF
00985A,主動野村台灣50,ETF,ETF
00985B,群益ESG投等債0-5,ETF,ETF
00986A,主動台新龍頭成長,ETF,ETF
00987A,主動台新優勢成長,ETF,ETF
00988A,主動統一全球創新,ETF,ETF
00989A,主動摩根美國科技,ETF,ETF
00990A,主動元大AI新經濟,ETF,ETF
00991A,主動復華未來50,ETF,ETF
00992A,主動群益科技創新,ETF,ETF
00993A,主動安聯台灣,ETF,ETF
00994A,主動第一金台股優,ETF,ETF
00995A,主動中信台灣卓越,ETF,ETF
00996A,主動兆豐台灣豐收,ETF,ETF
020000,富邦特選蘋果N,ETN,ETN
020011,統一微波高息20N,ETN,ETN
020012,富邦行動通訊N,ETN,ETN
020015,統一MSCI美低波N,ETN,ETN
020016,統一MSCI美科技N,ETN,ETN
020018,統一價值成長30N,ETN,ETN
020019,統一特選台灣5GN,ETN,ETN
02001L,富邦蘋果正二N,ETN,ETN
02001R,富邦蘋果反一N,ETN,ETN
02001S,策元大加權策略N,ETN,ETN
020020,元大台股領航N,ETN,ETN
020028,元大特選電動車N,ETN,ETN
020029,元大ESG高股息N,ETN,ETN
1102,亞泥,COMMON_STOCK,風力發電
1104,環泥,COMMON_STOCK,水泥
1108,幸福,COMMON_STOCK,水泥
1109,信大,COMMON_STOCK,水泥
1216,統一,COMMON_STOCK,食品
1217,愛之味,COMMON_STOCK,食品
1218,泰山,COMMON_STOCK,食品
1219,福壽,COMMON_STOCK,食品
1220,台榮,COMMON_STOCK,貿易百貨
1225,福懋油,COMMON_STOCK,食品
1230,聯成食,COMMON_STOCK,電器電纜
1232,大統益,COMMON_STOCK,食品
1233,天仁,COMMON_STOCK,食品
1234,黑松,COMMON_STOCK,食品
1262,綠悅-KY,COMMON_STOCK,其他
1301,台塑,COMMON_STOCK,紡織
1303,南亞,COMMON_STOCK,電機機械
1305,華夏,COMMON_STOCK,石化及塑橡膠
1307,三芳,COMMON_STOCK,石化及塑橡膠
1308,亞聚,COMMON_STOCK,石化及塑橡膠
1309,台達化,COMMON_STOCK,石化及塑橡膠
1310,台苯,COMMON_STOCK,石化及塑橡膠
1311,福聚,COMMON_STOCK,塑膠工業
1312,國喬,COMMON_STOCK,石化及塑橡膠
1313,聯成,COMMON_STOCK,石化及塑橡膠
1314,中石化,COMMON_STOCK,紡織
1315,達新,COMMON_STOCK,電機機械
1316,上曜,COMMON_STOCK,石化及塑橡膠
1319,東陽,COMMON_STOCK,汽車
1321,大洋,COMMON_STOCK,石化及塑橡膠
1323,永裕,COMMON_STOCK,石化及塑橡膠
1324,地球,COMMON_STOCK,石化及塑橡膠
1325,恆大,COMMON_STOCK,石化及塑橡膠
1326,台化,COMMON_STOCK,紡織
1337,再生-KY,COMMON_STOCK,石化及塑橡膠
1338,廣華-KY,COMMON_STOCK,汽車
1339,昭輝,COMMON_STOCK,石化及塑橡膠
1340,勝悅-KY,COMMON_STOCK,石化及塑橡膠
1341,富林-KY,COMMON_STOCK,塑膠工業
1342,八貫,COMMON_STOCK,其他
1402,遠東新,COMMON_STOCK,紡織
1409,新纖,COMMON_STOCK,紡織
1410,南染,COMMON_STOCK,紡織
1413,宏洲,COMMON_STOCK,紡織
1414,東和,COMMON_STOCK,紡織
1416,廣豐,COMMON_STOCK,軟體服務
1417,嘉裕,COMMON_STOCK,紡織
6585,鼎基,COMMON_STOCK,石化及塑橡膠
1418,東華,COMMON_STOCK,紡織
1419,新紡,COMMON_STOCK,貿易百貨
1423,利華,COMMON_STOCK,紡織
1434,福懋,COMMON_STOCK,紡織
1435,中福,COMMON_STOCK,其他
1436,華友聯,COMMON_STOCK,建材營造
1437,勤益控,COMMON_STOCK,其他
1438,三地開發,COMMON_STOCK,建材營造
1440,南紡,COMMON_STOCK,紡織
1441,大東,COMMON_STOCK,紡織
1442,名軒,COMMON_STOCK,建材營造
1444,力麗,COMMON_STOCK,紡織
1445,大宇,COMMON_STOCK,紡織
1446,宏和,COMMON_STOCK,紡織
1447,力鵬,COMMON_STOCK,紡織
1449,佳和,COMMON_STOCK,紡織
1451,年興,COMMON_STOCK,紡織
1452,宏益,COMMON_STOCK,紡織
1454,台富,COMMON_STOCK,紡織
1455,集盛,COMMON_STOCK,紡織
1457,宜進,COMMON_STOCK,紡織
1459,聯發,COMMON_STOCK,紡織
1460,宏遠,COMMON_STOCK,紡織
1463,強盛新,COMMON_STOCK,紡織
1469,理隆,COMMON_STOCK,紡織纖維
1507,永大,COMMON_STOCK,電機機械
1513,中興電,COMMON_STOCK,智慧電網
1514,亞力,COMMON_STOCK,風力發電
1519,華城,COMMON_STOCK,智慧電網
1528,恩德,COMMON_STOCK,貿易百貨
1529,樂事綠能,COMMON_STOCK,電機機械
1532,勤美,COMMON_STOCK,貿易百貨
1536,和大,COMMON_STOCK,電動車輛產業
1537,廣隆,COMMON_STOCK,電機機械
1563,巧新,COMMON_STOCK,汽車
1589,永冠-KY,COMMON_STOCK,風力發電
1590,亞德客-KY,COMMON_STOCK,電機機械
1592,英瑞-KY,COMMON_STOCK,汽車工業
1601,台光,COMMON_STOCK,電器電纜
1606,歌林,COMMON_STOCK,電器電纜
1608,華榮,COMMON_STOCK,其他
1611,中電,COMMON_STOCK,電動車輛產業
1612,宏泰,COMMON_STOCK,智慧電網
1613,台一,COMMON_STOCK,電器電纜
1614,三洋電,COMMON_STOCK,平面顯示器
1615,大山,COMMON_STOCK,智慧電網
1616,億泰,COMMON_STOCK,其他
1617,榮星,COMMON_STOCK,連接器
1618,合機,COMMON_STOCK,智慧電網
1623,大東電,COMMON_STOCK,智慧電網
1626,艾美特-KY,COMMON_STOCK,其他
1702,南僑,COMMON_STOCK,食品
1707,葡萄王,COMMON_STOCK,食品生技
1708,東鹼,COMMON_STOCK,其他
1709,和益,COMMON_STOCK,石化及塑橡膠
1711,永光,COMMON_STOCK,石化及塑橡膠
1712,興農,COMMON_STOCK,石化及塑橡膠
1713,國化,COMMON_STOCK,紡織
1714,和桐,COMMON_STOCK,石化及塑橡膠
1715,萬洲,COMMON_STOCK,塑膠工業
1717,長興,COMMON_STOCK,印刷電路板
1718,中纖,COMMON_STOCK,其他
1720,生達,COMMON_STOCK,食品生技
1721,三晃,COMMON_STOCK,石化及塑橡膠
1722,台肥,COMMON_STOCK,其他
1723,中碳,COMMON_STOCK,電動車輛產業
1725,元禎,COMMON_STOCK,石化及塑橡膠
1727,中華化,COMMON_STOCK,石化及塑橡膠
1730,花仙子,COMMON_STOCK,貿易百貨
1731,美吾華,COMMON_STOCK,製藥
1733,五鼎,COMMON_STOCK,醫療器材
1735,日勝化,COMMON_STOCK,石化及塑橡膠
1737,臺鹽,COMMON_STOCK,食品
1760,寶齡富錦,COMMON_STOCK,醫療器材
1773,勝一,COMMON_STOCK,石化及塑橡膠
1776,展宇,COMMON_STOCK,石化及塑橡膠
1809,中釉,COMMON_STOCK,建材營造
1902,台紙,COMMON_STOCK,造紙工業
1904,正隆,COMMON_STOCK,造紙
1905,華紙,COMMON_STOCK,造紙
1907,永豐餘,COMMON_STOCK,造紙
2006,東和鋼鐵,COMMON_STOCK,鋼鐵
2007,燁興,COMMON_STOCK,鋼鐵
1701,中化,COMMON_STOCK,生技醫療業
2008,高興昌,COMMON_STOCK,鋼鐵
2010,春源,COMMON_STOCK,鋼鐵
2012,春雨,COMMON_STOCK,鋼鐵
2013,中鋼構,COMMON_STOCK,風力發電
2014,中鴻,COMMON_STOCK,鋼鐵
2015,豐興,COMMON_STOCK,鋼鐵
2017,官田鋼,COMMON_STOCK,鋼鐵
2020,美亞,COMMON_STOCK,鋼鐵
2022,聚亨,COMMON_STOCK,鋼鐵
2024,志聯,COMMON_STOCK,鋼鐵
2029,盛餘,COMMON_STOCK,鋼鐵
2031,新光鋼,COMMON_STOCK,風力發電
2033,佳大,COMMON_STOCK,鋼鐵
2038,海光,COMMON_STOCK,鋼鐵
2072,世紀風電,COMMON_STOCK,風力發電
2102,泰豐,COMMON_STOCK,汽車
2105,正新,COMMON_STOCK,石化及塑橡膠
2106,建大,COMMON_STOCK,運動科技
2107,厚生,COMMON_STOCK,石化及塑橡膠
2108,南帝,COMMON_STOCK,石化及塑橡膠
2109,華豐,COMMON_STOCK,石化及塑橡膠
2114,鑫永銓,COMMON_STOCK,石化及塑橡膠
2115,六暉-KY,COMMON_STOCK,石化及塑橡膠
2201,裕隆,COMMON_STOCK,汽車
2204,中華,COMMON_STOCK,汽車
2206,三陽工業,COMMON_STOCK,汽車
2207,和泰車,COMMON_STOCK,電動車輛產業
2211,長榮鋼,COMMON_STOCK,鋼鐵
2236,百達-KY,COMMON_STOCK,汽車工業
2243,宏旭-KY,COMMON_STOCK,汽車工業
2248,華勝-KY,COMMON_STOCK,汽車
2250,IKKA-KY,COMMON_STOCK,汽車工業
2258,鴻華先進-創,COMMON_STOCK,創新版股票
2308,台達電,COMMON_STOCK,智慧電網
2312,金寶,COMMON_STOCK,電腦及週邊設備
2313,華通,COMMON_STOCK,印刷電路板
2314,台揚,COMMON_STOCK,通信網路
2316,楠梓電,COMMON_STOCK,印刷電路板
2317,鴻海,COMMON_STOCK,電腦及週邊設備
2321,東訊,COMMON_STOCK,通信網路
2323,中環,COMMON_STOCK,電腦及週邊設備
2324,仁寶,COMMON_STOCK,平面顯示器
2327,國巨*,COMMON_STOCK,被動元件
2331,精英,COMMON_STOCK,電腦及週邊設備
2351,順德,COMMON_STOCK,鋼鐵
2352,佳世達,COMMON_STOCK,醫療器材
2353,宏碁,COMMON_STOCK,電腦及週邊設備
2356,英業達,COMMON_STOCK,電腦及週邊設備
2357,華碩,COMMON_STOCK,電腦及週邊設備
2358,廷鑫,COMMON_STOCK,其他
2359,所羅門,COMMON_STOCK,其他
2360,致茂,COMMON_STOCK,智慧電網
2362,藍天,COMMON_STOCK,電腦及週邊設備
2364,倫飛,COMMON_STOCK,電腦及週邊設備
2365,昆盈,COMMON_STOCK,電腦及週邊設備
2367,燿華,COMMON_STOCK,印刷電路板
2368,金像電,COMMON_STOCK,印刷電路板
2369,菱生,COMMON_STOCK,半導體
2371,大同,COMMON_STOCK,智慧電網
2373,震旦行,COMMON_STOCK,其他
2374,佳能,COMMON_STOCK,電腦及週邊設備
2375,凱美,COMMON_STOCK,被動元件
2376,技嘉,COMMON_STOCK,電腦及週邊設備
2377,微星,COMMON_STOCK,電腦及週邊設備
2379,瑞昱,COMMON_STOCK,半導體
2380,虹光,COMMON_STOCK,電腦及週邊設備
2382,廣達,COMMON_STOCK,雲端運算
2383,台光電,COMMON_STOCK,印刷電路板
2385,群光,COMMON_STOCK,電腦及週邊設備
2387,精元,COMMON_STOCK,電腦及週邊設備
2388,威盛,COMMON_STOCK,人工智慧
2390,云辰,COMMON_STOCK,大數據
2392,正崴,COMMON_STOCK,電腦及週邊設備
2393,億光,COMMON_STOCK,平面顯示器
2395,研華,COMMON_STOCK,雲端運算
2311,日月光,COMMON_STOCK,半導體業
2381,華宇,COMMON_STOCK,電腦及週邊設備業
2325,矽品,COMMON_STOCK,半導體業
2397,友通,COMMON_STOCK,通信網路
2399,映泰,COMMON_STOCK,區塊鏈
2401,凌陽,COMMON_STOCK,半導體
2402,毅嘉,COMMON_STOCK,印刷電路板
2404,漢唐,COMMON_STOCK,其他
2405,輔信,COMMON_STOCK,電腦及週邊設備
2406,國碩,COMMON_STOCK,太陽能產業
2408,南亞科,COMMON_STOCK,半導體
2409,友達,COMMON_STOCK,平面顯示器
2412,中華電,COMMON_STOCK,通信網路
2413,環科,COMMON_STOCK,電腦及週邊設備
2414,精技,COMMON_STOCK,其他
2417,圓剛,COMMON_STOCK,電腦及週邊設備
2419,仲琦,COMMON_STOCK,通信網路
2420,新巨,COMMON_STOCK,電腦及週邊設備
2423,固緯,COMMON_STOCK,其他
2425,承啟,COMMON_STOCK,電腦及週邊設備
2426,鼎元,COMMON_STOCK,電腦及週邊設備
2427,三商電,COMMON_STOCK,觸控面板
2428,興勤,COMMON_STOCK,被動元件
2430,燦坤,COMMON_STOCK,貿易百貨
2431,聯昌,COMMON_STOCK,電腦及週邊設備
2432,倚天,COMMON_STOCK,通信網路業
2433,互盛電,COMMON_STOCK,其他
2434,統懋,COMMON_STOCK,太陽能產業
2436,偉詮電,COMMON_STOCK,半導體
2438,翔耀,COMMON_STOCK,LED照明產業
2439,美律,COMMON_STOCK,能源元件
2440,太空梭,COMMON_STOCK,電腦及週邊設備
2441,超豐,COMMON_STOCK,半導體
2442,新美齊,COMMON_STOCK,建材營造
2443,昶虹,COMMON_STOCK,其他
2444,兆勁,COMMON_STOCK,電腦及週邊設備
2449,京元電子,COMMON_STOCK,半導體
2450,神腦,COMMON_STOCK,通信網路
2451,創見,COMMON_STOCK,電腦及週邊設備
2453,凌群,COMMON_STOCK,大數據
2454,聯發科,COMMON_STOCK,半導體
2455,全新,COMMON_STOCK,半導體
2459,敦吉,COMMON_STOCK,智慧電網
2479,和立,COMMON_STOCK,電子工業
2480,敦陽科,COMMON_STOCK,大數據
2481,強茂,COMMON_STOCK,半導體
2482,連宇,COMMON_STOCK,其他
2483,百容,COMMON_STOCK,醫療器材
2484,希華,COMMON_STOCK,被動元件
2485,兆赫,COMMON_STOCK,平面顯示器
2486,一詮,COMMON_STOCK,平面顯示器
2488,漢平,COMMON_STOCK,其他
2489,瑞軒,COMMON_STOCK,平面顯示器
2491,吉祥全,COMMON_STOCK,LED照明產業
2492,華新科,COMMON_STOCK,被動元件
2493,揚博,COMMON_STOCK,印刷電路板
2495,普安,COMMON_STOCK,大數據
2498,宏達電,COMMON_STOCK,體驗科技
2511,太子,COMMON_STOCK,建材營造
2515,中工,COMMON_STOCK,建材營造
2526,大陸,COMMON_STOCK,建材營造
2527,宏璟,COMMON_STOCK,建材營造
2535,達欣工,COMMON_STOCK,建材營造
2542,興富發,COMMON_STOCK,建材營造
2543,皇昌,COMMON_STOCK,建材營造
2545,皇翔,COMMON_STOCK,建材營造
2546,根基,COMMON_STOCK,建材營造
2547,日勝生,COMMON_STOCK,建材營造
2548,華固,COMMON_STOCK,建材營造
2597,潤弘,COMMON_STOCK,建材營造
2603,長榮,COMMON_STOCK,交通運輸及航運
2605,新興,COMMON_STOCK,交通運輸及航運
2606,裕民,COMMON_STOCK,交通運輸及航運
2608,嘉里大榮,COMMON_STOCK,交通運輸及航運
2609,陽明,COMMON_STOCK,交通運輸及航運
2411,飛瑞,COMMON_STOCK,電子工業
2437,旺詮,COMMON_STOCK,電子工業
2448,晶電,COMMON_STOCK,光電業
2610,華航,COMMON_STOCK,交通運輸及航運
2611,志信,COMMON_STOCK,交通運輸及航運
2613,中櫃,COMMON_STOCK,交通運輸及航運
2614,東森,COMMON_STOCK,貿易百貨
2615,萬海,COMMON_STOCK,交通運輸及航運
2617,台航,COMMON_STOCK,交通運輸及航運
2633,台灣高鐵,COMMON_STOCK,交通運輸及航運
2634,漢翔,COMMON_STOCK,其他
2636,台驊控股,COMMON_STOCK,交通運輸及航運
2637,慧洋-KY,COMMON_STOCK,交通運輸及航運
2701,萬企,COMMON_STOCK,休閒娛樂
2702,華園,COMMON_STOCK,休閒娛樂
2704,國賓,COMMON_STOCK,休閒娛樂
2705,六福,COMMON_STOCK,休閒娛樂
2706,第一店,COMMON_STOCK,休閒娛樂
2707,晶華,COMMON_STOCK,休閒娛樂
2712,遠雄來,COMMON_STOCK,休閒娛樂
2722,夏都,COMMON_STOCK,休閒娛樂
2723,美食-KY,COMMON_STOCK,食品
2727,王品,COMMON_STOCK,食品
2731,雄獅,COMMON_STOCK,休閒娛樂
2739,寒舍,COMMON_STOCK,休閒娛樂
2748,雲品,COMMON_STOCK,休閒娛樂
2753,八方雲集,COMMON_STOCK,食品
2762,世界健身-KY,COMMON_STOCK,運動休閒
2807,竹商銀,COMMON_STOCK,金融保險
2809,京城銀,COMMON_STOCK,金融
2823,中壽,COMMON_STOCK,金融保險
2827,中聯,COMMON_STOCK,金融保險
2831,中華銀,COMMON_STOCK,金融保險
2833,台壽保,COMMON_STOCK,金融保險
2833A,台壽甲,PREFERRED_STOCK,金融保險
2837,萬泰銀,COMMON_STOCK,金融保險
2841,台開,COMMON_STOCK,建材營造
2845,遠東銀,COMMON_STOCK,金融
2847,大眾銀,COMMON_STOCK,金融保險
2849,安泰銀,COMMON_STOCK,金融
2850,新產,COMMON_STOCK,金融
2851,中再保,COMMON_STOCK,金融
2852,第一保,COMMON_STOCK,金融
2854,寶來證,COMMON_STOCK,金融保險
2855,統一證,COMMON_STOCK,金融
2867,三商壽,COMMON_STOCK,金融
2880,華南金,COMMON_STOCK,金融
2881,富邦金,COMMON_STOCK,金融
2882,國泰金,COMMON_STOCK,金融
2883,凱基金,COMMON_STOCK,金融
2884,玉山金,COMMON_STOCK,金融
2885,元大金,COMMON_STOCK,金融
2886,兆豐金,COMMON_STOCK,金融
2887,台新新光金,COMMON_STOCK,金融
2888,新光金,COMMON_STOCK,金融
2889,國票金,COMMON_STOCK,金融
2890,永豐金,COMMON_STOCK,金融
2891,中信金,COMMON_STOCK,金融
2892,第一金,COMMON_STOCK,金融
2897,王道銀行,COMMON_STOCK,金融
2901,欣欣,COMMON_STOCK,貿易百貨
2903,遠百,COMMON_STOCK,貿易百貨
2904,匯僑,COMMON_STOCK,其他
2905,三商,COMMON_STOCK,貿易百貨
2906,高林,COMMON_STOCK,貿易百貨
2908,特力,COMMON_STOCK,貿易百貨
2910,統領,COMMON_STOCK,貿易百貨
2911,麗嬰房,COMMON_STOCK,貿易百貨
2923,鼎固-KY,COMMON_STOCK,建材營造
2929,淘帝-KY,COMMON_STOCK,貿易百貨
2936,客思達-KY,COMMON_STOCK,貿易百貨
2939,永邑-KY,COMMON_STOCK,貿易百貨
2945,三商家購,COMMON_STOCK,貿易百貨
3004,豐達科,COMMON_STOCK,鋼鐵
3007,綠點,COMMON_STOCK,電子工業
3010,華立,COMMON_STOCK,電動車輛產業
3011,今皓,COMMON_STOCK,電腦及週邊設備
3015,全漢,COMMON_STOCK,電腦及週邊設備
3017,奇鋐,COMMON_STOCK,電腦及週邊設備
3018,隆銘綠能,COMMON_STOCK,電機機械
3019,亞光,COMMON_STOCK,電腦及週邊設備
3021,鴻名,COMMON_STOCK,連接器
3022,威強電,COMMON_STOCK,電腦及週邊設備
3023,信邦,COMMON_STOCK,電腦及週邊設備
3020,奇普仕,COMMON_STOCK,電子通路業
3024,憶聲,COMMON_STOCK,平面顯示器
3025,星通,COMMON_STOCK,通信網路
3026,禾伸堂,COMMON_STOCK,能源元件
3027,盛達,COMMON_STOCK,通信網路
3028,增你強,COMMON_STOCK,電腦及週邊設備
3029,零壹,COMMON_STOCK,大數據
3030,德律,COMMON_STOCK,印刷電路板
3031,佰鴻,COMMON_STOCK,平面顯示器
3032,偉訓,COMMON_STOCK,電腦及週邊設備
3034,聯詠,COMMON_STOCK,半導體
3035,智原,COMMON_STOCK,半導體
3036,文曄,COMMON_STOCK,半導體
3037,欣興,COMMON_STOCK,印刷電路板
3049,精金,COMMON_STOCK,觸控面板
3050,鈺德,COMMON_STOCK,太陽能產業
3051,力特,COMMON_STOCK,平面顯示器
3052,夆典,COMMON_STOCK,建材營造
3054,立萬利,COMMON_STOCK,食品生技
3055,蔚華科,COMMON_STOCK,半導體
3056,富華新,COMMON_STOCK,建材營造
3057,喬鼎,COMMON_STOCK,大數據
3058,立德,COMMON_STOCK,電腦及週邊設備
3059,華晶科,COMMON_STOCK,電腦及週邊設備
3060,銘異,COMMON_STOCK,電腦及週邊設備
3062,建漢,COMMON_STOCK,通信網路
3090,日電貿,COMMON_STOCK,被動元件
3092,鴻碩,COMMON_STOCK,電腦及週邊設備
3094,聯傑,COMMON_STOCK,半導體
3135,凌航,COMMON_STOCK,大數據
3138,耀登,COMMON_STOCK,通信網路
3142,遠茂,COMMON_STOCK,電子工業
3149,正達,COMMON_STOCK,觸控面板
3150,鈺寶-創,COMMON_STOCK,半導體
3164,景岳,COMMON_STOCK,食品生技
3167,大量,COMMON_STOCK,鋼鐵
3168,眾福科,COMMON_STOCK,平面顯示器
3189,景碩,COMMON_STOCK,半導體
3209,全科,COMMON_STOCK,半導體
3214,元砷,COMMON_STOCK,電子工業
3229,晟鈦,COMMON_STOCK,貿易百貨
3231,緯創,COMMON_STOCK,電腦及週邊設備
3257,虹冠電,COMMON_STOCK,半導體
3266,昇陽,COMMON_STOCK,建材營造
3296,勝德,COMMON_STOCK,電腦及週邊設備
3305,昇貿,COMMON_STOCK,太陽能產業
3308,聯德,COMMON_STOCK,電腦及週邊設備
3311,閎暉,COMMON_STOCK,石化及塑橡膠
3312,弘憶股,COMMON_STOCK,半導體
3321,同泰,COMMON_STOCK,印刷電路板
3338,泰碩,COMMON_STOCK,電腦及週邊設備
3380,明泰,COMMON_STOCK,通信網路
3383,新世紀,COMMON_STOCK,LED照明產業
3413,京鼎,COMMON_STOCK,半導體
3419,譁裕,COMMON_STOCK,連接器
3437,榮創,COMMON_STOCK,汽車
3450,聯鈞,COMMON_STOCK,通信網路
3454,晶睿,COMMON_STOCK,電腦及週邊設備
3481,群創,COMMON_STOCK,平面顯示器
3504,揚明光,COMMON_STOCK,電腦及週邊設備
3515,華擎,COMMON_STOCK,電腦及週邊設備
3535,晶彩科,COMMON_STOCK,印刷電路板
3536,誠創,COMMON_STOCK,平面顯示器
3543,州巧,COMMON_STOCK,醫療器材
3545,敦泰,COMMON_STOCK,半導體
3550,聯穎,COMMON_STOCK,電腦及週邊設備
3557,嘉威,COMMON_STOCK,其他
3563,牧德,COMMON_STOCK,印刷電路板
3053,鼎營,COMMON_STOCK,電子工業
3063,飛信,COMMON_STOCK,電子工業
3271,其樂達,COMMON_STOCK,電子工業
3315,宣昶,COMMON_STOCK,電子工業
3474,華亞科,COMMON_STOCK,半導體業
3559,全智科,COMMON_STOCK,電子工業
3514,昱晶,COMMON_STOCK,光電業
3576,聯合再生,COMMON_STOCK,太陽能產業
3583,辛耘,COMMON_STOCK,平面顯示器
3588,通嘉,COMMON_STOCK,半導體
3591,艾笛森,COMMON_STOCK,LED照明產業
3592,瑞鼎,COMMON_STOCK,半導體
3593,力銘,COMMON_STOCK,電腦及週邊設備
3596,智易,COMMON_STOCK,通信網路
3605,宏致,COMMON_STOCK,連接器
3607,谷崧,COMMON_STOCK,電腦及週邊設備
3617,碩天,COMMON_STOCK,電腦及週邊設備
3622,洋華,COMMON_STOCK,智慧電網
3645,達邁,COMMON_STOCK,印刷電路板
3652,精聯,COMMON_STOCK,電腦及週邊設備
3653,健策,COMMON_STOCK,半導體
3661,世芯-KY,COMMON_STOCK,半導體
3665,貿聯-KY,COMMON_STOCK,醫療器材
3669,圓展,COMMON_STOCK,人工智慧
3673,TPK-KY,COMMON_STOCK,觸控面板
3679,新至陞,COMMON_STOCK,電腦及週邊設備
3682,亞太電,COMMON_STOCK,通信網路
3686,達能,COMMON_STOCK,太陽能產業
3694,海華,COMMON_STOCK,通信網路
3701,大眾控,COMMON_STOCK,電腦及週邊設備
3702,大聯大,COMMON_STOCK,半導體
3703,欣陸,COMMON_STOCK,其他
3704,合勤控,COMMON_STOCK,資通訊安全
3705,永信,COMMON_STOCK,製藥
3706,神達,COMMON_STOCK,人工智慧
3708,上緯投控,COMMON_STOCK,風力發電
3711,日月光投控,COMMON_STOCK,半導體
3712,永崴投控,COMMON_STOCK,風力發電
3714,富采,COMMON_STOCK,LED照明產業
3715,定穎投控,COMMON_STOCK,印刷電路板
3716,中化控股,COMMON_STOCK,製藥
3717,聯嘉投控,COMMON_STOCK,汽車工業
4104,佳醫,COMMON_STOCK,醫療器材
4106,雃博,COMMON_STOCK,醫療器材
4119,旭富,COMMON_STOCK,製藥
4133,亞諾法,COMMON_STOCK,醫療器材
4137,麗豐-KY,COMMON_STOCK,食品生技
4141,龍燈-KY,COMMON_STOCK,其他
4142,國光生,COMMON_STOCK,製藥
4155,訊映,COMMON_STOCK,醫療器材
4306,炎洲,COMMON_STOCK,石化及塑橡膠
4414,如興,COMMON_STOCK,紡織
4426,利勤,COMMON_STOCK,紡織
4438,廣越,COMMON_STOCK,醫療器材
4439,冠星-KY,COMMON_STOCK,紡織纖維
4440,宜新實業,COMMON_STOCK,紡織
4441,振大環球,COMMON_STOCK,紡織
4526,東台,COMMON_STOCK,電機機械
4532,瑞智,COMMON_STOCK,電機機械
4536,拓凱,COMMON_STOCK,其他
4540,全球傳動,COMMON_STOCK,電機機械
4545,銘鈺,COMMON_STOCK,電腦及週邊設備
4551,智伸科,COMMON_STOCK,汽車
4552,力達-KY,COMMON_STOCK,電機機械
4555,氣立,COMMON_STOCK,電機機械
4557,永新-KY,COMMON_STOCK,汽車工業
4560,強信-KY,COMMON_STOCK,電機機械
4562,穎漢,COMMON_STOCK,電機機械
4564,元翎,COMMON_STOCK,電機機械
4566,時碩工業,COMMON_STOCK,電機機械
4569,六方科-KY,COMMON_STOCK,汽車工業
4571,鈞興-KY,COMMON_STOCK,電機機械
4572,駐龍,COMMON_STOCK,電機機械
4576,大銀微系統,COMMON_STOCK,電機機械
4581,光隆精密-KY,COMMON_STOCK,汽車工業
4583,台灣精銳,COMMON_STOCK,電機機械
4585,達明,COMMON_STOCK,人工智慧
4588,玖鼎電力,COMMON_STOCK,智慧電網
4590,富田-創,COMMON_STOCK,汽車
4720,德淵,COMMON_STOCK,醫療器材
3638,F-IML,COMMON_STOCK,電子工業
3579,尚志,COMMON_STOCK,半導體業
4144,康聯-KY,COMMON_STOCK,生技醫療業
3697,F-晨星,COMMON_STOCK,電子工業
4190,佐登-KY,COMMON_STOCK,化學生技醫療
3698,隆達,COMMON_STOCK,光電業
4722,國精化,COMMON_STOCK,平面顯示器
4736,泰博,COMMON_STOCK,醫療器材
4737,華廣,COMMON_STOCK,醫療器材
4739,康普,COMMON_STOCK,電動車輛產業
4746,台耀,COMMON_STOCK,製藥
4755,三福化,COMMON_STOCK,LED照明產業
4764,雙鍵,COMMON_STOCK,其他
4766,南寶,COMMON_STOCK,石化及塑橡膠
4770,上品,COMMON_STOCK,平面顯示器
4771,望隼,COMMON_STOCK,醫療器材
4807,日成-KY,COMMON_STOCK,貿易百貨
4904,遠傳,COMMON_STOCK,通信網路
4906,正文,COMMON_STOCK,通信網路
4912,聯德控股-KY,COMMON_STOCK,電腦及週邊設備
4915,致伸,COMMON_STOCK,電腦及週邊設備
4916,事欣科,COMMON_STOCK,電腦及週邊設備
4919,新唐,COMMON_STOCK,半導體
4930,燦星網,COMMON_STOCK,貿易百貨
4935,茂林-KY,COMMON_STOCK,LED照明產業
4938,和碩,COMMON_STOCK,通信網路
4949,有成精密,COMMON_STOCK,半導體
4952,凌通,COMMON_STOCK,人工智慧
4961,天鈺,COMMON_STOCK,半導體
5222,全訊,COMMON_STOCK,半導體
5234,達興材料,COMMON_STOCK,電動車輛產業
5243,乙盛-KY,COMMON_STOCK,鋼鐵
5284,jpp-KY,COMMON_STOCK,醫療器材
5288,豐祥-KY,COMMON_STOCK,醫療器材
5306,桂盟,COMMON_STOCK,鋼鐵
5388,中磊,COMMON_STOCK,通信網路
5434,崇越,COMMON_STOCK,被動元件
5469,瀚宇博,COMMON_STOCK,印刷電路板
5471,松翰,COMMON_STOCK,半導體
5484,慧友,COMMON_STOCK,電腦及週邊設備
5515,建國,COMMON_STOCK,建材營造
5519,隆大,COMMON_STOCK,建材營造
5521,工信,COMMON_STOCK,建材營造
5522,遠雄,COMMON_STOCK,建材營造
5525,順天,COMMON_STOCK,建材營造
5531,鄉林,COMMON_STOCK,建材營造
5533,皇鼎,COMMON_STOCK,建材營造
5534,長虹,COMMON_STOCK,建材營造
5538,東明-KY,COMMON_STOCK,鋼鐵
5546,永固-KY,COMMON_STOCK,建材營造
5706,鳳凰,COMMON_STOCK,休閒娛樂
5854,合庫,COMMON_STOCK,金融保險
5871,中租-KY,COMMON_STOCK,金融
6004,元京證,COMMON_STOCK,金融保險
6012,金鼎證,COMMON_STOCK,金融保險
6112,邁達特,COMMON_STOCK,大數據
6115,鎰勝,COMMON_STOCK,電腦及週邊設備
6120,達運,COMMON_STOCK,平面顯示器
6128,上福,COMMON_STOCK,休閒娛樂
6131,鈞泰,COMMON_STOCK,電腦及週邊設備
6152,百一,COMMON_STOCK,通信網路
6165,浪凡,COMMON_STOCK,連接器
6166,凌華,COMMON_STOCK,電腦及週邊設備
6168,宏齊,COMMON_STOCK,平面顯示器
6172,互億,COMMON_STOCK,電腦及週邊設備
6176,瑞儀,COMMON_STOCK,平面顯示器
6177,達麗,COMMON_STOCK,建材營造
6183,關貿,COMMON_STOCK,大數據
6189,豐藝,COMMON_STOCK,平面顯示器
6191,精成科,COMMON_STOCK,印刷電路板
6192,巨路,COMMON_STOCK,汽電共生
6196,帆宣,COMMON_STOCK,其他
6197,佳必琪,COMMON_STOCK,連接器
6201,亞弘電,COMMON_STOCK,醫療器材
6202,盛群,COMMON_STOCK,電動車輛產業
6205,詮欣,COMMON_STOCK,電腦及週邊設備
4733,上緯,COMMON_STOCK,化學生技醫療
4984,科納-KY,COMMON_STOCK,通信網路業
4725,信昌化,COMMON_STOCK,化學工業
5259,奕智博,COMMON_STOCK,光電業
01001T,土銀富邦R1,REIT,受益證券
01002T,土銀國泰R1,REIT,受益證券
01003T,兆豐新光R1,REIT,受益證券
2883A,開發特,PREFERRED_STOCK,金融
3130,一零四,COMMON_STOCK,電子商務
01004T,土銀富邦R2,REIT,受益證券
01005T,三鼎,REIT,受益證券
01007T,兆豐國泰R2,REIT,受益證券
01008T,駿馬R1,REIT,受益證券
01009T,王道圓滿R1,REIT,受益證券
1432,大魯閣,COMMON_STOCK,紡織
1439,雋揚,COMMON_STOCK,建材營造
1443,立益,COMMON_STOCK,其他
1453,大將,COMMON_STOCK,紡織
1456,怡華,COMMON_STOCK,紡織
1472,三洋實業,COMMON_STOCK,建材營造
1598,岱宇,COMMON_STOCK,其他
1736,喬山,COMMON_STOCK,其他
2062,橋椿,COMMON_STOCK,其他
2241,艾姆勒,COMMON_STOCK,汽車
2340,台亞,COMMON_STOCK,汽車
2424,隴華,COMMON_STOCK,通信網路
2429,銘旺科,COMMON_STOCK,觸控面板
00729R,第一金工業30反1,ETF,ETF
00732,國泰RMB短期報酬,ETF,ETF
00742,新光內需收益,ETF,ETF
00743,國泰中國A150,ETF,ETF
00766L,台新MSCI中國正2,ETF,ETF
00767,FH美國金融股,ETF,ETF
00774B,新光中國政金綠債,ETF,ETF
00774C,新光中政金綠債+R,ETF,ETF
00776,新光ICE美國權值,ETF,ETF
00866,新光Shiller CAPE,ETF,ETF
00906,大華元宇宙科技50,ETF,ETF
020002,元富新中國N,ETN,ETN
1729,必翔,COMMON_STOCK,生技醫療業
020004,兆豐電菁英30N,ETN,ETN
020005,永豐外資50N,ETN,ETN
020006,永昌中小300N,ETN,ETN
020007,凱基臺灣500N,ETN,ETN
020008,元大特股高息N,ETN,ETN
020022,元大電動車N,ETN,ETN
1107,建台,COMMON_STOCK,其他
1520,復盛,COMMON_STOCK,其他
1523,開億,COMMON_STOCK,電機機械
1716,永信,COMMON_STOCK,化學生技醫療
2254,巨鎧精密-創,COMMON_STOCK,電機機械
2418,雅新,COMMON_STOCK,電子工業
2403,友尚,COMMON_STOCK,電子通路業
2361,鴻友,COMMON_STOCK,電腦及週邊設備業
2384,勝華,COMMON_STOCK,電子工業
2350,環電,COMMON_STOCK,電子工業
2396,精碟,COMMON_STOCK,電子工業
2446,全懋,COMMON_STOCK,電子工業
2447,鼎新,COMMON_STOCK,電子工業
8487,愛爾達-創,COMMON_STOCK,文化創意業
0054,元大台商50,ETF,ETF
0058,富邦發達,ETF,ETF
0059,富邦金融,ETF,ETF
0060,新台灣,ETF,ETF
00649,FH香港,ETF,ETF
00658L,國泰日本正2,ETF,ETF
00659R,國泰日本反1,ETF,ETF
00667,元大韓國,ETF,ETF
00672L,元大S&P原油正2,ETF,ETF
00677U,期富邦VIX,ETF,ETF
00691R,兆豐藍籌30反1,ETF,ETF
00698L,元大美債7-10正2,ETF,ETF
0050,元大台灣50,ETF,ETF
00763U,期街口道瓊銅,ETF,ETF
4927,泰鼎-KY,COMMON_STOCK,印刷電路板
4934,太極,COMMON_STOCK,太陽能產業
4942,嘉彰,COMMON_STOCK,平面顯示器
4943,康控-KY,COMMON_STOCK,連接器
4956,光鋐,COMMON_STOCK,LED照明產業
4958,臻鼎-KY,COMMON_STOCK,印刷電路板
4960,誠美材,COMMON_STOCK,平面顯示器
4967,十銓,COMMON_STOCK,電腦及週邊設備
4968,立積,COMMON_STOCK,半導體
4976,佳凌,COMMON_STOCK,電腦及週邊設備
4977,眾達-KY,COMMON_STOCK,通信網路
4989,榮科,COMMON_STOCK,印刷電路板
4999,鑫禾,COMMON_STOCK,電腦及週邊設備
5007,三星,COMMON_STOCK,電機機械
5203,訊連,COMMON_STOCK,人工智慧
5215,科嘉-KY,COMMON_STOCK,電腦及週邊設備
5225,東科-KY,COMMON_STOCK,其他
5244,弘凱,COMMON_STOCK,LED照明產業
5258,虹堡,COMMON_STOCK,電腦及週邊設備
5269,祥碩,COMMON_STOCK,半導體
5283,禾聯碩,COMMON_STOCK,其他
5285,界霖,COMMON_STOCK,半導體
5292,華懋,COMMON_STOCK,其他
5607,遠雄港,COMMON_STOCK,交通運輸及航運
5608,四維航,COMMON_STOCK,交通運輸及航運
5876,上海商銀,COMMON_STOCK,金融
5880,合庫金,COMMON_STOCK,金融
5906,台南-KY,COMMON_STOCK,貿易百貨
5907,大洋-KY,COMMON_STOCK,貿易百貨
6005,群益證,COMMON_STOCK,金融
6024,群益期,COMMON_STOCK,金融
6108,競國,COMMON_STOCK,印刷電路板
6116,彩晶,COMMON_STOCK,平面顯示器
6117,迎廣,COMMON_STOCK,電腦及週邊設備
6133,金橋,COMMON_STOCK,連接器
6136,富爾特,COMMON_STOCK,通信網路
6139,亞翔,COMMON_STOCK,其他
6141,柏承,COMMON_STOCK,印刷電路板
6142,友勁,COMMON_STOCK,通信網路
6153,嘉聯益,COMMON_STOCK,印刷電路板
6155,鈞寶,COMMON_STOCK,被動元件
6164,華興,COMMON_STOCK,LED照明產業
6206,飛捷,COMMON_STOCK,電腦及週邊設備
6209,今國光,COMMON_STOCK,電腦及週邊設備
6213,聯茂,COMMON_STOCK,印刷電路板
6214,精誠,COMMON_STOCK,軟體服務
6255,奈普,COMMON_STOCK,電子工業
6286,立錡,COMMON_STOCK,半導體業
6215,和椿,COMMON_STOCK,其他
6216,居易,COMMON_STOCK,通信網路
6224,聚鼎,COMMON_STOCK,被動元件
6225,天瀚,COMMON_STOCK,貿易百貨
6226,光鼎,COMMON_STOCK,LED照明產業
6230,尼得科超眾,COMMON_STOCK,電腦及週邊設備
6235,華孚,COMMON_STOCK,電腦及週邊設備
6239,力成,COMMON_STOCK,半導體
6243,迅杰,COMMON_STOCK,半導體
6251,定穎,COMMON_STOCK,印刷電路板
6257,矽格,COMMON_STOCK,半導體
6269,台郡,COMMON_STOCK,印刷電路板
6271,同欣電,COMMON_STOCK,印刷電路板
6272,驊陞,COMMON_STOCK,連接器
6277,宏正,COMMON_STOCK,人工智慧
6278,台表科,COMMON_STOCK,智慧電網
6280,崇貿,COMMON_STOCK,電子工業
6281,全國電,COMMON_STOCK,貿易百貨
6282,康舒,COMMON_STOCK,智慧電網
6283,淳安,COMMON_STOCK,電腦及週邊設備
6285,啟碁,COMMON_STOCK,通信網路
6288,聯嘉,COMMON_STOCK,LED照明產業
6289,華上,COMMON_STOCK,LED照明產業
6405,悅城,COMMON_STOCK,觸控面板
6592A,和潤企業甲特,PREFERRED_STOCK,其他
6592B,和潤企業乙特,PREFERRED_STOCK,其他
1530,亞崴,COMMON_STOCK,電機機械
1531,高林股,COMMON_STOCK,電機機械
1533,車王電,COMMON_STOCK,電機機械
1535,中宇,COMMON_STOCK,電機機械
1538,正峰,COMMON_STOCK,汽車
1539,巨庭,COMMON_STOCK,電機機械
1540,喬福,COMMON_STOCK,電機機械
1541,錩泰,COMMON_STOCK,電機機械
1560,中砂,COMMON_STOCK,電機機械
1726,永記,COMMON_STOCK,其他
1732,毛寶,COMMON_STOCK,石化及塑橡膠
1734,杏輝,COMMON_STOCK,製藥
1752,南光,COMMON_STOCK,製藥
1762,中化生,COMMON_STOCK,製藥
1783,和康生,COMMON_STOCK,醫療器材
1786,科妍,COMMON_STOCK,醫療器材
1789,神隆,COMMON_STOCK,製藥
1795,美時,COMMON_STOCK,食品生技
1802,台玻,COMMON_STOCK,印刷電路板
1805,寶徠,COMMON_STOCK,建材營造
1806,冠軍,COMMON_STOCK,建材營造
1808,潤隆,COMMON_STOCK,建材營造
1810,和成,COMMON_STOCK,建材營造
1817,凱撒衛,COMMON_STOCK,貿易百貨
1903,士紙,COMMON_STOCK,造紙
1906,寶隆,COMMON_STOCK,造紙
1909,榮成,COMMON_STOCK,造紙
2002,中鋼,COMMON_STOCK,鋼鐵
2023,燁輝,COMMON_STOCK,鋼鐵
2025,千興,COMMON_STOCK,鋼鐵
2027,大成鋼,COMMON_STOCK,鋼鐵
2028,威致,COMMON_STOCK,鋼鐵
2030,彰源,COMMON_STOCK,鋼鐵
2032,新鋼,COMMON_STOCK,鋼鐵
2034,允強,COMMON_STOCK,鋼鐵
2049,上銀,COMMON_STOCK,自動化
2059,川湖,COMMON_STOCK,電腦及週邊設備
2069,運錩,COMMON_STOCK,鋼鐵
2101,南港,COMMON_STOCK,汽車
2103,台橡,COMMON_STOCK,石化及塑橡膠
2104,國際中橡,COMMON_STOCK,石化及塑橡膠
1468,昶和,COMMON_STOCK,紡織
1470,大統新創,COMMON_STOCK,紡織
1471,首利,COMMON_STOCK,電腦及週邊設備
1473,台南,COMMON_STOCK,紡織
1474,弘裕,COMMON_STOCK,紡織
1475,業旺,COMMON_STOCK,紡織
1476,儒鴻,COMMON_STOCK,紡織
1477,聚陽,COMMON_STOCK,紡織
1503,士電,COMMON_STOCK,風力發電
1504,東元,COMMON_STOCK,電機機械
1506,正道,COMMON_STOCK,電機機械
1512,瑞利,COMMON_STOCK,電機機械
1515,力山,COMMON_STOCK,電機機械
1516,川飛,COMMON_STOCK,其他
1517,利奇,COMMON_STOCK,電機機械
1521,大億,COMMON_STOCK,汽車
1522,堤維西,COMMON_STOCK,汽車
1524,耿鼎,COMMON_STOCK,汽車
1525,江申,COMMON_STOCK,汽車
1526,日馳,COMMON_STOCK,電機機械
1527,鑽全,COMMON_STOCK,電機機械
1558,伸興,COMMON_STOCK,電機機械
1568,倉佑,COMMON_STOCK,電機機械
1582,信錦,COMMON_STOCK,電腦及週邊設備
1583,程泰,COMMON_STOCK,電機機械
1587,吉茂,COMMON_STOCK,汽車
1597,直得,COMMON_STOCK,電機機械
1603,華電,COMMON_STOCK,智慧電網
1604,聲寶,COMMON_STOCK,平面顯示器
1605,華新,COMMON_STOCK,智慧電網
1609,大亞,COMMON_STOCK,智慧電網
00752,中信中國50,ETF,ETF
00753L,中信中國50正2,ETF,ETF
00757,統一FANG+,ETF,ETF
00762,元大全球AI,ETF,ETF
00783,富邦中証500,ETF,ETF
00830,國泰費城半導體,ETF,ETF
00850,元大臺灣ESG永續,ETF,ETF
00851,台新全球AI,ETF,ETF
1464,得力,COMMON_STOCK,紡織
1465,偉全,COMMON_STOCK,紡織
1466,聚隆,COMMON_STOCK,紡織
1467,南緯,COMMON_STOCK,紡織
2227,裕日車,COMMON_STOCK,汽車
2228,劍麟,COMMON_STOCK,汽車
2231,為升,COMMON_STOCK,汽車
2233,宇隆,COMMON_STOCK,電機機械
2239,英利-KY,COMMON_STOCK,汽車
2247,汎德永業,COMMON_STOCK,汽車
2302,麗正,COMMON_STOCK,半導體
2303,聯電,COMMON_STOCK,半導體
2305,全友,COMMON_STOCK,電腦及週邊設備
2328,廣宇,COMMON_STOCK,印刷電路板
2329,華泰,COMMON_STOCK,半導體
2330,台積電,COMMON_STOCK,半導體
2332,友訊,COMMON_STOCK,通信網路
2337,旺宏,COMMON_STOCK,半導體
2338,光罩,COMMON_STOCK,半導體
2342,茂矽,COMMON_STOCK,半導體
2344,華邦電,COMMON_STOCK,半導體
2345,智邦,COMMON_STOCK,通信網路
2347,聯強,COMMON_STOCK,半導體
2348,海悅,COMMON_STOCK,其他
2349,錸德,COMMON_STOCK,電腦及週邊設備
2354,鴻準,COMMON_STOCK,電腦及週邊設備
2355,敬鵬,COMMON_STOCK,印刷電路板
00689R,國泰20年美債反1,ETF,ETF
00690,兆豐藍籌30,ETF,ETF
00692,富邦公司治理,ETF,ETF
00693U,期街口S&P黃豆,ETF,ETF
00700,富邦恒生國企,ETF,ETF
00701,國泰股利精選30,ETF,ETF
00702,國泰標普低波高息,ETF,ETF
00706L,期元大S&P日圓正2,ETF,ETF
00924,復華S&P500成長,ETF,ETF
00927,群益半導體收益,ETF,ETF
00960,野村全球航運龍頭,ETF,ETF
00961,FT臺灣永續高息,ETF,ETF
00962,台新AI優息動能,ETF,ETF
00963,中信全球高股息,ETF,ETF
020030,統一智慧電動車N,ETN,ETN
020031,統一IC設計臺灣N,ETN,ETN
020032,元大綠能N,ETN,ETN
020034,元大IC設計N,ETN,ETN
020036,元大金融配息N,ETN,ETN
020037,元大金融高股息N,ETN,ETN
020038,元大ESG配息N,ETN,ETN
020039,元大加權N,ETN,ETN
1101,台泥,COMMON_STOCK,水泥
1110,東泥,COMMON_STOCK,水泥
1210,大成,COMMON_STOCK,食品
1213,大飲,COMMON_STOCK,其他
1215,卜蜂,COMMON_STOCK,食品
1229,聯華,COMMON_STOCK,雲端運算
1235,興泰,COMMON_STOCK,食品
1304,台聚,COMMON_STOCK,石化及塑橡膠
00926,凱基全球菁英55,ETF,ETF
00929,復華台灣科技優息,ETF,ETF
00930,永豐ESG低碳高息,ETF,ETF
00932,兆豐永續高息等權,ETF,ETF
00934,中信成長高股息,ETF,ETF
00935,野村臺灣新科技50,ETF,ETF
00936,台新永續高息中小,ETF,ETF
00938,凱基優選30,ETF,ETF
00939,統一台灣高息動能,ETF,ETF
00940,元大台灣價值高息,ETF,ETF
00941,中信上游半導體,ETF,ETF
00943,兆豐電子高息等權,ETF,ETF
2642,宅配通,COMMON_STOCK,交通運輸及航運
2645,長榮航太,COMMON_STOCK,交通運輸及航運
2646,星宇航空,COMMON_STOCK,交通運輸及航運
2801,彰銀,COMMON_STOCK,金融
2816,旺旺保,COMMON_STOCK,金融
2820,華票,COMMON_STOCK,金融
2832,台產,COMMON_STOCK,金融
2836,高雄銀,COMMON_STOCK,金融
3346,麗清,COMMON_STOCK,LED照明產業
3356,奇偶,COMMON_STOCK,電腦及週邊設備
3376,新日興,COMMON_STOCK,電腦及週邊設備
3406,玉晶光,COMMON_STOCK,LED照明產業
3416,融程電,COMMON_STOCK,觸控面板
3432,台端,COMMON_STOCK,連接器
3443,創意,COMMON_STOCK,半導體
3447,展達,COMMON_STOCK,通信網路
3494,誠研,COMMON_STOCK,電腦及週邊設備
3501,維熹,COMMON_STOCK,連接器
3518,柏騰,COMMON_STOCK,電腦及週邊設備
3528,安馳,COMMON_STOCK,半導體
3530,晶相光,COMMON_STOCK,半導體
3532,台勝科,COMMON_STOCK,半導體
3533,嘉澤,COMMON_STOCK,連接器
4108,懷特,COMMON_STOCK,食品生技
2812,台中銀,COMMON_STOCK,金融
2834,臺企銀,COMMON_STOCK,金融
2838,聯邦銀,COMMON_STOCK,金融
2457,飛宏,COMMON_STOCK,電腦及週邊設備
2458,義隆,COMMON_STOCK,半導體
2460,建通,COMMON_STOCK,連接器
2461,光群雷,COMMON_STOCK,其他
2462,良得電,COMMON_STOCK,連接器
2464,盟立,COMMON_STOCK,電機機械
2465,麗臺,COMMON_STOCK,電腦及週邊設備
2466,冠西電,COMMON_STOCK,其他
2467,志聖,COMMON_STOCK,印刷電路板
2468,華經,COMMON_STOCK,軟體服務
2471,資通,COMMON_STOCK,大數據
2472,立隆電,COMMON_STOCK,被動元件
2474,可成,COMMON_STOCK,電腦及週邊設備
2476,鉅祥,COMMON_STOCK,連接器
2477,美隆電,COMMON_STOCK,其他
2478,大毅,COMMON_STOCK,被動元件
2496,卓越,COMMON_STOCK,其他
2497,怡利電,COMMON_STOCK,其他
2501,國建,COMMON_STOCK,建材營造
2504,國產,COMMON_STOCK,水泥
2505,國揚,COMMON_STOCK,建材營造
2506,太設,COMMON_STOCK,建材營造
2509,全坤建,COMMON_STOCK,建材營造
2516,新建,COMMON_STOCK,建材營造
2520,冠德,COMMON_STOCK,建材營造
2524,京城,COMMON_STOCK,建材營造
2528,皇普,COMMON_STOCK,建材營造
2530,華建,COMMON_STOCK,建材營造
2534,宏盛,COMMON_STOCK,建材營造
2536,宏普,COMMON_STOCK,建材營造
2537,聯上發,COMMON_STOCK,建材營造
2538,基泰,COMMON_STOCK,建材營造
2539,櫻花建,COMMON_STOCK,建材營造
2540,愛山林,COMMON_STOCK,其他
2618,長榮航,COMMON_STOCK,交通運輸及航運
2630,亞航,COMMON_STOCK,交通運輸及航運
2912,統一超,COMMON_STOCK,貿易百貨
3002,歐格,COMMON_STOCK,通信網路
3003,健和興,COMMON_STOCK,連接器
3005,神基,COMMON_STOCK,電腦及週邊設備
3006,晶豪科,COMMON_STOCK,半導體
3008,大立光,COMMON_STOCK,電腦及週邊設備
3013,晟銘電,COMMON_STOCK,電腦及週邊設備
3014,聯陽,COMMON_STOCK,半導體
3016,嘉晶,COMMON_STOCK,半導體
3033,威健,COMMON_STOCK,半導體
6422,君耀-KY,COMMON_STOCK,電子零組件業
6573,虹揚-KY,COMMON_STOCK,電子工業
6456,GIS-KY,COMMON_STOCK,光電業
6451,訊芯-KY,COMMON_STOCK,半導體業
6431,光麗-KY,COMMON_STOCK,電子工業
6525,捷敏-KY,COMMON_STOCK,電子工業
6452,康友-KY,COMMON_STOCK,生技醫療業
4169,泰宗,COMMON_STOCK,醫療器材
3038,全台,COMMON_STOCK,平面顯示器
3040,遠見,COMMON_STOCK,其他
3041,揚智,COMMON_STOCK,半導體
3042,晶技,COMMON_STOCK,被動元件
3043,科風,COMMON_STOCK,太陽能產業
3044,健鼎,COMMON_STOCK,印刷電路板
3045,台灣大,COMMON_STOCK,通信網路
3046,建碁,COMMON_STOCK,電腦及週邊設備
3047,訊舟,COMMON_STOCK,通信網路
3048,益登,COMMON_STOCK,半導體
6409,旭隼,COMMON_STOCK,太陽能產業
6412,群電,COMMON_STOCK,人工智慧
6414,樺漢,COMMON_STOCK,電腦及週邊設備
6415,矽力*-KY,COMMON_STOCK,半導體
6416,瑞祺電通,COMMON_STOCK,通信網路
6423,億而得-創,COMMON_STOCK,半導體
6426,統新,COMMON_STOCK,通信網路
6438,迅得,COMMON_STOCK,印刷電路板
6442,光聖,COMMON_STOCK,通信網路
6443,元晶,COMMON_STOCK,太陽能產業
6446,藥華藥,COMMON_STOCK,製藥
6449,鈺邦,COMMON_STOCK,被動元件
6464,台數科,COMMON_STOCK,其他
6472,保瑞,COMMON_STOCK,製藥
6477,安集,COMMON_STOCK,太陽能產業
6491,晶碩,COMMON_STOCK,醫療器材
6504,南六,COMMON_STOCK,醫療器材
6505,台塑化,COMMON_STOCK,石化及塑橡膠
6515,穎崴,COMMON_STOCK,半導體
6526,達發,COMMON_STOCK,半導體
6531,愛普*,COMMON_STOCK,半導體
6533,晶心科,COMMON_STOCK,半導體
6534,正瀚-創,COMMON_STOCK,石化及塑橡膠
6541,泰福-KY,COMMON_STOCK,製藥
6550,北極星藥業-KY,COMMON_STOCK,再生醫療
6552,易華電,COMMON_STOCK,半導體
6558,興能高,COMMON_STOCK,能源元件
6579,研揚,COMMON_STOCK,電腦及週邊設備
6581,鋼聯,COMMON_STOCK,其他
6582,申豐,COMMON_STOCK,石化及塑橡膠
6589,台康生技,COMMON_STOCK,製藥
6591,動力-KY,COMMON_STOCK,電腦及週邊設備
6592,和潤企業,COMMON_STOCK,其他
6598,ABC-KY,COMMON_STOCK,醫療器材
6605,帝寶,COMMON_STOCK,汽車
6606,建德工業,COMMON_STOCK,電機機械
6614,資拓宏宇,COMMON_STOCK,大數據
6625,必應,COMMON_STOCK,文化創意業
6641,基士德-KY,COMMON_STOCK,其他
6645,金萬林-創,COMMON_STOCK,醫療器材
6655,科定,COMMON_STOCK,其他
6657,華安,COMMON_STOCK,製藥
6658,聯策,COMMON_STOCK,人工智慧
6668,中揚光,COMMON_STOCK,電腦及週邊設備
6669,緯穎,COMMON_STOCK,人工智慧
6670,復盛應用,COMMON_STOCK,休閒娛樂
6671,三能-KY,COMMON_STOCK,其他
6672,騰輝電子-KY,COMMON_STOCK,印刷電路板
6674,鋐寶科技,COMMON_STOCK,通信網路
6689,伊雲谷,COMMON_STOCK,大數據
6691,洋基工程,COMMON_STOCK,其他
6695,芯鼎,COMMON_STOCK,人工智慧
6698,旭暉應材,COMMON_STOCK,其他
6702,興航,COMMON_STOCK,航運業
6706,惠特,COMMON_STOCK,印刷電路板
6719,力智,COMMON_STOCK,半導體
6742,澤米,COMMON_STOCK,體驗科技
6743,安普新,COMMON_STOCK,電腦及週邊設備
6753,龍德造船,COMMON_STOCK,其他
6756,威鋒電子,COMMON_STOCK,半導體
6757,台灣虎航-創,COMMON_STOCK,交通運輸及航運
6768,志強-KY,COMMON_STOCK,其他
6770,力積電,COMMON_STOCK,半導體
6771,平和環保-創,COMMON_STOCK,其他
6776,展碁國際,COMMON_STOCK,其他
6782,視陽,COMMON_STOCK,醫療器材
6789,采鈺,COMMON_STOCK,半導體
6790,永豐實,COMMON_STOCK,造紙
6792,詠業,COMMON_STOCK,通信網路
6794,向榮生技-創,COMMON_STOCK,再生醫療
6796,晉弘,COMMON_STOCK,醫療器材
6799,來頡,COMMON_STOCK,半導體
6805,富世達,COMMON_STOCK,電腦及週邊設備
6806,森崴能源,COMMON_STOCK,風力發電
6807,峰源-KY,COMMON_STOCK,其他
6830,汎銓,COMMON_STOCK,其他
6831,邁科,COMMON_STOCK,電腦及週邊設備
6834,天二科技,COMMON_STOCK,被動元件
6835,圓裕,COMMON_STOCK,連接器
6838,台新藥,COMMON_STOCK,醫療器材
6854,錼創科技-KY創,COMMON_STOCK,創新版股票
6861,睿生光電,COMMON_STOCK,醫療器材
6869,雲豹能源-創,COMMON_STOCK,風力發電
6873,泓德能源-創,COMMON_STOCK,風力發電
6885,全福生技,COMMON_STOCK,製藥
6887,寶綠特-KY,COMMON_STOCK,綠能環保
6890,來億-KY,COMMON_STOCK,運動休閒
6901,鑽石投資,COMMON_STOCK,其他
6902,GOGOLOOK-創,COMMON_STOCK,創新版股票
6906,現觀科,COMMON_STOCK,大數據
6908,宏碁遊戲-創,COMMON_STOCK,文化創意業
6909,創控,COMMON_STOCK,半導體
6914,阜爾運通,COMMON_STOCK,其他
6916,華凌,COMMON_STOCK,平面顯示器
6918,愛派司,COMMON_STOCK,醫療器材
6919,康霈*,COMMON_STOCK,製藥
6923,中台,COMMON_STOCK,其他
6924,榮惠-KY創,COMMON_STOCK,創新版股票
6928,攸泰科技,COMMON_STOCK,電腦及週邊設備
6931,青松健康,COMMON_STOCK,醫療器材
6934,心誠鎂,COMMON_STOCK,醫療器材
6936,永鴻生技,COMMON_STOCK,其他
6951,青新-創,COMMON_STOCK,其他
6952,大武山,COMMON_STOCK,其他
6715,嘉基,COMMON_STOCK,電子工業
6666,羅麗芬-KY,COMMON_STOCK,生技醫療業
6949,沛爾生醫-創,COMMON_STOCK,再生醫療
6955,邦睿生技-創,COMMON_STOCK,醫療器材
6957,裕慶-KY,COMMON_STOCK,其他
6958,日盛台駿,COMMON_STOCK,其他
6965,中傑-KY,COMMON_STOCK,運動休閒
6969,成信實業*-創,COMMON_STOCK,創新版股票
6988,威力暘-創,COMMON_STOCK,創新版股票
6994,富威電力,COMMON_STOCK,智慧電網
7705,三商餐飲,COMMON_STOCK,食品
7711,永擎,COMMON_STOCK,電腦及週邊設備
7722,LINEPAY,COMMON_STOCK,電子商務
7730,暉盛-創,COMMON_STOCK,印刷電路板
7732,金興精密,COMMON_STOCK,電機機械
7736,虎山,COMMON_STOCK,電機機械
7740,熙特爾-創,COMMON_STOCK,智慧電網
7750,新代,COMMON_STOCK,電機機械
7765,中華資安,COMMON_STOCK,雲端運算
7769,鴻勁,COMMON_STOCK,半導體
7780,大研生醫*,COMMON_STOCK,食品生技
7786,東方風能,COMMON_STOCK,風力發電
7788,松川精密,COMMON_STOCK,電機機械
7791,皇家可口,COMMON_STOCK,食品
7795,長廣,COMMON_STOCK,印刷電路板
7799,禾榮科,COMMON_STOCK,醫療器材
7822,倍利科,COMMON_STOCK,人工智慧
8011,台通,COMMON_STOCK,通信網路
8016,矽創,COMMON_STOCK,半導體
8021,尖點,COMMON_STOCK,其他
8028,昇陽半導體,COMMON_STOCK,半導體
8033,雷虎,COMMON_STOCK,其他
8039,台虹,COMMON_STOCK,印刷電路板
8045,達運光電,COMMON_STOCK,通信網路
8046,南電,COMMON_STOCK,印刷電路板
8070,長華*,COMMON_STOCK,平面顯示器
8072,陞泰,COMMON_STOCK,其他
8081,致新,COMMON_STOCK,半導體
8101,華冠,COMMON_STOCK,通信網路
8103,瀚荃,COMMON_STOCK,電腦及週邊設備
8104,錸寶,COMMON_STOCK,平面顯示器
8105,凌巨,COMMON_STOCK,平面顯示器
8110,華東,COMMON_STOCK,半導體
8112,至上,COMMON_STOCK,半導體
8114,振樺電,COMMON_STOCK,電腦及週邊設備
8131,福懋科,COMMON_STOCK,半導體
8150,南茂,COMMON_STOCK,半導體
8162,微矽電子-創,COMMON_STOCK,半導體
8163,達方,COMMON_STOCK,電腦及週邊設備
8201,無敵,COMMON_STOCK,其他
8210,勤誠,COMMON_STOCK,電腦及週邊設備
8213,志超,COMMON_STOCK,印刷電路板
8215,明基材,COMMON_STOCK,電動車輛產業
8222,寶一,COMMON_STOCK,電機機械
8249,菱光,COMMON_STOCK,電腦及週邊設備
8261,富鼎,COMMON_STOCK,半導體
8271,宇瞻,COMMON_STOCK,電腦及週邊設備
8341,日友,COMMON_STOCK,其他
8374,羅昇,COMMON_STOCK,雲端運算
8404,百和興業-KY,COMMON_STOCK,紡織
8422,可寧衛,COMMON_STOCK,其他
8427,基勝-KY,COMMON_STOCK,其他
8429,金麗-KY,COMMON_STOCK,貿易百貨
8438,昶昕,COMMON_STOCK,印刷電路板
8442,威宏-KY,COMMON_STOCK,其他
8443,阿瘦,COMMON_STOCK,貿易百貨
8454,富邦媒,COMMON_STOCK,貿易百貨
8464,億豐,COMMON_STOCK,其他
8466,美吉吉-KY,COMMON_STOCK,其他
8467,波力-KY,COMMON_STOCK,其他
8473,山林水,COMMON_STOCK,其他
8476,台境*,COMMON_STOCK,其他
8478,東哥遊艇,COMMON_STOCK,其他
8480,泰昇-KY,COMMON_STOCK,其他
8482,商億-KY,COMMON_STOCK,其他
8488,吉源-KY,COMMON_STOCK,其他
8497,格威傳媒,COMMON_STOCK,其他
8499,鼎炫-KY,COMMON_STOCK,其他
8926,台汽電,COMMON_STOCK,風力發電
8940,新天地,COMMON_STOCK,食品
7749,意騰-KY,COMMON_STOCK,半導體業
6962,奕力-KY,COMMON_STOCK,半導體業
7823,奧義賽博-KY創,COMMON_STOCK,數位雲端
8996,高力,COMMON_STOCK,電機機械
910069,新曄,DR,存託憑證
9101,福雷電,DR,存託憑證
9102,東亞科,DR,存託憑證
9103,美德醫療-DR,DR,存託憑證
910322,康師傅-DR,DR,存託憑證
9104,萬宇科,DR,存託憑證
910482,聖馬丁-DR,DR,存託憑證
9105,泰金寶-DR,DR,存託憑證
910579,歐聖,DR,存託憑證
9106,新焦點-DR,DR,存託憑證
910708,恒大健-DR,DR,存託憑證
910801,金衛-DR,DR,存託憑證
910861,神州-DR,DR,存託憑證
910948,融達,DR,存託憑證
9110,越南控-DR,DR,存託憑證
911201,僑威控,DR,存託憑證
911602,華豐泰,DR,存託憑證
911606,超級,DR,存託憑證
911608,明輝-DR,DR,存託憑證
911609,揚子江,DR,存託憑證
911610,聯環,DR,存託憑證
911611,中泰山-DR,DR,存託憑證
911612,滬安,DR,存託憑證
911616,杜康-DR,DR,存託憑證
911619,耀傑-DR,DR,存託憑證
911622,泰聚亨-DR,DR,存託憑證
911626,MSH-DR,DR,存託憑證
911868,同方友友-DR,DR,存託憑證
912000,晨訊科-DR,DR,存託憑證
912398,友佳-DR,DR,存託憑證
9136,巨騰-DR,DR,存託憑證
913889,大成糖,DR,存託憑證
9151,旺旺,DR,存託憑證
9157,陽光能源-DR,DR,存託憑證
916665,爾必達,DR,存託憑證
9188,精熙-DR,DR,存託憑證
9801,力霸,COMMON_STOCK,貿易百貨
9802,鈺齊-KY,COMMON_STOCK,其他
9902,台火,COMMON_STOCK,其他
9904,寶成,COMMON_STOCK,其他
9905,大華,COMMON_STOCK,其他
9906,欣巴巴,COMMON_STOCK,建材營造
9908,大台北,COMMON_STOCK,油電燃氣
9910,豐泰,COMMON_STOCK,其他
9911,櫻花,COMMON_STOCK,其他
9912,偉聯,COMMON_STOCK,平面顯示器
9914,美利達,COMMON_STOCK,電動車輛產業
9915,億豐,COMMON_STOCK,其他
9917,中保科,COMMON_STOCK,食品
9918,欣天然,COMMON_STOCK,油電燃氣
9919,康那香,COMMON_STOCK,醫療器材
9921,巨大,COMMON_STOCK,休閒娛樂
9922,優美,COMMON_STOCK,其他
9924,福興,COMMON_STOCK,鋼鐵
9925,新保,COMMON_STOCK,其他
9926,新海,COMMON_STOCK,油電燃氣
9927,泰銘,COMMON_STOCK,其他
9929,秋雨,COMMON_STOCK,其他
9930,中聯資源,COMMON_STOCK,其他
9931,欣高,COMMON_STOCK,油電燃氣
9933,中鼎,COMMON_STOCK,汽電共生
9934,成霖,COMMON_STOCK,其他
9935,慶豐富,COMMON_STOCK,其他
9937,全國,COMMON_STOCK,油電燃氣
9938,百和,COMMON_STOCK,其他
9939,宏全,COMMON_STOCK,石化及塑橡膠
9940,信義,COMMON_STOCK,其他
9941,裕融,COMMON_STOCK,其他
9942,茂順,COMMON_STOCK,汽車
9943,好樂迪,COMMON_STOCK,休閒娛樂
9945,潤泰新,COMMON_STOCK,建材營造
9946,三發地產,COMMON_STOCK,貿易百貨
9955,佳龍,COMMON_STOCK,其他
9958,世紀鋼,COMMON_STOCK,風力發電
Automobile,汽車類指數,INDEX_BENCHMARK,Index
BiotechnologyMedicalCare,生技醫療類指數,INDEX_BENCHMARK,Index
BuildingMaterialConstruction,建材營造類指數,INDEX_BENCHMARK,Index
Cement,水泥類指數,INDEX_BENCHMARK,Index
Chemical,化學類指數,INDEX_BENCHMARK,Index
ChemicalBiotechnologyMedicalCare,化學生技醫療類指數,INDEX_BENCHMARK,Index
CommunicationsInternet,通信網路類指數,INDEX_BENCHMARK,Index
ComputerPeripheralEquipment,電腦及週邊設備類指數,INDEX_BENCHMARK,Index
ElectricMachinery,電機機械類指數,INDEX_BENCHMARK,Index
ElectricalCable,電器電纜類指數,INDEX_BENCHMARK,Index
Electronic,電子類指數,INDEX_BENCHMARK,Index
ElectronicPartsComponents,電子零組件類指數,INDEX_BENCHMARK,Index
ElectronicProductsDistribution,電子通路類指數,INDEX_BENCHMARK,Index
FinancialInsurance,金融保險類指數,INDEX_BENCHMARK,Index
Food,食品類指數,INDEX_BENCHMARK,Index
GlassCeramic,玻璃陶瓷類指數,INDEX_BENCHMARK,Index
InformationService,資訊服務類指數,INDEX_BENCHMARK,Index
IronSteel,鋼鐵類指數,INDEX_BENCHMARK,Index
OilGasElectricity,油電燃氣類指數,INDEX_BENCHMARK,Index
Optoelectronic,光電類指數,INDEX_BENCHMARK,Index
Other,其他類指數,INDEX_BENCHMARK,Index
OtherElectronic,其他電子類指數,INDEX_BENCHMARK,Index
PaperPulp,造紙類指數,INDEX_BENCHMARK,Index
Plastics,塑膠類指數,INDEX_BENCHMARK,Index
Rubber,橡膠類指數,INDEX_BENCHMARK,Index
Semiconductor,半導體類指數,INDEX_BENCHMARK,Index
ShippingTransportation,航運業類指數,INDEX_BENCHMARK,Index
TAIEX,加權指數,INDEX_BENCHMARK,大盤
Textiles,紡織纖維類指數,INDEX_BENCHMARK,Index
Tourism,觀光事業類指數,INDEX_BENCHMARK,Index
TradingConsumersGoods,貿易百貨類指數,INDEX_BENCHMARK,Index
7821,神數,COMMON_STOCK,汽車
00997A,主動群益美國增長,ETF,ETF
